Workbook

Sheet ALL 3
A2: =(E2=F2) -> TRUE | B2: =(F2=G2) -> TRUE | C2: =AND(A2,B2) -> TRUE | E2: =SPMB!A2 -> 44383 | F2: =VMBS!A2 -> 44383 | G2: =MBB!A2 -> 44383 | I2: =SPMB!E2 -> 25.87 | J2: =VMBS!E2 -> 53.44 | K2: =MBB!E2 -> 108.36 | M2: =J2/I2 -> 2.0657132 | N2: =K2/J2 -> 2.0276946 | O2: =K2/I2 -> 4.1886355
A3: =(E3=F3) -> TRUE | B3: =(F3=G3) -> TRUE | C3: =AND(A3,B3) -> TRUE | E3: =SPMB!A3 -> 44384 | F3: =VMBS!A3 -> 44384 | G3: =MBB!A3 -> 44384 | I3: =SPMB!E3 -> 25.88 | J3: =VMBS!E3 -> 53.43 | K3: =MBB!E3 -> 108.37 | M3: =J3/I3 -> 2.0645286 | N3: =K3/J3 -> 2.0282613 | O3: =K3/I3 -> 4.1874034
A4: =(E4=F4) -> TRUE | B4: =(F4=G4) -> TRUE | C4: =AND(A4,B4) -> TRUE | E4: =SPMB!A4 -> 44385 | F4: =VMBS!A4 -> 44385 | G4: =MBB!A4 -> 44385 | I4: =SPMB!E4 -> 25.9 | J4: =VMBS!E4 -> 53.52 | K4: =MBB!E4 -> 108.5 | M4: =J4/I4 -> 2.0664093 | N4: =K4/J4 -> 2.0272795 | O4: =K4/I4 -> 4.1891892
A5: =(E5=F5) -> TRUE | B5: =(F5=G5) -> TRUE | C5: =AND(A5,B5) -> TRUE | E5: =SPMB!A5 -> 44386 | F5: =VMBS!A5 -> 44386 | G5: =MBB!A5 -> 44386 | I5: =SPMB!E5 -> 25.84 | J5: =VMBS!E5 -> 53.43 | K5: =MBB!E5 -> 108.27 | M5: =J5/I5 -> 2.0677245 | N5: =K5/J5 -> 2.0263897 | O5: =K5/I5 -> 4.1900155
A6: =(E6=F6) -> TRUE | B6: =(F6=G6) -> TRUE | C6: =AND(A6,B6) -> TRUE | E6: =SPMB!A6 -> 44389 | F6: =VMBS!A6 -> 44389 | G6: =MBB!A6 -> 44389 | I6: =SPMB!E6 -> 25.82 | J6: =VMBS!E6 -> 53.45 | K6: =MBB!E6 -> 108.28 | M6: =J6/I6 -> 2.0701007 | N6: =K6/J6 -> 2.0258185 | O6: =K6/I6 -> 4.1936483
A7: =(E7=F7) -> TRUE | B7: =(F7=G7) -> TRUE | C7: =AND(A7,B7) -> TRUE | E7: =SPMB!A7 -> 44390 | F7: =VMBS!A7 -> 44390 | G7: =MBB!A7 -> 44390 | I7: =SPMB!E7 -> 25.79 | J7: =VMBS!E7 -> 53.34 | K7: =MBB!E7 -> 108.17 | M7: =J7/I7 -> 2.0682435 | N7: =K7/J7 -> 2.027934 | O7: =K7/I7 -> 4.1942613
A8: =(E8=F8) -> TRUE | B8: =(F8=G8) -> TRUE | C8: =AND(A8,B8) -> TRUE | E8: =SPMB!A8 -> 44391 | F8: =VMBS!A8 -> 44391 | G8: =MBB!A8 -> 44391 | I8: =SPMB!E8 -> 25.85 | J8: =VMBS!E8 -> 53.41 | K8: =MBB!E8 -> 108.4 | M8: =J8/I8 -> 2.0661509 | N8: =K8/J8 -> 2.0295825 | O8: =K8/I8 -> 4.1934236
A9: =(E9=F9) -> TRUE | B9: =(F9=G9) -> TRUE | C9: =AND(A9,B9) -> TRUE | E9: =SPMB!A9 -> 44392 | F9: =VMBS!A9 -> 44392 | G9: =MBB!A9 -> 44392 | I9: =SPMB!E9 -> 25.87 | J9: =VMBS!E9 -> 53.45 | K9: =MBB!E9 -> 108.49 | M9: =J9/I9 -> 2.0660997 | N9: =K9/J9 -> 2.0297474 | O9: =K9/I9 -> 4.1936606
A10: =(E10=F10) -> TRUE | B10: =(F10=G10) -> TRUE | C10: =AND(A10,B10) -> TRUE | E10: =SPMB!A10 -> 44393 | F10: =VMBS!A10 -> 44393 | G10: =MBB!A10 -> 44393 | I10: =SPMB!E10 -> 25.83 | J10: =VMBS!E10 -> 53.39 | K10: =MBB!E10 -> 108.45 | M10: =J10/I10 -> 2.0669764 | N10: =K10/J10 -> 2.0312793 | O10: =K10/I10 -> 4.1986063
A11: =(E11=F11) -> TRUE | B11: =(F11=G11) -> TRUE | C11: =AND(A11,B11) -> TRUE | E11: =SPMB!A11 -> 44396 | F11: =VMBS!A11 -> 44396 | G11: =MBB!A11 -> 44396 | I11: =SPMB!E11 -> 25.91 | J11: =VMBS!E11 -> 53.52 | K11: =MBB!E11 -> 108.62 | M11: =J11/I11 -> 2.0656117 | N11: =K11/J11 -> 2.0295217 | O11: =K11/I11 -> 4.1922038
A12: =(E12=F12) -> TRUE | B12: =(F12=G12) -> TRUE | C12: =AND(A12,B12) -> TRUE | E12: =SPMB!A12 -> 44397 | F12: =VMBS!A12 -> 44397 | G12: =MBB!A12 -> 44397 | I12: =SPMB!E12 -> 25.91 | J12: =VMBS!E12 -> 53.54 | K12: =MBB!E12 -> 108.56 | M12: =J12/I12 -> 2.0663836 | N12: =K12/J12 -> 2.0276429 | O12: =K12/I12 -> 4.1898881
A13: =(E13=F13) -> TRUE | B13: =(F13=G13) -> TRUE | C13: =AND(A13,B13) -> TRUE | E13: =SPMB!A13 -> 44398 | F13: =VMBS!A13 -> 44398 | G13: =MBB!A13 -> 44398 | I13: =SPMB!E13 -> 25.87 | J13: =VMBS!E13 -> 53.41 | K13: =MBB!E13 -> 108.37 | M13: =J13/I13 -> 2.0645535 | N13: =K13/J13 -> 2.0290208 | O13: =K13/I13 -> 4.189022
... A1255: =(E1255=F1255) -> TRUE | B1255: =(F1255=G1255) -> TRUE | C1255: =AND(A1255,B1255) -> TRUE | E1255: =SPMB!A1255 -> 46205 | F1255: =VMBS!A1255 -> 46205 | G1255: =MBB!A1255 -> 46205 | I1255: =SPMB!E1255 -> 22.2 | J1255: =VMBS!E1255 -> 46.61 | K1255: =MBB!E1255 -> 94.13 | M1255: =J1255/I1255 -> 2.0995495 | N1255: =K1255/J1255 -> 2.0195237 | O1255: =K1255/I1255 -> 4.2400901

Sheet ALL 3 2024+
Q1: 20 | U1: 40 | Y1: 60 | AC1: 120 | AH1: 240
A2: TRUE | B2: TRUE | C2: TRUE | E2: 45293 | F2: 45293 | G2: 45293 | I2: 21.94 | J2: 46.1 | K2: 93.53 | M2: =J2/I2 -> 2.1011851 | N2: =K2/J2 -> 2.0288503 | O2: =K2/I2 -> 4.26299
A3: TRUE | B3: TRUE | C3: TRUE | E3: 45294 | F3: 45294 | G3: 45294 | I3: 21.97 | J3: 46.12 | K3: 93.65 | M3: =J3/I3 -> 2.0992262 | N3: =K3/J3 -> 2.0305724 | O3: =K3/I3 -> 4.2626309
A4: TRUE | B4: TRUE | C4: TRUE | E4: 45295 | F4: 45295 | G4: 45295 | I4: 21.82 | J4: 45.84 | K4: 93.14 | M4: =J4/I4 -> 2.1008249 | N4: =K4/J4 -> 2.0318499 | O4: =K4/I4 -> 4.268561
A5: TRUE | B5: TRUE | C5: TRUE | E5: 45296 | F5: 45296 | G5: 45296 | I5: 21.8 | J5: 45.77 | K5: 92.97 | M5: =J5/I5 -> 2.0995413 | N5: =K5/J5 -> 2.0312432 | O5: =K5/I5 -> 4.2646789
A6: TRUE | B6: TRUE | C6: TRUE | E6: 45299 | F6: 45299 | G6: 45299 | I6: 21.9 | J6: 46.01 | K6: 93.4 | M6: =J6/I6 -> 2.1009132 | N6: =K6/J6 -> 2.0299935 | O6: =K6/I6 -> 4.2648402
A7: TRUE | B7: TRUE | C7: TRUE | E7: 45300 | F7: 45300 | G7: 45300 | I7: 21.89 | J7: 45.97 | K7: 93.25 | M7: =J7/I7 -> 2.1000457 | N7: =K7/J7 -> 2.0284968 | O7: =K7/I7 -> 4.259936
A8: TRUE | B8: TRUE | C8: TRUE | E8: 45301 | F8: 45301 | G8: 45301 | I8: 21.88 | J8: 45.91 | K8: 93.2 | M8: =J8/I8 -> 2.0982633 | N8: =K8/J8 -> 2.0300588 | O8: =K8/I8 -> 4.2595978
A9: TRUE | B9: TRUE | C9: TRUE | E9: 45302 | F9: 45302 | G9: 45302 | I9: 22 | J9: 46.19 | K9: 93.85 | M9: =J9/I9 -> 2.0995455 | N9: =K9/J9 -> 2.0318251 | O9: =K9/I9 -> 4.2659091
A10: TRUE | B10: TRUE | C10: TRUE | E10: 45303 | F10: 45303 | G10: 45303 | I10: 22.04 | J10: 46.29 | K10: 93.98 | M10: =J10/I10 -> 2.1002722 | N10: =K10/J10 -> 2.0302441 | O10: =K10/I10 -> 4.2640653
A11: TRUE | B11: TRUE | C11: TRUE | E11: 45307 | F11: 45307 | G11: 45307 | I11: 21.85 | J11: 45.9 | K11: 93.15 | M11: =J11/I11 -> 2.1006865 | N11: =K11/J11 -> 2.0294118 | O11: =K11/I11 -> 4.2631579
A12: TRUE | B12: TRUE | C12: TRUE | E12: 45308 | F12: 45308 | G12: 45308 | I12: 21.75 | J12: 45.7 | K12: 92.85 | M12: =J12/I12 -> 2.1011494 | N12: =K12/J12 -> 2.0317287 | O12: =K12/I12 -> 4.2689655
A13: TRUE | B13: TRUE | C13: TRUE | E13: 45309 | F13: 45309 | G13: 45309 | I13: 21.75 | J13: 45.68 | K13: 92.72 | M13: =J13/I13 -> 2.1002299 | N13: =K13/J13 -> 2.0297723 | O13: =K13/I13 -> 4.2629885
... A21: TRUE | B21: TRUE | C21: TRUE | E21: 45321 | F21: 45321 | G21: 45321 | I21: 21.9 | J21: 45.99 | K21: 93.31 | M21: =J21/I21 -> 2.1 | N21: =K21/J21 -> 2.0289193 | O21: =K21/I21 -> 4.2607306
A22: TRUE | B22: TRUE | C22: TRUE | E22: 45322 | F22: 45322 | G22: 45322 | I22: 22.02 | J22: 46.19 | K22: 93.8 | M22: =J22/I22 -> 2.0976385 | N22: =K22/J22 -> 2.0307426 | O22: =K22/I22 -> 4.2597639 | Q22: =AVERAGE(M2:M21) -> 2.1002112 | R22: =AVERAGE(N2:N21) -> 2.0298904 | S22: =AVERAGE(O2:O21) -> 4.2631984
A23: TRUE | B23: TRUE | C23: TRUE | E23: 45323 | F23: 45323 | G23: 45323 | I23: 22.04 | J23: 46.29 | K23: 93.95 | M23: =J23/I23 -> 2.1002722 | N23: =K23/J23 -> 2.029596 | O23: =K23/I23 -> 4.2627042 | Q23: =AVERAGE(M3:M22) -> 2.1000338 | R23: =AVERAGE(N3:N22) -> 2.029985 | S23: =AVERAGE(O3:O22) -> 4.2630371
A24: TRUE | B24: TRUE | C24: TRUE | E24: 45324 | F24: 45324 | G24: 45324 | I24: 21.82 | J24: 45.81 | K24: 93.02 | M24: =J24/I24 -> 2.09945 | N24: =K24/J24 -> 2.030561 | O24: =K24/I24 -> 4.2630614 | Q24: =AVERAGE(M4:M23) -> 2.1000861 | R24: =AVERAGE(N4:N23) -> 2.0299362 | S24: =AVERAGE(O4:O23) -> 4.2630408
A25: TRUE | B25: TRUE | C25: TRUE | E25: 45327 | F25: 45327 | G25: 45327 | I25: 21.63 | J25: 45.42 | K25: 92.24 | M25: =J25/I25 -> 2.0998613 | N25: =K25/J25 -> 2.0308234 | O25: =K25/I25 -> 4.2644475 | Q25: =AVERAGE(M5:M24) -> 2.1000174 | R25: =AVERAGE(N5:N24) -> 2.0298718 | S25: =AVERAGE(O5:O24) -> 4.2627658
A26: TRUE | B26: TRUE | C26: TRUE | E26: 45328 | F26: 45328 | G26: 45328 | I26: 21.78 | J26: 45.67 | K26: 92.71 | M26: =J26/I26 -> 2.0968779 | N26: =K26/J26 -> 2.0299978 | O26: =K26/I26 -> 4.2566575 | Q26: =AVERAGE(M6:M25) -> 2.1000334 | R26: =AVERAGE(N6:N25) -> 2.0298508 | S26: =AVERAGE(O6:O25) -> 4.2627542
A27: TRUE | B27: TRUE | C27: TRUE | E27: 45329 | F27: 45329 | G27: 45329 | I27: 21.69 | J27: 45.55 | K27: 92.42 | M27: =J27/I27 -> 2.1000461 | N27: =K27/J27 -> 2.0289791 | O27: =K27/I27 -> 4.2609497 | Q27: =AVERAGE(M7:M26) -> 2.0998316 | R27: =AVERAGE(N7:N26) -> 2.029851 | S27: =AVERAGE(O7:O26) -> 4.2623451
A28: TRUE | B28: TRUE | C28: TRUE | E28: 45330 | F28: 45330 | G28: 45330 | I28: 21.66 | J28: 45.47 | K28: 92.24 | M28: =J28/I28 -> 2.0992613 | N28: =K28/J28 -> 2.0285903 | O28: =K28/I28 -> 4.2585411 | Q28: =AVERAGE(M8:M27) -> 2.0998316 | R28: =AVERAGE(N8:N27) -> 2.0298751 | S28: =AVERAGE(O8:O27) -> 4.2623958
A29: TRUE | B29: TRUE | C29: TRUE | E29: 45331 | F29: 45331 | G29: 45331 | I29: 21.63 | J29: 45.47 | K29: 92.18 | M29: =J29/I29 -> 2.1021729 | N29: =K29/J29 -> 2.0272707 | O29: =K29/I29 -> 4.2616736 | Q29: =AVERAGE(M9:M28) -> 2.0998815 | R29: =AVERAGE(N9:N28) -> 2.0298017 | S29: =AVERAGE(O9:O28) -> 4.262343
A30: TRUE | B30: TRUE | C30: TRUE | E30: 45334 | F30: 45334 | G30: 45334 | I30: 21.63 | J30: 45.44 | K30: 92.16 | M30: =J30/I30 -> 2.1007859 | N30: =K30/J30 -> 2.028169 | O30: =K30/I30 -> 4.260749 | Q30: =AVERAGE(M10:M29) -> 2.1000129 | R30: =AVERAGE(N10:N29) -> 2.029574 | S30: =AVERAGE(O10:O29) -> 4.2621312
A31: TRUE | B31: TRUE | C31: TRUE | E31: 45335 | F31: 45335 | G31: 45335 | I31: 21.42 | J31: 44.98 | K31: 91.2 | M31: =J31/I31 -> 2.0999066 | N31: =K31/J31 -> 2.0275678 | O31: =K31/I31 -> 4.2577031 | Q31: =AVERAGE(M11:M30) -> 2.1000386 | R31: =AVERAGE(N11:N30) -> 2.0294702 | S31: =AVERAGE(O11:O30) -> 4.2619654
A32: TRUE | B32: TRUE | C32: TRUE | E32: 45336 | F32: 45336 | G32: 45336 | I32: 21.52 | J32: 45.25 | K32: 91.77 | M32: =J32/I32 -> 2.1026952 | N32: =K32/J32 -> 2.0280663 | O32: =K32/I32 -> 4.2644052 | Q32: =AVERAGE(M12:M31) -> 2.0999996 | R32: =AVERAGE(N12:N31) -> 2.029378 | S32: =AVERAGE(O12:O31) -> 4.2616926
A33: TRUE | B33: TRUE | C33: TRUE | E33: 45337 | F33: 45337 | G33: 45337 | I33: 21.62 | J33: 45.41 | K33: 92.05 | M33: =J33/I33 -> 2.10037 | N33: =K33/J33 -> 2.0270865 | O33: =K33/I33 -> 4.2576318 | Q33: =AVERAGE(M13:M32) -> 2.1000769 | R33: =AVERAGE(N13:N32) -> 2.0291949 | S33: =AVERAGE(O13:O32) -> 4.2614646
... A41: TRUE | B41: TRUE | C41: TRUE | E41: 45350 | F41: 45350 | G41: 45350 | I41: 21.51 | J41: 45.26 | K41: 91.74 | M41: =J41/I41 -> 2.1041376 | N41: =K41/J41 -> 2.0269554 | O41: =K41/I41 -> 4.264993 | Q41: =AVERAGE(M21:M40) -> 2.1009641 | R41: =AVERAGE(N21:N40) -> 2.0284293 | S41: =AVERAGE(O21:O40) -> 4.2616551
A42: TRUE | B42: TRUE | C42: TRUE | E42: 45351 | F42: 45351 | G42: 45351 | I42: 21.56 | J42: 45.34 | K42: 91.91 | M42: =J42/I42 -> 2.1029685 | N42: =K42/J42 -> 2.0271284 | O42: =K42/I42 -> 4.262987 | Q42: =AVERAGE(M22:M41) -> 2.101171 | R42: =AVERAGE(N22:N41) -> 2.0283311 | S42: =AVERAGE(O22:O41) -> 4.2618682 | U42: =AVERAGE(M2:M41) -> 2.1006911 | V42: =AVERAGE(N2:N41) -> 2.0291107 | W42: =AVERAGE(O2:O41) -> 4.2625333
A43: TRUE | B43: TRUE | C43: TRUE | E43: 45352 | F43: 45352 | G43: 45352 | I43: 21.58 | J43: 45.39 | K43: 92.06 | M43: =J43/I43 -> 2.1033364 | N43: =K43/J43 -> 2.0282 | O43: =K43/I43 -> 4.265987 | Q43: =AVERAGE(M23:M42) -> 2.1014375 | R43: =AVERAGE(N23:N42) -> 2.0281503 | S43: =AVERAGE(O23:O42) -> 4.2620294 | U43: =AVERAGE(M3:M42) -> 2.1007357 | V43: =AVERAGE(N3:N42) -> 2.0290677 | W43: =AVERAGE(O3:O42) -> 4.2625333
A44: TRUE | B44: TRUE | C44: TRUE | E44: 45355 | F44: 45355 | G44: 45355 | I44: 21.52 | J44: 45.24 | K44: 91.78 | M44: =J44/I44 -> 2.1022305 | N44: =K44/J44 -> 2.0287356 | O44: =K44/I44 -> 4.2648699 | Q44: =AVERAGE(M24:M43) -> 2.1015907 | R44: =AVERAGE(N24:N43) -> 2.0280805 | S44: =AVERAGE(O24:O43) -> 4.2621935 | U44: =AVERAGE(M4:M43) -> 2.1008384 | V44: =AVERAGE(N4:N43) -> 2.0290084 | W44: =AVERAGE(O4:O43) -> 4.2626172
A45: TRUE | B45: TRUE | C45: TRUE | E45: 45356 | F45: 45356 | G45: 45356 | I45: 21.68 | J45: 45.58 | K45: 92.45 | M45: =J45/I45 -> 2.1023985 | N45: =K45/J45 -> 2.0283019 | O45: =K45/I45 -> 4.2642989 | Q45: =AVERAGE(M25:M44) -> 2.1017297 | R45: =AVERAGE(N25:N44) -> 2.0279893 | S45: =AVERAGE(O25:O44) -> 4.262284 | U45: =AVERAGE(M5:M44) -> 2.1008736 | V45: =AVERAGE(N5:N44) -> 2.0289305 | W45: =AVERAGE(O5:O44) -> 4.2625249
A46: TRUE | B46: TRUE | C46: TRUE | E46: 45357 | F46: 45357 | G46: 45357 | I46: 21.71 | J46: 45.62 | K46: 92.6 | M46: =J46/I46 -> 2.1013358 | N46: =K46/J46 -> 2.0298115 | O46: =K46/I46 -> 4.2653155 | Q46: =AVERAGE(M26:M45) -> 2.1018566 | R46: =AVERAGE(N26:N45) -> 2.0278632 | S46: =AVERAGE(O26:O45) -> 4.2622765 | U46: =AVERAGE(M6:M45) -> 2.100945 | V46: =AVERAGE(N6:N45) -> 2.028857 | W46: =AVERAGE(O6:O45) -> 4.2625154
A47: TRUE | B47: TRUE | C47: TRUE | E47: 45358 | F47: 45358 | G47: 45358 | I47: 21.76 | J47: 45.72 | K47: 92.77 | M47: =J47/I47 -> 2.1011029 | N47: =K47/J47 -> 2.0290901 | O47: =K47/I47 -> 4.2633272 | Q47: =AVERAGE(M27:M46) -> 2.1020795 | R47: =AVERAGE(N27:N46) -> 2.0278539 | S47: =AVERAGE(O27:O46) -> 4.2627094 | U47: =AVERAGE(M7:M46) -> 2.1009556 | V47: =AVERAGE(N7:N46) -> 2.0288524 | W47: =AVERAGE(O7:O46) -> 4.2625273
A48: TRUE | B48: TRUE | C48: TRUE | E48: 45359 | F48: 45359 | G48: 45359 | I48: 21.81 | J48: 45.79 | K48: 92.93 | M48: =J48/I48 -> 2.0994956 | N48: =K48/J48 -> 2.0294824 | O48: =K48/I48 -> 4.2608895 | Q48: =AVERAGE(M28:M47) -> 2.1021323 | R48: =AVERAGE(N28:N47) -> 2.0278594 | S48: =AVERAGE(O28:O47) -> 4.2628283 | U48: =AVERAGE(M8:M47) -> 2.100982 | V48: =AVERAGE(N8:N47) -> 2.0288673 | W48: =AVERAGE(O8:O47) -> 4.262612
A49: TRUE | B49: TRUE | C49: TRUE | E49: 45362 | F49: 45362 | G49: 45362 | I49: 21.78 | J49: 45.75 | K49: 92.85 | M49: =J49/I49 -> 2.100551 | N49: =K49/J49 -> 2.0295082 | O49: =K49/I49 -> 4.2630854 | Q49: =AVERAGE(M29:M48) -> 2.1021441 | R49: =AVERAGE(N29:N48) -> 2.027904 | S49: =AVERAGE(O29:O48) -> 4.2629457 | U49: =AVERAGE(M9:M48) -> 2.1010128 | V49: =AVERAGE(N9:N48) -> 2.0288529 | W49: =AVERAGE(O9:O48) -> 4.2626443
A50: TRUE | B50: TRUE | C50: TRUE | E50: 45363 | F50: 45363 | G50: 45363 | I50: 21.74 | J50: 45.64 | K50: 92.56 | M50: =J50/I50 -> 2.099356 | N50: =K50/J50 -> 2.0280456 | O50: =K50/I50 -> 4.2575897 | Q50: =AVERAGE(M30:M49) -> 2.102063 | R50: =AVERAGE(N30:N49) -> 2.0280159 | S50: =AVERAGE(O30:O49) -> 4.2630163 | U50: =AVERAGE(M10:M49) -> 2.1010379 | V50: =AVERAGE(N10:N49) -> 2.0287949 | W50: =AVERAGE(O10:O49) -> 4.2625737
A51: TRUE | B51: TRUE | C51: TRUE | E51: 45364 | F51: 45364 | G51: 45364 | I51: 21.71 | J51: 45.59 | K51: 92.45 | M51: =J51/I51 -> 2.0999539 | N51: =K51/J51 -> 2.027857 | O51: =K51/I51 -> 4.2584063 | Q51: =AVERAGE(M31:M50) -> 2.1019915 | R51: =AVERAGE(N31:N50) -> 2.0280097 | S51: =AVERAGE(O31:O50) -> 4.2628584 | U51: =AVERAGE(M11:M50) -> 2.101015 | V51: =AVERAGE(N11:N50) -> 2.02874 | W51: =AVERAGE(O11:O50) -> 4.2624119
A52: TRUE | B52: TRUE | C52: TRUE | E52: 45365 | F52: 45365 | G52: 45365 | I52: 21.56 | J52: 45.24 | K52: 91.73 | M52: =J52/I52 -> 2.0983302 | N52: =K52/J52 -> 2.0276304 | O52: =K52/I52 -> 4.2546382 | Q52: =AVERAGE(M32:M51) -> 2.1019938 | R52: =AVERAGE(N32:N51) -> 2.0280242 | S52: =AVERAGE(O32:O51) -> 4.2628935 | U52: =AVERAGE(M12:M51) -> 2.1009967 | V52: =AVERAGE(N12:N51) -> 2.0287011 | W52: =AVERAGE(O12:O51) -> 4.2622931
A53: TRUE | B53: TRUE | C53: TRUE | E53: 45366 | F53: 45366 | G53: 45366 | I53: 21.51 | J53: 45.22 | K53: 91.67 | M53: =J53/I53 -> 2.102278 | N53: =K53/J53 -> 2.0272004 | O53: =K53/I53 -> 4.2617387 | Q53: =AVERAGE(M33:M52) -> 2.1017756 | R53: =AVERAGE(N33:N52) -> 2.0280024 | S53: =AVERAGE(O33:O52) -> 4.2624052 | U53: =AVERAGE(M13:M52) -> 2.1009262 | V53: =AVERAGE(N13:N52) -> 2.0285987 | W53: =AVERAGE(O13:O52) -> 4.2619349
... A60: TRUE | B60: TRUE | C60: TRUE | E60: 45377 | F60: 45377 | G60: 45377 | I60: 21.71 | J60: 45.66 | K60: 92.5 | M60: =J60/I60 -> 2.1031783 | N60: =K60/J60 -> 2.0258432 | O60: =K60/I60 -> 4.2607094 | Q60: =AVERAGE(M40:M59) -> 2.1015179 | R60: =AVERAGE(N40:N59) -> 2.028007 | S60: =AVERAGE(O40:O59) -> 4.2618927 | U60: =AVERAGE(M20:M59) -> 2.1012401 | V60: =AVERAGE(N20:N59) -> 2.0282377 | W60: =AVERAGE(O20:O59) -> 4.2618131
A61: TRUE | B61: TRUE | C61: TRUE | E61: 45378 | F61: 45378 | G61: 45378 | I61: 21.77 | J61: 45.75 | K61: 92.68 | M61: =J61/I61 -> 2.1015158 | N61: =K61/J61 -> 2.0257923 | O61: =K61/I61 -> 4.2572347 | Q61: =AVERAGE(M41:M60) -> 2.1015719 | R61: =AVERAGE(N41:N60) -> 2.0278687 | S61: =AVERAGE(O41:O60) -> 4.2617114 | U61: =AVERAGE(M21:M60) -> 2.101268 | V61: =AVERAGE(N21:N60) -> 2.028149 | W61: =AVERAGE(O21:O60) -> 4.2616833 | Y61: =AVERAGE(M2:M61) -> 2.100941 | Z61: =AVERAGE(N2:N61) -> 2.0286773 | AA61: =AVERAGE(O2:O61) -> 4.26213
A62: TRUE | B62: TRUE | C62: TRUE | E62: 45379 | F62: 45379 | G62: 45379 | I62: 21.72 | J62: 45.61 | K62: 92.42 | M62: =J62/I62 -> 2.0999079 | N62: =K62/J62 -> 2.02631 | O62: =K62/I62 -> 4.2550645 | Q62: =AVERAGE(M42:M61) -> 2.1014408 | R62: =AVERAGE(N42:N61) -> 2.0278105 | S62: =AVERAGE(O42:O61) -> 4.2613235 | U62: =AVERAGE(M22:M61) -> 2.1013059 | V62: =AVERAGE(N22:N61) -> 2.0280708 | W62: =AVERAGE(O22:O61) -> 4.2615959 | Y62: =AVERAGE(M3:M62) -> 2.1009197 | Z62: =AVERAGE(N3:N62) -> 2.028635 | AA62: =AVERAGE(O3:O62) -> 4.261998
A63: TRUE | B63: TRUE | C63: TRUE | E63: 45383 | F63: 45383 | G63: 45383 | I63: 21.5 | J63: 45.2 | K63: 91.57 | M63: =J63/I63 -> 2.1023256 | N63: =K63/J63 -> 2.025885 | O63: =K63/I63 -> 4.2590698 | Q63: =AVERAGE(M43:M62) -> 2.1012878 | R63: =AVERAGE(N43:N62) -> 2.0277696 | S63: =AVERAGE(O43:O62) -> 4.2609274 | U63: =AVERAGE(M23:M62) -> 2.1013627 | V63: =AVERAGE(N23:N62) -> 2.02796 | W63: =AVERAGE(O23:O62) -> 4.2614784 | Y63: =AVERAGE(M4:M63) -> 2.1009714 | Z63: =AVERAGE(N4:N63) -> 2.0285569 | AA63: =AVERAGE(O4:O63) -> 4.2619386
A64: TRUE | B64: TRUE | C64: TRUE | E64: 45384 | F64: 45384 | G64: 45384 | I64: 21.48 | J64: 45.16 | K64: 91.51 | M64: =J64/I64 -> 2.1024209 | N64: =K64/J64 -> 2.0263508 | O64: =K64/I64 -> 4.2602421 | Q64: =AVERAGE(M44:M63) -> 2.1012373 | R64: =AVERAGE(N44:N63) -> 2.0276539 | S64: =AVERAGE(O44:O63) -> 4.2605815 | U64: =AVERAGE(M24:M63) -> 2.101414 | V64: =AVERAGE(N24:N63) -> 2.0278672 | W64: =AVERAGE(O24:O63) -> 4.2613875 | Y64: =AVERAGE(M5:M64) -> 2.100998 | Z64: =AVERAGE(N5:N64) -> 2.0284652 | AA64: =AVERAGE(O5:O64) -> 4.2618
A65: TRUE | B65: TRUE | C65: TRUE | E65: 45385 | F65: 45385 | G65: 45385 | I65: 21.49 | J65: 45.16 | K65: 91.53 | M65: =J65/I65 -> 2.1014425 | N65: =K65/J65 -> 2.0267936 | O65: =K65/I65 -> 4.2591903 | Q65: =AVERAGE(M45:M64) -> 2.1012468 | R65: =AVERAGE(N45:N64) -> 2.0275346 | S65: =AVERAGE(O45:O64) -> 4.2603501 | U65: =AVERAGE(M25:M64) -> 2.1014883 | V65: =AVERAGE(N25:N64) -> 2.0277619 | W65: =AVERAGE(O25:O64) -> 4.261317 | Y65: =AVERAGE(M6:M65) -> 2.1010297 | Z65: =AVERAGE(N6:N65) -> 2.0283911 | AA65: =AVERAGE(O6:O65) -> 4.2617085
A66: TRUE | B66: TRUE | C66: TRUE | E66: 45386 | F66: 45386 | G66: 45386 | I66: 21.56 | J66: 45.26 | K66: 91.77 | M66: =J66/I66 -> 2.0992579 | N66: =K66/J66 -> 2.0276182 | O66: =K66/I66 -> 4.2564935 | Q66: =AVERAGE(M46:M65) -> 2.101199 | R66: =AVERAGE(N46:N65) -> 2.0274592 | S66: =AVERAGE(O46:O65) -> 4.2600947 | U66: =AVERAGE(M26:M65) -> 2.1015278 | V66: =AVERAGE(N26:N65) -> 2.0276612 | W66: =AVERAGE(O26:O65) -> 4.2611856 | Y66: =AVERAGE(M7:M66) -> 2.1010021 | Z66: =AVERAGE(N7:N66) -> 2.0283515 | AA66: =AVERAGE(O7:O66) -> 4.2615694
A67: TRUE | B67: TRUE | C67: TRUE | E67: 45387 | F67: 45387 | G67: 45387 | I67: 21.42 | J67: 44.97 | K67: 91.16 | M67: =J67/I67 -> 2.0994398 | N67: =K67/J67 -> 2.0271292 | O67: =K67/I67 -> 4.2558357 | Q67: =AVERAGE(M47:M66) -> 2.1010951 | R67: =AVERAGE(N47:N66) -> 2.0273495 | S67: =AVERAGE(O47:O66) -> 4.2596536 | U67: =AVERAGE(M27:M66) -> 2.1015873 | V67: =AVERAGE(N27:N66) -> 2.0276017 | W67: =AVERAGE(O27:O66) -> 4.2611815 | Y67: =AVERAGE(M8:M67) -> 2.100992 | Z67: =AVERAGE(N8:N67) -> 2.0283287 | AA67: =AVERAGE(O8:O67) -> 4.261501
A68: TRUE | B68: TRUE | C68: TRUE | E68: 45390 | F68: 45390 | G68: 45390 | I68: 21.41 | J68: 44.93 | K68: 91.06 | M68: =J68/I68 -> 2.0985521 | N68: =K68/J68 -> 2.0267082 | O68: =K68/I68 -> 4.2531527 | Q68: =AVERAGE(M48:M67) -> 2.1010119 | R68: =AVERAGE(N48:N67) -> 2.0272515 | S68: =AVERAGE(O48:O67) -> 4.259279 | U68: =AVERAGE(M28:M67) -> 2.1015721 | V68: =AVERAGE(N28:N67) -> 2.0275555 | W68: =AVERAGE(O28:O67) -> 4.2610537 | Y68: =AVERAGE(M9:M68) -> 2.1009968 | Z68: =AVERAGE(N9:N68) -> 2.0282728 | AA68: =AVERAGE(O9:O68) -> 4.2613936
A69: TRUE | B69: TRUE | C69: TRUE | E69: 45391 | F69: 45391 | G69: 45391 | I69: 21.48 | J69: 45.12 | K69: 91.46 | M69: =J69/I69 -> 2.1005587 | N69: =K69/J69 -> 2.027039 | O69: =K69/I69 -> 4.2579143 | Q69: =AVERAGE(M49:M68) -> 2.1009648 | R69: =AVERAGE(N49:N68) -> 2.0271128 | S69: =AVERAGE(O49:O68) -> 4.2588922 | U69: =AVERAGE(M29:M68) -> 2.1015544 | V69: =AVERAGE(N29:N68) -> 2.0275084 | W69: =AVERAGE(O29:O68) -> 4.2609189 | Y69: =AVERAGE(M10:M69) -> 2.1010137 | Z69: =AVERAGE(N10:N69) -> 2.0281931 | AA69: =AVERAGE(O10:O69) -> 4.2612604
A70: TRUE | B70: TRUE | C70: TRUE | E70: 45392 | F70: 45392 | G70: 45392 | I70: 21.17 | J70: 44.48 | K70: 90.1 | M70: =J70/I70 -> 2.1010864 | N70: =K70/J70 -> 2.0256295 | O70: =K70/I70 -> 4.2560227 | Q70: =AVERAGE(M50:M69) -> 2.1009652 | R70: =AVERAGE(N50:N69) -> 2.0269893 | S70: =AVERAGE(O50:O69) -> 4.2586336 | U70: =AVERAGE(M30:M69) -> 2.1015141 | V70: =AVERAGE(N30:N69) -> 2.0275026 | W70: =AVERAGE(O30:O69) -> 4.260825 | Y70: =AVERAGE(M11:M70) -> 2.1010272 | Z70: =AVERAGE(N11:N70) -> 2.0281162 | AA70: =AVERAGE(O11:O70) -> 4.2611263
A71: TRUE | B71: TRUE | C71: TRUE | E71: 45393 | F71: 45393 | G71: 45393 | I71: 21.17 | J71: 44.54 | K71: 90.16 | M71: =J71/I71 -> 2.1039206 | N71: =K71/J71 -> 2.0242479 | O71: =K71/I71 -> 4.2588569 | Q71: =AVERAGE(M51:M70) -> 2.1010517 | R71: =AVERAGE(N51:N70) -> 2.0268685 | S71: =AVERAGE(O51:O70) -> 4.2585553 | U71: =AVERAGE(M31:M70) -> 2.1015216 | V71: =AVERAGE(N31:N70) -> 2.0274391 | W71: =AVERAGE(O31:O70) -> 4.2607068 | Y71: =AVERAGE(M12:M71) -> 2.1010812 | Z71: =AVERAGE(N12:N71) -> 2.0280301 | AA71: =AVERAGE(O12:O71) -> 4.2610546
A72: TRUE | B72: TRUE | C72: TRUE | E72: 45394 | F72: 45394 | G72: 45394 | I72: 21.25 | J72: 44.65 | K72: 90.49 | M72: =J72/I72 -> 2.1011765 | N72: =K72/J72 -> 2.0266517 | O72: =K72/I72 -> 4.2583529 | Q72: =AVERAGE(M52:M71) -> 2.10125 | R72: =AVERAGE(N52:N71) -> 2.0266881 | S72: =AVERAGE(O52:O71) -> 4.2585778 | U72: =AVERAGE(M32:M71) -> 2.1016219 | V72: =AVERAGE(N32:N71) -> 2.0273561 | W72: =AVERAGE(O32:O71) -> 4.2607356 | Y72: =AVERAGE(M13:M72) -> 2.1010816 | Z72: =AVERAGE(N13:N72) -> 2.0279455 | AA72: =AVERAGE(O13:O72) -> 4.2608778
... A120: TRUE | B120: TRUE | C120: TRUE | E120: 45464 | F120: 45464 | G120: 45464 | I120: 21.73 | J120: 45.75 | K120: 92.55 | M120: =J120/I120 -> 2.1053843 | N120: =K120/J120 -> 2.0229508 | O120: =K120/I120 -> 4.2590888 | Q120: =AVERAGE(M100:M119) -> 2.1036273 | R120: =AVERAGE(N100:N119) -> 2.0247763 | S120: =AVERAGE(O100:O119) -> 4.2593736 | U120: =AVERAGE(M80:M119) -> 2.1038224 | V120: =AVERAGE(N80:N119) -> 2.0249506 | W120: =AVERAGE(O80:O119) -> 4.2601353 | Y120: =AVERAGE(M61:M120) -> 2.1033771 | Z120: =AVERAGE(N61:N120) -> 2.025153 | AA120: =AVERAGE(O61:O120) -> 4.2596589
A121: TRUE | B121: TRUE | C121: TRUE | E121: 45467 | F121: 45467 | G121: 45467 | I121: 21.74 | J121: 45.71 | K121: 92.58 | M121: =J121/I121 -> 2.1025759 | N121: =K121/J121 -> 2.0253774 | O121: =K121/I121 -> 4.2585097 | Q121: =AVERAGE(M101:M120) -> 2.1036211 | R121: =AVERAGE(N101:N120) -> 2.0247487 | S121: =AVERAGE(O101:O120) -> 4.2593028 | U121: =AVERAGE(M81:M120) -> 2.1038111 | V121: =AVERAGE(N81:N120) -> 2.0249158 | W121: =AVERAGE(O81:O120) -> 4.2600392 | Y121: =AVERAGE(M62:M121) -> 2.1033948 | Z121: =AVERAGE(N62:N121) -> 2.0251461 | AA121: =AVERAGE(O62:O121) -> 4.2596801 | AC121: =AVERAGE(M2:M121) -> 2.1021679 | AD121: =AVERAGE(N2:N121) -> 2.0269117 | AE121: =AVERAGE(O2:O121) -> 4.2609051
A122: TRUE | B122: TRUE | C122: TRUE | E122: 45468 | F122: 45468 | G122: 45468 | I122: 21.73 | J122: 45.7 | K122: 92.51 | M122: =J122/I122 -> 2.1030833 | N122: =K122/J122 -> 2.0242888 | O122: =K122/I122 -> 4.257248 | Q122: =AVERAGE(M102:M121) -> 2.1035718 | R122: =AVERAGE(N102:N121) -> 2.0247701 | S122: =AVERAGE(O102:O121) -> 4.259248 | U122: =AVERAGE(M82:M121) -> 2.1037577 | V122: =AVERAGE(N82:N121) -> 2.0249849 | W122: =AVERAGE(O82:O121) -> 4.2600764 | Y122: =AVERAGE(M63:M122) -> 2.1034477 | Z122: =AVERAGE(N63:N122) -> 2.0251124 | AA122: =AVERAGE(O63:O122) -> 4.2597165 | AC122: =AVERAGE(M3:M122) -> 2.1021837 | AD122: =AVERAGE(N3:N122) -> 2.0268737 | AE122: =AVERAGE(O3:O122) -> 4.2608572
A123: TRUE | B123: TRUE | C123: TRUE | E123: 45469 | F123: 45469 | G123: 45469 | I123: 21.63 | J123: 45.52 | K123: 92.07 | M123: =J123/I123 -> 2.1044845 | N123: =K123/J123 -> 2.0226274 | O123: =K123/I123 -> 4.2565881 | Q123: =AVERAGE(M103:M122) -> 2.1034382 | R123: =AVERAGE(N103:N122) -> 2.0248067 | S123: =AVERAGE(O103:O122) -> 4.2590547 | U123: =AVERAGE(M83:M122) -> 2.1036875 | V123: =AVERAGE(N83:N122) -> 2.0249721 | W123: =AVERAGE(O83:O122) -> 4.2599075 | Y123: =AVERAGE(M64:M123) -> 2.1034837 | Z123: =AVERAGE(N64:N123) -> 2.0250581 | AA123: =AVERAGE(O64:O123) -> 4.2596751 | AC123: =AVERAGE(M4:M123) -> 2.1022275 | AD123: =AVERAGE(N4:N123) -> 2.0268075 | AE123: =AVERAGE(O4:O123) -> 4.2608069
A124: TRUE | B124: TRUE | C124: TRUE | E124: 45470 | F124: 45470 | G124: 45470 | I124: 21.69 | J124: 45.6 | K124: 92.29 | M124: =J124/I124 -> 2.1023513 | N124: =K124/J124 -> 2.0239035 | O124: =K124/I124 -> 4.2549562 | Q124: =AVERAGE(M104:M123) -> 2.1034624 | R124: =AVERAGE(N104:N123) -> 2.0246185 | S124: =AVERAGE(O104:O123) -> 4.2587077 | U124: =AVERAGE(M84:M123) -> 2.1036587 | V124: =AVERAGE(N84:N123) -> 2.0249078 | W124: =AVERAGE(O84:O123) -> 4.2597139 | Y124: =AVERAGE(M65:M124) -> 2.1034826 | Z124: =AVERAGE(N65:N124) -> 2.0250174 | AA124: =AVERAGE(O65:O124) -> 4.259587 | AC124: =AVERAGE(M5:M124) -> 2.1022403 | AD124: =AVERAGE(N5:N124) -> 2.0267413 | AE124: =AVERAGE(O5:O124) -> 4.2606935
A125: TRUE | B125: TRUE | C125: TRUE | E125: 45471 | F125: 45471 | G125: 45471 | I125: 21.57 | J125: 45.4 | K125: 91.81 | M125: =J125/I125 -> 2.1047752 | N125: =K125/J125 -> 2.0222467 | O125: =K125/I125 -> 4.2563746 | Q125: =AVERAGE(M105:M124) -> 2.1033156 | R125: =AVERAGE(N105:N124) -> 2.0246139 | S125: =AVERAGE(O105:O124) -> 4.2584007 | U125: =AVERAGE(M85:M124) -> 2.1035747 | V125: =AVERAGE(N85:N124) -> 2.0248835 | W125: =AVERAGE(O85:O124) -> 4.2594926 | Y125: =AVERAGE(M66:M125) -> 2.1035381 | Z125: =AVERAGE(N66:N125) -> 2.0249416 | AA125: =AVERAGE(O66:O125) -> 4.2595401 | AC125: =AVERAGE(M6:M125) -> 2.1022839 | AD125: =AVERAGE(N6:N125) -> 2.0266663 | AE125: =AVERAGE(O6:O125) -> 4.2606243
A126: TRUE | B126: TRUE | C126: TRUE | E126: 45474 | F126: 45474 | G126: 45474 | I126: 21.35 | J126: 44.9 | K126: 90.85 | M126: =J126/I126 -> 2.1030445 | N126: =K126/J126 -> 2.0233853 | O126: =K126/I126 -> 4.2552693 | Q126: =AVERAGE(M106:M125) -> 2.1032912 | R126: =AVERAGE(N106:N125) -> 2.0244873 | S126: =AVERAGE(O106:O125) -> 4.258085 | U126: =AVERAGE(M86:M125) -> 2.1035812 | V126: =AVERAGE(N86:N125) -> 2.0247851 | W126: =AVERAGE(O86:O125) -> 4.2592986 | Y126: =AVERAGE(M67:M126) -> 2.1036012 | Z126: =AVERAGE(N67:N126) -> 2.024871 | AA126: =AVERAGE(O67:O126) -> 4.2595197 | AC126: =AVERAGE(M7:M126) -> 2.1023016 | AD126: =AVERAGE(N7:N126) -> 2.0266112 | AE126: =AVERAGE(O7:O126) -> 4.2605445
A127: TRUE | B127: TRUE | C127: TRUE | E127: 45475 | F127: 45475 | G127: 45475 | I127: 21.39 | J127: 45.01 | K127: 91.13 | M127: =J127/I127 -> 2.1042543 | N127: =K127/J127 -> 2.0246612 | O127: =K127/I127 -> 4.2604021 | Q127: =AVERAGE(M107:M126) -> 2.1031766 | R127: =AVERAGE(N107:N126) -> 2.0244669 | S127: =AVERAGE(O107:O126) -> 4.2578101 | U127: =AVERAGE(M87:M126) -> 2.103545 | V127: =AVERAGE(N87:N126) -> 2.0247294 | W127: =AVERAGE(O87:O126) -> 4.2591082 | Y127: =AVERAGE(M68:M127) -> 2.1036814 | Z127: =AVERAGE(N68:N127) -> 2.0248299 | AA127: =AVERAGE(O68:O127) -> 4.2595958 | AC127: =AVERAGE(M8:M127) -> 2.1023367 | AD127: =AVERAGE(N8:N127) -> 2.0265793 | AE127: =AVERAGE(O8:O127) -> 4.2605484
A128: TRUE | B128: TRUE | C128: TRUE | E128: 45476 | F128: 45476 | G128: 45476 | I128: 21.51 | J128: 45.26 | K128: 91.64 | M128: =J128/I128 -> 2.1041376 | N128: =K128/J128 -> 2.0247459 | O128: =K128/I128 -> 4.260344 | Q128: =AVERAGE(M108:M127) -> 2.1031421 | R128: =AVERAGE(N108:N127) -> 2.0245478 | S128: =AVERAGE(O108:O127) -> 4.2579104 | U128: =AVERAGE(M88:M127) -> 2.1035785 | V128: =AVERAGE(N88:N127) -> 2.0246923 | W128: =AVERAGE(O88:O127) -> 4.2590981 | Y128: =AVERAGE(M69:M128) -> 2.1037745 | Z128: =AVERAGE(N69:N128) -> 2.0247972 | AA128: =AVERAGE(O69:O128) -> 4.2597157 | AC128: =AVERAGE(M9:M128) -> 2.1023857 | AD128: =AVERAGE(N9:N128) -> 2.026535 | AE128: =AVERAGE(O9:O128) -> 4.2605546
A129: TRUE | B129: TRUE | C129: TRUE | E129: 45478 | F129: 45478 | G129: 45478 | I129: 21.66 | J129: 45.53 | K129: 92.24 | M129: =J129/I129 -> 2.1020314 | N129: =K129/J129 -> 2.025917 | O129: =K129/I129 -> 4.2585411 | Q129: =AVERAGE(M109:M128) -> 2.1030516 | R129: =AVERAGE(N109:N128) -> 2.0245715 | S129: =AVERAGE(O109:O128) -> 4.2577771 | U129: =AVERAGE(M89:M128) -> 2.1035832 | V129: =AVERAGE(N89:N128) -> 2.0246738 | W129: =AVERAGE(O89:O128) -> 4.2590686 | Y129: =AVERAGE(M70:M129) -> 2.1037991 | Z129: =AVERAGE(N70:N129) -> 2.0247785 | AA129: =AVERAGE(O70:O129) -> 4.2597261 | AC129: =AVERAGE(M10:M129) -> 2.1024064 | AD129: =AVERAGE(N10:N129) -> 2.0264858 | AE129: =AVERAGE(O10:O129) -> 4.2604932
A130: TRUE | B130: TRUE | C130: TRUE | E130: 45481 | F130: 45481 | G130: 45481 | I130: 21.67 | J130: 45.54 | K130: 92.2 | M130: =J130/I130 -> 2.1015228 | N130: =K130/J130 -> 2.0245938 | O130: =K130/I130 -> 4.25473 | Q130: =AVERAGE(M110:M129) -> 2.1029168 | R130: =AVERAGE(N110:N129) -> 2.0246124 | S130: =AVERAGE(O110:O129) -> 4.2575901 | U130: =AVERAGE(M90:M129) -> 2.1035696 | V130: =AVERAGE(N90:N129) -> 2.0246367 | W130: =AVERAGE(O90:O129) -> 4.258963 | Y130: =AVERAGE(M71:M130) -> 2.1038064 | Z130: =AVERAGE(N71:N130) -> 2.0247612 | AA130: =AVERAGE(O71:O130) -> 4.2597046 | AC130: =AVERAGE(M11:M130) -> 2.1024168 | AD130: =AVERAGE(N11:N130) -> 2.0264387 | AE130: =AVERAGE(O11:O130) -> 4.2604154
A131: TRUE | B131: TRUE | C131: TRUE | E131: 45482 | F131: 45482 | G131: 45482 | I131: 21.7 | J131: 45.6 | K131: 92.23 | M131: =J131/I131 -> 2.1013825 | N131: =K131/J131 -> 2.0225877 | O131: =K131/I131 -> 4.2502304 | Q131: =AVERAGE(M111:M130) -> 2.1028796 | R131: =AVERAGE(N111:N130) -> 2.0245764 | S131: =AVERAGE(O111:O130) -> 4.2574391 | U131: =AVERAGE(M91:M130) -> 2.1035514 | V131: =AVERAGE(N91:N130) -> 2.0245933 | W131: =AVERAGE(O91:O130) -> 4.258835 | Y131: =AVERAGE(M72:M131) -> 2.1037641 | Z131: =AVERAGE(N72:N131) -> 2.0247336 | AA131: =AVERAGE(O72:O131) -> 4.2595608 | AC131: =AVERAGE(M12:M131) -> 2.1024226 | AD131: =AVERAGE(N12:N131) -> 2.0263818 | AE131: =AVERAGE(O12:O131) -> 4.2603077
A132: TRUE | B132: TRUE | C132: TRUE | E132: 45483 | F132: 45483 | G132: 45483 | I132: 21.7 | J132: 45.62 | K132: 92.32 | M132: =J132/I132 -> 2.1023041 | N132: =K132/J132 -> 2.0236738 | O132: =K132/I132 -> 4.2543779 | Q132: =AVERAGE(M112:M131) -> 2.1027876 | R132: =AVERAGE(N112:N131) -> 2.0244177 | S132: =AVERAGE(O112:O131) -> 4.2569193 | U132: =AVERAGE(M92:M131) -> 2.1035263 | V132: =AVERAGE(N92:N131) -> 2.0244798 | W132: =AVERAGE(O92:O131) -> 4.2585457 | Y132: =AVERAGE(M73:M132) -> 2.1037829 | Z132: =AVERAGE(N73:N132) -> 2.0246839 | AA132: =AVERAGE(O73:O132) -> 4.2594945 | AC132: =AVERAGE(M13:M132) -> 2.1024322 | AD132: =AVERAGE(N13:N132) -> 2.0263147 | AE132: =AVERAGE(O13:O132) -> 4.2601862
... A244: TRUE | B244: TRUE | C244: TRUE | E244: 45643 | F244: 45643 | G244: 45643 | I244: 21.8 | J244: 45.82 | K244: 92.61 | M244: =J244/I244 -> 2.1018349 | N244: =K244/J244 -> 2.0211698 | O244: =K244/I244 -> 4.2481651 | Q244: =AVERAGE(M224:M243) -> 2.1004472 | R244: =AVERAGE(N224:N243) -> 2.0238186 | S244: =AVERAGE(O224:O243) -> 4.2509226 | U244: =AVERAGE(M204:M243) -> 2.0992523 | V244: =AVERAGE(N204:N243) -> 2.0251007 | W244: =AVERAGE(O204:O243) -> 4.2511944 | Y244: =AVERAGE(M185:M244) -> 2.0982978 | Z244: =AVERAGE(N185:N244) -> 2.026491 | AA244: =AVERAGE(O185:O244) -> 4.2521756 | AC244: =AVERAGE(M125:M244) -> 2.0982067 | AD244: =AVERAGE(N125:N244) -> 2.0274399 | AE244: =AVERAGE(O125:O244) -> 4.2539754
A245: TRUE | B245: TRUE | C245: TRUE | E245: 45644 | F245: 45644 | G245: 45644 | I245: 21.61 | J245: 45.36 | K245: 91.47 | Q245: =AVERAGE(M225:M244) -> 2.1004675 | R245: =AVERAGE(N225:N244) -> 2.0237034 | S245: =AVERAGE(O225:O244) -> 4.2507214 | U245: =AVERAGE(M205:M244) -> 2.0993744 | V245: =AVERAGE(N205:N244) -> 2.0249353 | W245: =AVERAGE(O205:O244) -> 4.2510944 | Y245: =AVERAGE(M186:M245) -> 2.0983515 | Z245: =AVERAGE(N186:N245) -> 2.0263852 | AA245: =AVERAGE(O186:O245) -> 4.2520625 | AC245: =AVERAGE(M126:M245) -> 2.0981515 | AD245: =AVERAGE(N126:N245) -> 2.0274835 | AE245: =AVERAGE(O126:O245) -> 4.2539553
A246: TRUE | B246: TRUE | C246: TRUE | E246: 45645 | F246: 45645 | G246: 45645 | I246: 21.43 | J246: 45.3 | K246: 91.26 | Q246: =AVERAGE(M226:M245) -> 2.1004509 | R246: =AVERAGE(N226:N245) -> 2.0237173 | S246: =AVERAGE(O226:O245) -> 4.250717 | U246: =AVERAGE(M206:M245) -> 2.099461 | V246: =AVERAGE(N206:N245) -> 2.0248456 | W246: =AVERAGE(O206:O245) -> 4.2510817 | Y246: =AVERAGE(M187:M246) -> 2.0984095 | Z246: =AVERAGE(N187:N246) -> 2.0262776 | AA246: =AVERAGE(O187:O246) -> 4.2519546 | AC246: =AVERAGE(M127:M246) -> 2.09811 | AD246: =AVERAGE(N127:N246) -> 2.0275183 | AE246: =AVERAGE(O127:O246) -> 4.2539441
A247: TRUE | B247: TRUE | C247: TRUE | E247: 45646 | F247: 45646 | G247: 45646 | I247: 21.53 | J247: 45.54 | K247: 91.66 | Q247: =AVERAGE(M227:M246) -> 2.1003788 | R247: =AVERAGE(N227:N246) -> 2.0237814 | S247: =AVERAGE(O227:O246) -> 4.2507057 | U247: =AVERAGE(M207:M246) -> 2.0995081 | V247: =AVERAGE(N207:N246) -> 2.024778 | W247: =AVERAGE(O207:O246) -> 4.2510351 | Y247: =AVERAGE(M188:M247) -> 2.09851 | Z247: =AVERAGE(N188:N247) -> 2.0261363 | AA247: =AVERAGE(O188:O247) -> 4.2518624 | AC247: =AVERAGE(M128:M247) -> 2.0980575 | AD247: =AVERAGE(N128:N247) -> 2.0275427 | AE247: =AVERAGE(O128:O247) -> 4.2538889
A248: TRUE | B248: TRUE | C248: TRUE | E248: 45649 | F248: 45649 | G248: 45649 | I248: 21.44 | J248: 45.32 | K248: 91.28 | Q248: =AVERAGE(M228:M247) -> 2.1002711 | R248: =AVERAGE(N228:N247) -> 2.0237761 | S248: =AVERAGE(O228:O247) -> 4.2504763 | U248: =AVERAGE(M208:M247) -> 2.0995478 | V248: =AVERAGE(N208:N247) -> 2.0246899 | W248: =AVERAGE(O208:O247) -> 4.2509306 | Y248: =AVERAGE(M189:M248) -> 2.0985854 | Z248: =AVERAGE(N189:N248) -> 2.0260029 | AA248: =AVERAGE(O189:O248) -> 4.2517356 | AC248: =AVERAGE(M129:M248) -> 2.0980051 | AD248: =AVERAGE(N129:N248) -> 2.0275668 | AE248: =AVERAGE(O129:O248) -> 4.2538333
A249: TRUE | B249: TRUE | C249: TRUE | E249: 45650 | F249: 45650 | G249: 45650 | I249: 21.45 | J249: 45.17 | K249: 91.3 | M249: =J249/I249 -> 2.1058275 | N249: =K249/J249 -> 2.021253 | O249: =K249/I249 -> 4.2564103 | Q249: =AVERAGE(M229:M248) -> 2.1001359 | R249: =AVERAGE(N229:N248) -> 2.0238146 | S249: =AVERAGE(O229:O248) -> 4.2502836 | U249: =AVERAGE(M209:M248) -> 2.0994933 | V249: =AVERAGE(N209:N248) -> 2.0246504 | W249: =AVERAGE(O209:O248) -> 4.2507373 | Y249: =AVERAGE(M190:M249) -> 2.0987711 | Z249: =AVERAGE(N190:N249) -> 2.0258567 | AA249: =AVERAGE(O190:O249) -> 4.2518045 | AC249: =AVERAGE(M130:M249) -> 2.0980378 | AD249: =AVERAGE(N130:N249) -> 2.0275266 | AE249: =AVERAGE(O130:O249) -> 4.2538149
A250: TRUE | B250: TRUE | C250: TRUE | E250: 45652 | F250: 45652 | G250: 45652 | I250: 21.5 | J250: 45.24 | K250: 91.48 | M250: =J250/I250 -> 2.104186 | N250: =K250/J250 -> 2.0221043 | O250: =K250/I250 -> 4.2548837 | Q250: =AVERAGE(M230:M249) -> 2.1005569 | R250: =AVERAGE(N230:N249) -> 2.0236677 | S250: =AVERAGE(O230:O249) -> 4.2508263 | U250: =AVERAGE(M210:M249) -> 2.0996845 | V250: =AVERAGE(N210:N249) -> 2.0245376 | W250: =AVERAGE(O210:O249) -> 4.2508867 | Y250: =AVERAGE(M191:M250) -> 2.0989527 | Z250: =AVERAGE(N191:N250) -> 2.0257333 | AA250: =AVERAGE(O191:O250) -> 4.2519135 | AC250: =AVERAGE(M131:M250) -> 2.0980608 | AD250: =AVERAGE(N131:N250) -> 2.0275051 | AE250: =AVERAGE(O131:O250) -> 4.2538163
A251: TRUE | B251: TRUE | C251: TRUE | E251: 45653 | F251: 45653 | G251: 45653 | I251: 21.46 | J251: 45.24 | K251: 91.44 | M251: =J251/I251 -> 2.1081081 | N251: =K251/J251 -> 2.0212202 | O251: =K251/I251 -> 4.2609506 | Q251: =AVERAGE(M231:M250) -> 2.1008869 | R251: =AVERAGE(N231:N250) -> 2.0233934 | S251: =AVERAGE(O231:O250) -> 4.2509179 | U251: =AVERAGE(M211:M250) -> 2.0997842 | V251: =AVERAGE(N211:N250) -> 2.0244199 | W251: =AVERAGE(O211:O250) -> 4.2508414 | Y251: =AVERAGE(M192:M251) -> 2.0991761 | Z251: =AVERAGE(N192:N251) -> 2.0255742 | AA251: =AVERAGE(O192:O251) -> 4.2520316 | AC251: =AVERAGE(M132:M251) -> 2.0981187 | AD251: =AVERAGE(N132:N251) -> 2.0274933 | AE251: =AVERAGE(O132:O251) -> 4.2539087
A252: TRUE | B252: TRUE | C252: TRUE | E252: 45656 | F252: 45656 | G252: 45656 | I252: 21.57 | J252: 45.37 | K252: 91.76 | M252: =J252/I252 -> 2.1033843 | N252: =K252/J252 -> 2.0224818 | O252: =K252/I252 -> 4.2540566 | Q252: =AVERAGE(M232:M251) -> 2.1012516 | R252: =AVERAGE(N232:N251) -> 2.0233008 | S252: =AVERAGE(O232:O251) -> 4.2514602 | U252: =AVERAGE(M212:M251) -> 2.1000425 | V252: =AVERAGE(N212:N251) -> 2.024295 | W252: =AVERAGE(O212:O251) -> 4.2511011 | Y252: =AVERAGE(M193:M252) -> 2.0993569 | Z252: =AVERAGE(N193:N252) -> 2.0254465 | AA252: =AVERAGE(O193:O252) -> 4.25213 | AC252: =AVERAGE(M133:M252) -> 2.098128 | AD252: =AVERAGE(N133:N252) -> 2.0274831 | AE252: =AVERAGE(O133:O252) -> 4.2539059
A253: TRUE | B253: TRUE | C253: TRUE | E253: 45657 | F253: 45657 | G253: 45657 | I253: 21.55 | J253: 45.34 | K253: 91.68 | M253: =J253/I253 -> 2.1039443 | N253: =K253/J253 -> 2.0220556 | O253: =K253/I253 -> 4.2542923 | Q253: =AVERAGE(M233:M252) -> 2.1014858 | R253: =AVERAGE(N233:N252) -> 2.0230746 | S253: =AVERAGE(O233:O252) -> 4.251459 | U253: =AVERAGE(M213:M252) -> 2.1002052 | V253: =AVERAGE(N213:N252) -> 2.0241797 | W253: =AVERAGE(O213:O252) -> 4.2511884 | Y253: =AVERAGE(M194:M253) -> 2.0994932 | Z253: =AVERAGE(N194:N253) -> 2.0253228 | AA253: =AVERAGE(O194:O253) -> 4.2521463 | AC253: =AVERAGE(M134:M253) -> 2.098147 | AD253: =AVERAGE(N134:N253) -> 2.0274683 | AE253: =AVERAGE(O134:O253) -> 4.2539133
A254: TRUE | B254: TRUE | C254: TRUE | E254: 45659 | F254: 45659 | G254: 45659 | I254: 21.54 | J254: 45.28 | K254: 91.6 | M254: =J254/I254 -> 2.1021356 | N254: =K254/J254 -> 2.0229682 | O254: =K254/I254 -> 4.2525534 | Q254: =AVERAGE(M234:M253) -> 2.1017891 | R254: =AVERAGE(N234:N253) -> 2.0229102 | S254: =AVERAGE(O234:O253) -> 4.2517273 | U254: =AVERAGE(M214:M253) -> 2.1003378 | V254: =AVERAGE(N214:N253) -> 2.0241209 | W254: =AVERAGE(O214:O253) -> 4.2513332 | Y254: =AVERAGE(M195:M254) -> 2.0996095 | Z254: =AVERAGE(N195:N254) -> 2.0252103 | AA254: =AVERAGE(O195:O254) -> 4.2521456 | AC254: =AVERAGE(M135:M254) -> 2.0981375 | AD254: =AVERAGE(N135:N254) -> 2.0274716 | AE254: =AVERAGE(O135:O254) -> 4.2539008
A255: TRUE | B255: TRUE | C255: TRUE | E255: 45660 | F255: 45660 | G255: 45660 | I255: 21.48 | J255: 45.24 | K255: 91.48 | M255: =J255/I255 -> 2.1061453 | N255: =K255/J255 -> 2.0221043 | O255: =K255/I255 -> 4.2588454 | Q255: =AVERAGE(M235:M254) -> 2.1018229 | R255: =AVERAGE(N235:N254) -> 2.0228689 | S255: =AVERAGE(O235:O254) -> 4.2517089 | U255: =AVERAGE(M215:M254) -> 2.1004303 | V255: =AVERAGE(N215:N254) -> 2.0240169 | W255: =AVERAGE(O215:O254) -> 4.251302 | Y255: =AVERAGE(M196:M255) -> 2.0997771 | Z255: =AVERAGE(N196:N255) -> 2.0251105 | AA255: =AVERAGE(O196:O255) -> 4.2522754 | AC255: =AVERAGE(M136:M255) -> 2.0981632 | AD255: =AVERAGE(N136:N255) -> 2.0274685 | AE255: =AVERAGE(O136:O255) -> 4.2539464
A256: TRUE | B256: TRUE | C256: TRUE | E256: 45663 | F256: 45663 | G256: 45663 | I256: 21.47 | J256: 45.19 | K256: 91.38 | M256: =J256/I256 -> 2.1047974 | N256: =K256/J256 -> 2.0221288 | O256: =K256/I256 -> 4.2561714 | Q256: =AVERAGE(M236:M255) -> 2.1024223 | R256: =AVERAGE(N236:N255) -> 2.0227099 | S256: =AVERAGE(O236:O255) -> 4.2525876 | U256: =AVERAGE(M216:M255) -> 2.1007103 | V256: =AVERAGE(N216:N255) -> 2.0238852 | W256: =AVERAGE(O216:O255) -> 4.2515922 | Y256: =AVERAGE(M197:M256) -> 2.099891 | Z256: =AVERAGE(N197:N256) -> 2.0250101 | AA256: =AVERAGE(O197:O256) -> 4.252295 | AC256: =AVERAGE(M137:M256) -> 2.0981675 | AD256: =AVERAGE(N137:N256) -> 2.027455 | AE256: =AVERAGE(O137:O256) -> 4.2539267
A257: TRUE | B257: TRUE | C257: TRUE | E257: 45664 | F257: 45664 | G257: 45664 | I257: 21.38 | J257: 45.06 | K257: 91.12 | M257: =J257/I257 -> 2.1075772 | N257: =K257/J257 -> 2.0221926 | O257: =K257/I257 -> 4.261927 | Q257: =AVERAGE(M237:M256) -> 2.1027307 | R257: =AVERAGE(N237:N256) -> 2.0225528 | S257: =AVERAGE(O237:O256) -> 4.2528811 | U257: =AVERAGE(M217:M256) -> 2.1008794 | V257: =AVERAGE(N217:N256) -> 2.0238101 | W257: =AVERAGE(O217:O256) -> 4.2517764 | Y257: =AVERAGE(M198:M257) -> 2.1001117 | Z257: =AVERAGE(N198:N257) -> 2.0248872 | AA257: =AVERAGE(O198:O257) -> 4.2524838 | AC257: =AVERAGE(M138:M257) -> 2.0981812 | AD257: =AVERAGE(N138:N257) -> 2.02745 | AE257: =AVERAGE(O138:O257) -> 4.2539439
A258: TRUE | B258: TRUE | C258: TRUE | E258: 45665 | F258: 45665 | G258: 45665 | I258: 21.4 | J258: 45.08 | K258: 91.17 | M258: =J258/I258 -> 2.1065421 | N258: =K258/J258 -> 2.0224046 | O258: =K258/I258 -> 4.2602804 | Q258: =AVERAGE(M238:M257) -> 2.1031477 | R258: =AVERAGE(N238:N257) -> 2.0224725 | S258: =AVERAGE(O238:O257) -> 4.2535558 | U258: =AVERAGE(M218:M257) -> 2.1011509 | V258: =AVERAGE(N218:N257) -> 2.0236519 | W258: =AVERAGE(O218:O257) -> 4.2519935 | Y258: =AVERAGE(M199:M258) -> 2.1002648 | Z258: =AVERAGE(N199:N258) -> 2.0247916 | AA258: =AVERAGE(O199:O258) -> 4.2525928 | AC258: =AVERAGE(M139:M258) -> 2.0982001 | AD258: =AVERAGE(N139:N258) -> 2.0274482 | AE258: =AVERAGE(O139:O258) -> 4.2539782
A259: TRUE | B259: TRUE | C259: TRUE | E259: 45667 | F259: 45667 | G259: 45667 | I259: 21.28 | J259: 44.77 | K259: 90.52 | M259: =J259/I259 -> 2.1038534 | N259: =K259/J259 -> 2.0218897 | O259: =K259/I259 -> 4.2537594 | Q259: =AVERAGE(M239:M258) -> 2.1036246 | R259: =AVERAGE(N239:N258) -> 2.0223596 | S259: =AVERAGE(O239:O258) -> 4.2542834 | U259: =AVERAGE(M219:M258) -> 2.1014341 | V259: =AVERAGE(N219:N258) -> 2.0235058 | W259: =AVERAGE(O219:O258) -> 4.25226 | Y259: =AVERAGE(M200:M259) -> 2.1003683 | Z259: =AVERAGE(N200:N259) -> 2.0246786 | AA259: =AVERAGE(O200:O259) -> 4.2525651 | AC259: =AVERAGE(M140:M259) -> 2.0982021 | AD259: =AVERAGE(N140:N259) -> 2.0274396 | AE259: =AVERAGE(O140:O259) -> 4.2539642
A260: TRUE | B260: TRUE | C260: TRUE | E260: 45670 | F260: 45670 | G260: 45670 | I260: 21.23 | J260: 44.68 | K260: 90.37 | M260: =J260/I260 -> 2.104569 | N260: =K260/J260 -> 2.0226052 | O260: =K260/I260 -> 4.2567122 | Q260: =AVERAGE(M240:M259) -> 2.1039307 | R260: =AVERAGE(N240:N259) -> 2.0221463 | S260: =AVERAGE(O240:O259) -> 4.2544545 | U260: =AVERAGE(M220:M259) -> 2.1016389 | V260: =AVERAGE(N220:N259) -> 2.0233687 | W260: =AVERAGE(O220:O259) -> 4.2523867 | Y260: =AVERAGE(M201:M260) -> 2.1005142 | Z260: =AVERAGE(N201:N260) -> 2.0245489 | AA260: =AVERAGE(O201:O260) -> 4.2525884 | AC260: =AVERAGE(M141:M260) -> 2.0982178 | AD260: =AVERAGE(N141:N260) -> 2.0274257 | AE260: =AVERAGE(O141:O260) -> 4.2539667
... A494: TRUE | B494: TRUE | C494: TRUE | E494: 46008 | F494: 46008 | G494: 46008 | I494: 22.5 | J494: 47.13 | K494: 95.31 | M494: =J494/I494 -> 2.0946667 | N494: =K494/J494 -> 2.0222788 | O494: =K494/I494 -> 4.236 | Q494: =AVERAGE(M474:M493) -> 2.0925311 | R494: =AVERAGE(N474:N493) -> 2.0233123 | S494: =AVERAGE(O474:O493) -> 4.2338434 | U494: =AVERAGE(M454:M493) -> 2.0916896 | V494: =AVERAGE(N454:N493) -> 2.0248582 | W494: =AVERAGE(O454:O493) -> 4.2353724 | Y494: =AVERAGE(M435:M494) -> 2.0920676 | Z494: =AVERAGE(N435:N494) -> 2.0250563 | AA494: =AVERAGE(O435:O494) -> 4.2365527 | AC494: =AVERAGE(M375:M494) -> 2.0951266 | AD494: =AVERAGE(N375:N494) -> 2.0242043 | AE494: =AVERAGE(O375:O494) -> 4.2409594
A495: TRUE | B495: TRUE | C495: TRUE | E495: 46009 | F495: 46009 | G495: 46009 | I495: 22.43 | J495: 47.07 | K495: 95.57 | Q495: =AVERAGE(M475:M494) -> 2.0926562 | R495: =AVERAGE(N475:N494) -> 2.0232771 | S495: =AVERAGE(O475:O494) -> 4.2340227 | U495: =AVERAGE(M455:M494) -> 2.0917745 | V495: =AVERAGE(N455:N494) -> 2.0247511 | W495: =AVERAGE(O455:O494) -> 4.2353201 | Y495: =AVERAGE(M436:M495) -> 2.092002 | Z495: =AVERAGE(N436:N495) -> 2.0250552 | AA495: =AVERAGE(O436:O495) -> 4.2364174 | AC495: =AVERAGE(M376:M495) -> 2.0951123 | AD495: =AVERAGE(N376:N495) -> 2.0241883 | AE495: =AVERAGE(O376:O495) -> 4.2408967
A496: TRUE | B496: TRUE | C496: TRUE | E496: 46010 | F496: 46010 | G496: 46010 | I496: 22.4 | J496: 47.02 | K496: 95.09 | M496: =J496/I496 -> 2.0991071 | N496: =K496/J496 -> 2.0223309 | O496: =K496/I496 -> 4.2450893 | Q496: =AVERAGE(M476:M495) -> 2.0926565 | R496: =AVERAGE(N476:N495) -> 2.0232475 | S496: =AVERAGE(O476:O495) -> 4.2339613 | U496: =AVERAGE(M456:M495) -> 2.0917751 | V496: =AVERAGE(N456:N495) -> 2.0247314 | W496: =AVERAGE(O456:O495) -> 4.2352801 | Y496: =AVERAGE(M437:M496) -> 2.0920701 | Z496: =AVERAGE(N437:N496) -> 2.0250328 | AA496: =AVERAGE(O437:O496) -> 4.2365082 | AC496: =AVERAGE(M377:M496) -> 2.0951319 | AD496: =AVERAGE(N377:N496) -> 2.0241629 | AE496: =AVERAGE(O377:O496) -> 4.2408831
A497: TRUE | B497: TRUE | C497: TRUE | E497: 46013 | F497: 46013 | G497: 46013 | I497: 22.4 | J497: 47.03 | K497: 95.09 | M497: =J497/I497 -> 2.0995536 | N497: =K497/J497 -> 2.0219009 | O497: =K497/I497 -> 4.2450893 | Q497: =AVERAGE(M477:M496) -> 2.0930731 | R497: =AVERAGE(N477:N496) -> 2.0231129 | S497: =AVERAGE(O477:O496) -> 4.2345223 | U497: =AVERAGE(M457:M496) -> 2.0920379 | V497: =AVERAGE(N457:N496) -> 2.0245714 | W497: =AVERAGE(O457:O496) -> 4.2354773 | Y497: =AVERAGE(M438:M497) -> 2.0921685 | Z497: =AVERAGE(N438:N497) -> 2.024974 | AA497: =AVERAGE(O438:O497) -> 4.2365839 | AC497: =AVERAGE(M378:M497) -> 2.0951621 | AD497: =AVERAGE(N378:N497) -> 2.0241208 | AE497: =AVERAGE(O378:O497) -> 4.2408562
A498: TRUE | B498: TRUE | C498: TRUE | E498: 46014 | F498: 46014 | G498: 46014 | I498: 22.4 | J498: 47.03 | K498: 95.13 | M498: =J498/I498 -> 2.0995536 | N498: =K498/J498 -> 2.0227514 | O498: =K498/I498 -> 4.246875 | Q498: =AVERAGE(M478:M497) -> 2.0935047 | R498: =AVERAGE(N478:N497) -> 2.0229598 | S498: =AVERAGE(O478:O497) -> 4.2350749 | U498: =AVERAGE(M458:M497) -> 2.0922585 | V498: =AVERAGE(N458:N497) -> 2.0244183 | W498: =AVERAGE(O458:O497) -> 4.2356033 | Y498: =AVERAGE(M439:M498) -> 2.0922628 | Z498: =AVERAGE(N439:N498) -> 2.0249378 | AA498: =AVERAGE(O439:O498) -> 4.2366989 | AC498: =AVERAGE(M379:M498) -> 2.0951703 | AD498: =AVERAGE(N379:N498) -> 2.0241018 | AE498: =AVERAGE(O379:O498) -> 4.2408328
A499: TRUE | B499: TRUE | C499: TRUE | E499: 46015 | F499: 46015 | G499: 46015 | I499: 22.45 | J499: 47.14 | K499: 95.42 | M499: =J499/I499 -> 2.0997773 | N499: =K499/J499 -> 2.0241833 | O499: =K499/I499 -> 4.2503341 | Q499: =AVERAGE(M479:M498) -> 2.093824 | R499: =AVERAGE(N479:N498) -> 2.0228874 | S499: =AVERAGE(O479:O498) -> 4.2355692 | U499: =AVERAGE(M459:M498) -> 2.0924812 | V499: =AVERAGE(N459:N498) -> 2.0242822 | W499: =AVERAGE(O459:O498) -> 4.2357691 | Y499: =AVERAGE(M440:M499) -> 2.0923829 | Z499: =AVERAGE(N440:N499) -> 2.0249037 | AA499: =AVERAGE(O440:O499) -> 4.2368708 | AC499: =AVERAGE(M380:M499) -> 2.0951976 | AD499: =AVERAGE(N380:N499) -> 2.0240997 | AE499: =AVERAGE(O380:O499) -> 4.2408837
A500: TRUE | B500: TRUE | C500: TRUE | E500: 46017 | F500: 46017 | G500: 46017 | I500: 22.45 | J500: 47.13 | K500: 95.36 | M500: =J500/I500 -> 2.0993318 | N500: =K500/J500 -> 2.0233397 | O500: =K500/I500 -> 4.2476615 | Q500: =AVERAGE(M480:M499) -> 2.0942379 | R500: =AVERAGE(N480:N499) -> 2.0227816 | S500: =AVERAGE(O480:O499) -> 4.2361857 | U500: =AVERAGE(M460:M499) -> 2.0927589 | V500: =AVERAGE(N460:N499) -> 2.0241727 | W500: =AVERAGE(O460:O499) -> 4.2361023 | Y500: =AVERAGE(M441:M500) -> 2.0924797 | Z500: =AVERAGE(N441:N500) -> 2.0248662 | AA500: =AVERAGE(O441:O500) -> 4.2369879 | AC500: =AVERAGE(M381:M500) -> 2.0952093 | AD500: =AVERAGE(N381:N500) -> 2.024085 | AE500: =AVERAGE(O381:O500) -> 4.2408765
A501: TRUE | B501: TRUE | C501: TRUE | E501: 46020 | F501: 46020 | G501: 46020 | I501: 22.46 | J501: 47.15 | K501: 95.45 | M501: =J501/I501 -> 2.0992876 | N501: =K501/J501 -> 2.0243902 | O501: =K501/I501 -> 4.2497774 | Q501: =AVERAGE(M481:M500) -> 2.0945862 | R501: =AVERAGE(N481:N500) -> 2.0226998 | S501: =AVERAGE(O481:O500) -> 4.236719 | U501: =AVERAGE(M461:M500) -> 2.0930564 | V501: =AVERAGE(N461:N500) -> 2.0240365 | W501: =AVERAGE(O461:O500) -> 4.2364201 | Y501: =AVERAGE(M442:M501) -> 2.0925544 | Z501: =AVERAGE(N442:N501) -> 2.0248543 | AA501: =AVERAGE(O442:O501) -> 4.2371144 | AC501: =AVERAGE(M382:M501) -> 2.0952171 | AD501: =AVERAGE(N382:N501) -> 2.0240839 | AE501: =AVERAGE(O382:O501) -> 4.24089
A502: TRUE | B502: TRUE | C502: TRUE | E502: 46021 | F502: 46021 | G502: 46021 | I502: 22.47 | J502: 47.18 | K502: 95.45 | M502: =J502/I502 -> 2.0996885 | N502: =K502/J502 -> 2.023103 | O502: =K502/I502 -> 4.2478861 | Q502: =AVERAGE(M482:M501) -> 2.0949467 | R502: =AVERAGE(N482:N501) -> 2.0227041 | S502: =AVERAGE(O482:O501) -> 4.237458 | U502: =AVERAGE(M462:M501) -> 2.0933509 | V502: =AVERAGE(N462:N501) -> 2.0239321 | W502: =AVERAGE(O462:O501) -> 4.2367981 | Y502: =AVERAGE(M443:M502) -> 2.0926338 | Z502: =AVERAGE(N443:N502) -> 2.0248309 | AA502: =AVERAGE(O443:O502) -> 4.237226 | AC502: =AVERAGE(M383:M502) -> 2.0952317 | AD502: =AVERAGE(N383:N502) -> 2.02407 | AE502: =AVERAGE(O383:O502) -> 4.2408904
A503: TRUE | B503: TRUE | C503: TRUE | E503: 46022 | F503: 46022 | G503: 46022 | I503: 22.41 | J503: 47.08 | K503: 95.22 | M503: =J503/I503 -> 2.1008478 | N503: =K503/J503 -> 2.0225149 | O503: =K503/I503 -> 4.248996 | Q503: =AVERAGE(M483:M502) -> 2.0953193 | R503: =AVERAGE(N483:N502) -> 2.0227106 | S503: =AVERAGE(O483:O502) -> 4.2382255 | U503: =AVERAGE(M463:M502) -> 2.0935646 | V503: =AVERAGE(N463:N502) -> 2.0238557 | W503: =AVERAGE(O463:O502) -> 4.2370708 | Y503: =AVERAGE(M444:M503) -> 2.092761 | Z503: =AVERAGE(N444:N503) -> 2.024793 | AA503: =AVERAGE(O444:O503) -> 4.2374039 | AC503: =AVERAGE(M384:M503) -> 2.0952488 | AD503: =AVERAGE(N384:N503) -> 2.0240577 | AE503: =AVERAGE(O384:O503) -> 4.2408993
A504: TRUE | B504: TRUE | C504: TRUE | E504: 46024 | F504: 46024 | G504: 46024 | I504: 22.39 | J504: 47.02 | K504: 95.14 | M504: =J504/I504 -> 2.1000447 | N504: =K504/J504 -> 2.0233943 | O504: =K504/I504 -> 4.2492184 | Q504: =AVERAGE(M484:M503) -> 2.0957382 | R504: =AVERAGE(N484:N503) -> 2.0226997 | S504: =AVERAGE(O484:O503) -> 4.2390499 | U504: =AVERAGE(M464:M503) -> 2.0938101 | V504: =AVERAGE(N464:N503) -> 2.0237943 | W504: =AVERAGE(O464:O503) -> 4.237439 | Y504: =AVERAGE(M445:M504) -> 2.0928457 | Z504: =AVERAGE(N445:N504) -> 2.0247563 | AA504: =AVERAGE(O445:O504) -> 4.2374984 | AC504: =AVERAGE(M385:M504) -> 2.0952584 | AD504: =AVERAGE(N385:N504) -> 2.0240655 | AE504: =AVERAGE(O385:O504) -> 4.240935
A505: TRUE | B505: TRUE | C505: TRUE | E505: 46027 | F505: 46027 | G505: 46027 | I505: 22.44 | J505: 47.12 | K505: 95.35 | M505: =J505/I505 -> 2.0998217 | N505: =K505/J505 -> 2.0235569 | O505: =K505/I505 -> 4.2491087 | Q505: =AVERAGE(M485:M504) -> 2.0961214 | R505: =AVERAGE(N485:N504) -> 2.0226696 | S505: =AVERAGE(O485:O504) -> 4.2397621 | U505: =AVERAGE(M465:M504) -> 2.0940371 | V505: =AVERAGE(N465:N504) -> 2.0237233 | W505: =AVERAGE(O465:O504) -> 4.2377497 | Y505: =AVERAGE(M446:M505) -> 2.0929432 | Z505: =AVERAGE(N446:N505) -> 2.0247262 | AA505: =AVERAGE(O446:O505) -> 4.2376325 | AC505: =AVERAGE(M386:M505) -> 2.0952558 | AD505: =AVERAGE(N386:N505) -> 2.024076 | AE505: =AVERAGE(O386:O505) -> 4.2409516
A506: TRUE | B506: TRUE | C506: TRUE | E506: 46028 | F506: 46028 | G506: 46028 | I506: 22.43 | J506: 47.12 | K506: 95.3 | M506: =J506/I506 -> 2.1007579 | N506: =K506/J506 -> 2.0224958 | O506: =K506/I506 -> 4.248774 | Q506: =AVERAGE(M486:M505) -> 2.0965309 | R506: =AVERAGE(N486:N505) -> 2.0227237 | S506: =AVERAGE(O486:O505) -> 4.2407039 | U506: =AVERAGE(M466:M505) -> 2.0942978 | V506: =AVERAGE(N466:N505) -> 2.0236486 | W506: =AVERAGE(O466:O505) -> 4.2381214 | Y506: =AVERAGE(M447:M506) -> 2.0930998 | Z506: =AVERAGE(N447:N506) -> 2.0246661 | AA506: =AVERAGE(O447:O506) -> 4.2378236 | AC506: =AVERAGE(M387:M506) -> 2.0952429 | AD506: =AVERAGE(N387:N506) -> 2.024089 | AE506: =AVERAGE(O387:O506) -> 4.2409529
A507: TRUE | B507: TRUE | C507: TRUE | E507: 46029 | F507: 46029 | G507: 46029 | I507: 22.46 | J507: 47.13 | K507: 95.33 | M507: =J507/I507 -> 2.0983972 | N507: =K507/J507 -> 2.0227032 | O507: =K507/I507 -> 4.2444346 | Q507: =AVERAGE(M487:M506) -> 2.0969875 | R507: =AVERAGE(N487:N506) -> 2.0226991 | S507: =AVERAGE(O487:O506) -> 4.2415759 | U507: =AVERAGE(M467:M506) -> 2.0945576 | V507: =AVERAGE(N467:N506) -> 2.0235771 | W507: =AVERAGE(O467:O506) -> 4.2384972 | Y507: =AVERAGE(M448:M507) -> 2.0932465 | Z507: =AVERAGE(N448:N507) -> 2.0246185 | AA507: =AVERAGE(O448:O507) -> 4.2380211 | AC507: =AVERAGE(M388:M507) -> 2.0952059 | AD507: =AVERAGE(N388:N507) -> 2.0240909 | AE507: =AVERAGE(O388:O507) -> 4.240882
... A628: TRUE | B628: TRUE | C628: TRUE | E628: 46205 | F628: 46205 | G628: 46205 | I628: 22.2 | J628: 46.61 | K628: 94.13 | M628: =J628/I628 -> 2.0995495 | N628: =K628/J628 -> 2.0195237 | O628: =K628/I628 -> 4.2400901 | Q628: =AVERAGE(M608:M627) -> 2.098172 | R628: =AVERAGE(N608:N627) -> 2.0203954 | S628: =AVERAGE(O608:O627) -> 4.2391362 | U628: =AVERAGE(M588:M627) -> 2.0991361 | V628: =AVERAGE(N588:N627) -> 2.0202869 | W628: =AVERAGE(O588:O627) -> 4.2408559 | Y628: =AVERAGE(M569:M628) -> 2.0987313 | Z628: =AVERAGE(N569:N628) -> 2.0207938 | AA628: =AVERAGE(O569:O628) -> 4.2411016 | AC628: =AVERAGE(M509:M628) -> 2.0976853 | AD628: =AVERAGE(N509:N628) -> 2.0222474 | AE628: =AVERAGE(O509:O628) -> 4.2420355

Sheet 20
AE1: =SUM(AE2:AE376) -> 11.78011 | AG1: =SUM(AG2:AG376) -> 187 | AH1: =SUM(AH2:AH376) -> 165 | AI1: =SUM(AI2:AI376) -> 188 | AK1: 21.26 | AL1: 10.12 | AM1: 5 | AO1: =AE1*1000 -> 11780.11 | AQ1: =SUM(P:P,R:R)*1000 -> 3887.6309
A2: ='ALL 3 2024+'!E254 -> 45659 | B2: ='ALL 3 2024+'!F254 -> 45659 | C2: ='ALL 3 2024+'!G254 -> 45659 | E2: ='ALL 3 2024+'!I254 -> 21.54 | F2: ='ALL 3 2024+'!J254 -> 45.28 | G2: ='ALL 3 2024+'!K254 -> 91.6 | I2: ='ALL 3 2024+'!Q254 -> 2.1017891 | J2: ='ALL 3 2024+'!R254 -> 2.0229102 | K2: ='ALL 3 2024+'!S254 -> 4.2517273 | M2: =E2*K2 -> 91.582206 | N2: =J2*F2 -> 91.597376 | O2: =G2 -> 91.6 | Q2: =MAX(M2:O2)-MIN(M2:O2) -> 0.017794042 | W2: =IF(M2=MAX($M2:$O2),-1,IF(M2=MIN($M2:$O2),1,0)) -> 1 | X2: =IF(N2=MAX($M2:$O2),-1,IF(N2=MIN($M2:$O2),1,0)) -> 0 | Y2: =IF(O2=MAX($M2:$O2),-1,IF(O2=MIN($M2:$O2),1,0)) -> -1 | AG2: =ABS(W2-W1) -> 1 | AH2: =ABS(X2-X1) -> 0 | AI2: =ABS(Y2-Y1) -> 1 | AK2: =AK1*AG1 -> 3975.62 | AL2: =AL1*AH1 -> 1669.8 | AM2: =AM1*AI1 -> 940
A3: ='ALL 3 2024+'!E255 -> 45660 | B3: ='ALL 3 2024+'!F255 -> 45660 | C3: ='ALL 3 2024+'!G255 -> 45660 | E3: ='ALL 3 2024+'!I255 -> 21.48 | F3: ='ALL 3 2024+'!J255 -> 45.24 | G3: ='ALL 3 2024+'!K255 -> 91.48 | I3: ='ALL 3 2024+'!Q255 -> 2.1018229 | J3: ='ALL 3 2024+'!R255 -> 2.0228689 | K3: ='ALL 3 2024+'!S255 -> 4.2517089 | M3: =E3*K3 -> 91.326708 | N3: =J3*F3 -> 91.514591 | O3: =G3 -> 91.48 | Q3: =MAX(M3:O3)-MIN(M3:O3) -> 0.18788341 | S3: =M3-M2 -> -0.25549832 | T3: =N3-N2 -> -0.082784474 | U3: =O3-O2 -> -0.12 | W3: =IF(M3=MAX($M3:$O3),-1,IF(M3=MIN($M3:$O3),1,0)) -> 1 | X3: =IF(N3=MAX($M3:$O3),-1,IF(N3=MIN($M3:$O3),1,0)) -> -1 | Y3: =IF(O3=MAX($M3:$O3),-1,IF(O3=MIN($M3:$O3),1,0)) -> 0 | AA3: =W2*S3 -> -0.25549832 | AB3: =X2*T3 -> 0 | AC3: =Y2*U3 -> 0.12 | AE3: =SUM(AA3:AC3) -> -0.13549832 | AG3: =ABS(W3-W2) -> 0 | AH3: =ABS(X3-X2) -> 1 | AI3: =ABS(Y3-Y2) -> 1 | AM3: =SUM(AK2:AM2) -> 6585.42 | AO3: =AO1-AM3 -> 5194.69
A4: ='ALL 3 2024+'!E256 -> 45663 | B4: ='ALL 3 2024+'!F256 -> 45663 | C4: ='ALL 3 2024+'!G256 -> 45663 | E4: ='ALL 3 2024+'!I256 -> 21.47 | F4: ='ALL 3 2024+'!J256 -> 45.19 | G4: ='ALL 3 2024+'!K256 -> 91.38 | I4: ='ALL 3 2024+'!Q256 -> 2.1024223 | J4: ='ALL 3 2024+'!R256 -> 2.0227099 | K4: ='ALL 3 2024+'!S256 -> 4.2525876 | M4: =E4*K4 -> 91.303055 | N4: =J4*F4 -> 91.406262 | O4: =G4 -> 91.38 | Q4: =MAX(M4:O4)-MIN(M4:O4) -> 0.10320621 | S4: =M4-M3 -> -0.023652349 | T4: =N4-N3 -> -0.10832955 | U4: =O4-O3 -> -0.1 | W4: =IF(M4=MAX($M4:$O4),-1,IF(M4=MIN($M4:$O4),1,0)) -> 1 | X4: =IF(N4=MAX($M4:$O4),-1,IF(N4=MIN($M4:$O4),1,0)) -> -1 | Y4: =IF(O4=MAX($M4:$O4),-1,IF(O4=MIN($M4:$O4),1,0)) -> 0 | AA4: =W3*S4 -> -0.023652349 | AB4: =X3*T4 -> 0.10832955 | AC4: =Y3*U4 -> 0 | AE4: =SUM(AA4:AC4) -> 0.084677201 | AG4: =ABS(W4-W3) -> 0 | AH4: =ABS(X4-X3) -> 0 | AI4: =ABS(Y4-Y3) -> 0 | AO4: 32000
A5: ='ALL 3 2024+'!E257 -> 45664 | B5: ='ALL 3 2024+'!F257 -> 45664 | C5: ='ALL 3 2024+'!G257 -> 45664 | E5: ='ALL 3 2024+'!I257 -> 21.38 | F5: ='ALL 3 2024+'!J257 -> 45.06 | G5: ='ALL 3 2024+'!K257 -> 91.12 | I5: ='ALL 3 2024+'!Q257 -> 2.1027307 | J5: ='ALL 3 2024+'!R257 -> 2.0225528 | K5: ='ALL 3 2024+'!S257 -> 4.2528811 | M5: =E5*K5 -> 90.926598 | N5: =J5*F5 -> 91.136228 | O5: =G5 -> 91.12 | Q5: =MAX(M5:O5)-MIN(M5:O5) -> 0.20963004 | S5: =M5-M4 -> -0.37645766 | T5: =N5-N4 -> -0.27003384 | U5: =O5-O4 -> -0.26 | W5: =IF(M5=MAX($M5:$O5),-1,IF(M5=MIN($M5:$O5),1,0)) -> 1 | X5: =IF(N5=MAX($M5:$O5),-1,IF(N5=MIN($M5:$O5),1,0)) -> -1 | Y5: =IF(O5=MAX($M5:$O5),-1,IF(O5=MIN($M5:$O5),1,0)) -> 0 | AA5: =W4*S5 -> -0.37645766 | AB5: =X4*T5 -> 0.27003384 | AC5: =Y4*U5 -> 0 | AE5: =SUM(AA5:AC5) -> -0.10642383 | AG5: =ABS(W5-W4) -> 0 | AH5: =ABS(X5-X4) -> 0 | AI5: =ABS(Y5-Y4) -> 0 | AO5: =+AO3/AO4 -> 0.16233406
A6: ='ALL 3 2024+'!E258 -> 45665 | B6: ='ALL 3 2024+'!F258 -> 45665 | C6: ='ALL 3 2024+'!G258 -> 45665 | E6: ='ALL 3 2024+'!I258 -> 21.4 | F6: ='ALL 3 2024+'!J258 -> 45.08 | G6: ='ALL 3 2024+'!K258 -> 91.17 | I6: ='ALL 3 2024+'!Q258 -> 2.1031477 | J6: ='ALL 3 2024+'!R258 -> 2.0224725 | K6: ='ALL 3 2024+'!S258 -> 4.2535558 | M6: =E6*K6 -> 91.026095 | N6: =J6*F6 -> 91.173062 | O6: =G6 -> 91.17 | Q6: =MAX(M6:O6)-MIN(M6:O6) -> 0.14696762 | S6: =M6-M5 -> 0.099497021 | T6: =N6-N5 -> 0.036834601 | U6: =O6-O5 -> 0.05 | W6: =IF(M6=MAX($M6:$O6),-1,IF(M6=MIN($M6:$O6),1,0)) -> 1 | X6: =IF(N6=MAX($M6:$O6),-1,IF(N6=MIN($M6:$O6),1,0)) -> -1 | Y6: =IF(O6=MAX($M6:$O6),-1,IF(O6=MIN($M6:$O6),1,0)) -> 0 | AA6: =W5*S6 -> 0.099497021 | AB6: =X5*T6 -> -0.036834601 | AC6: =Y5*U6 -> 0 | AE6: =SUM(AA6:AC6) -> 0.062662421 | AG6: =ABS(W6-W5) -> 0 | AH6: =ABS(X6-X5) -> 0 | AI6: =ABS(Y6-Y5) -> 0 | AK6: 0.15 | AL6: 0.15 | AM6: 0.15
A7: ='ALL 3 2024+'!E259 -> 45667 | B7: ='ALL 3 2024+'!F259 -> 45667 | C7: ='ALL 3 2024+'!G259 -> 45667 | E7: ='ALL 3 2024+'!I259 -> 21.28 | F7: ='ALL 3 2024+'!J259 -> 44.77 | G7: ='ALL 3 2024+'!K259 -> 90.52 | I7: ='ALL 3 2024+'!Q259 -> 2.1036246 | J7: ='ALL 3 2024+'!R259 -> 2.0223596 | K7: ='ALL 3 2024+'!S259 -> 4.2542834 | M7: =E7*K7 -> 90.531151 | N7: =J7*F7 -> 90.541041 | O7: =G7 -> 90.52 | P7: =M7-M3 -> -0.79555645 | Q7: =MAX(M7:O7)-MIN(M7:O7) -> 0.021041333 | R7: =N3-N7 -> 0.97354972 | S7: =M7-M6 -> -0.49494346 | T7: =N7-N6 -> -0.63202093 | U7: =O7-O6 -> -0.65 | W7: =IF(M7=MAX($M7:$O7),-1,IF(M7=MIN($M7:$O7),1,0)) -> 0 | X7: =IF(N7=MAX($M7:$O7),-1,IF(N7=MIN($M7:$O7),1,0)) -> -1 | Y7: =IF(O7=MAX($M7:$O7),-1,IF(O7=MIN($M7:$O7),1,0)) -> 1 | AA7: =W6*S7 -> -0.49494346 | AB7: =X6*T7 -> 0.63202093 | AC7: =Y6*U7 -> 0 | AE7: =SUM(AA7:AC7) -> 0.13707747 | AG7: =ABS(W7-W6) -> 1 | AH7: =ABS(X7-X6) -> 0 | AI7: =ABS(Y7-Y6) -> 1 | AM7: =AM6*O2*1000 -> 13740
A8: ='ALL 3 2024+'!E260 -> 45670 | B8: ='ALL 3 2024+'!F260 -> 45670 | C8: ='ALL 3 2024+'!G260 -> 45670 | E8: ='ALL 3 2024+'!I260 -> 21.23 | F8: ='ALL 3 2024+'!J260 -> 44.68 | G8: ='ALL 3 2024+'!K260 -> 90.37 | I8: ='ALL 3 2024+'!Q260 -> 2.1039307 | J8: ='ALL 3 2024+'!R260 -> 2.0221463 | K8: ='ALL 3 2024+'!S260 -> 4.2544545 | M8: =E8*K8 -> 90.32207 | N8: =J8*F8 -> 90.349498 | O8: =G8 -> 90.37 | Q8: =MAX(M8:O8)-MIN(M8:O8) -> 0.047929914 | S8: =M8-M7 -> -0.2090811 | T8: =N8-N7 -> -0.19154348 | U8: =O8-O7 -> -0.15 | W8: =IF(M8=MAX($M8:$O8),-1,IF(M8=MIN($M8:$O8),1,0)) -> 1 | X8: =IF(N8=MAX($M8:$O8),-1,IF(N8=MIN($M8:$O8),1,0)) -> 0 | Y8: =IF(O8=MAX($M8:$O8),-1,IF(O8=MIN($M8:$O8),1,0)) -> -1 | AA8: =W7*S8 -> 0 | AB8: =X7*T8 -> 0.19154348 | AC8: =Y7*U8 -> -0.15 | AE8: =SUM(AA8:AC8) -> 0.041543478 | AG8: =ABS(W8-W7) -> 1 | AH8: =ABS(X8-X7) -> 1 | AI8: =ABS(Y8-Y7) -> 2
A9: ='ALL 3 2024+'!E261 -> 45671 | B9: ='ALL 3 2024+'!F261 -> 45671 | C9: ='ALL 3 2024+'!G261 -> 45671 | E9: ='ALL 3 2024+'!I261 -> 21.25 | F9: ='ALL 3 2024+'!J261 -> 44.77 | G9: ='ALL 3 2024+'!K261 -> 90.46 | I9: ='ALL 3 2024+'!Q261 -> 2.1042959 | J9: ='ALL 3 2024+'!R261 -> 2.0220282 | K9: ='ALL 3 2024+'!S261 -> 4.2549451 | M9: =E9*K9 -> 90.417584 | N9: =J9*F9 -> 90.5262 | O9: =G9 -> 90.46 | Q9: =MAX(M9:O9)-MIN(M9:O9) -> 0.10861591 | S9: =M9-M8 -> 0.095514337 | T9: =N9-N8 -> 0.17670248 | U9: =O9-O8 -> 0.09 | W9: =IF(M9=MAX($M9:$O9),-1,IF(M9=MIN($M9:$O9),1,0)) -> 1 | X9: =IF(N9=MAX($M9:$O9),-1,IF(N9=MIN($M9:$O9),1,0)) -> -1 | Y9: =IF(O9=MAX($M9:$O9),-1,IF(O9=MIN($M9:$O9),1,0)) -> 0 | AA9: =W8*S9 -> 0.095514337 | AB9: =X8*T9 -> 0 | AC9: =Y8*U9 -> -0.09 | AE9: =SUM(AA9:AC9) -> 0.0055143375 | AG9: =ABS(W9-W8) -> 0 | AH9: =ABS(X9-X8) -> 1 | AI9: =ABS(Y9-Y8) -> 1
A10: ='ALL 3 2024+'!E262 -> 45672 | B10: ='ALL 3 2024+'!F262 -> 45672 | C10: ='ALL 3 2024+'!G262 -> 45672 | E10: ='ALL 3 2024+'!I262 -> 21.48 | F10: ='ALL 3 2024+'!J262 -> 45.2 | G10: ='ALL 3 2024+'!K262 -> 91.41 | I10: ='ALL 3 2024+'!Q262 -> 2.1046566 | J10: ='ALL 3 2024+'!R262 -> 2.0218707 | K10: ='ALL 3 2024+'!S262 -> 4.2553433 | M10: =E10*K10 -> 91.404773 | N10: =J10*F10 -> 91.388556 | O10: =G10 -> 91.41 | Q10: =MAX(M10:O10)-MIN(M10:O10) -> 0.021443951 | S10: =M10-M9 -> 0.9871886 | T10: =N10-N9 -> 0.86235571 | U10: =O10-O9 -> 0.95 | W10: =IF(M10=MAX($M10:$O10),-1,IF(M10=MIN($M10:$O10),1,0)) -> 0 | X10: =IF(N10=MAX($M10:$O10),-1,IF(N10=MIN($M10:$O10),1,0)) -> 1 | Y10: =IF(O10=MAX($M10:$O10),-1,IF(O10=MIN($M10:$O10),1,0)) -> -1 | AA10: =W9*S10 -> 0.9871886 | AB10: =X9*T10 -> -0.86235571 | AC10: =Y9*U10 -> 0 | AE10: =SUM(AA10:AC10) -> 0.12483288 | AG10: =ABS(W10-W9) -> 1 | AH10: =ABS(X10-X9) -> 2 | AI10: =ABS(Y10-Y9) -> 1
A11: ='ALL 3 2024+'!E263 -> 45673 | B11: ='ALL 3 2024+'!F263 -> 45673 | C11: ='ALL 3 2024+'!G263 -> 45673 | E11: ='ALL 3 2024+'!I263 -> 21.51 | F11: ='ALL 3 2024+'!J263 -> 45.31 | G11: ='ALL 3 2024+'!K263 -> 91.66 | I11: ='ALL 3 2024+'!Q263 -> 2.1046831 | J11: ='ALL 3 2024+'!R263 -> 2.021984 | K11: ='ALL 3 2024+'!S263 -> 4.255635 | M11: =E11*K11 -> 91.538708 | N11: =J11*F11 -> 91.616094 | O11: =G11 -> 91.66 | Q11: =MAX(M11:O11)-MIN(M11:O11) -> 0.12129185 | S11: =M11-M10 -> 0.13393513 | T11: =N11-N10 -> 0.22753756 | U11: =O11-O10 -> 0.25 | W11: =IF(M11=MAX($M11:$O11),-1,IF(M11=MIN($M11:$O11),1,0)) -> 1 | X11: =IF(N11=MAX($M11:$O11),-1,IF(N11=MIN($M11:$O11),1,0)) -> 0 | Y11: =IF(O11=MAX($M11:$O11),-1,IF(O11=MIN($M11:$O11),1,0)) -> -1 | AA11: =W10*S11 -> 0 | AB11: =X10*T11 -> 0.22753756 | AC11: =Y10*U11 -> -0.25 | AE11: =SUM(AA11:AC11) -> -0.022462443 | AG11: =ABS(W11-W10) -> 1 | AH11: =ABS(X11-X10) -> 1 | AI11: =ABS(Y11-Y10) -> 0
A12: ='ALL 3 2024+'!E264 -> 45674 | B12: ='ALL 3 2024+'!F264 -> 45674 | C12: ='ALL 3 2024+'!G264 -> 45674 | E12: ='ALL 3 2024+'!I264 -> 21.51 | F12: ='ALL 3 2024+'!J264 -> 45.31 | G12: ='ALL 3 2024+'!K264 -> 91.59 | I12: ='ALL 3 2024+'!Q264 -> 2.1050296 | J12: ='ALL 3 2024+'!R264 -> 2.0220266 | K12: ='ALL 3 2024+'!S264 -> 4.2564256 | M12: =E12*K12 -> 91.555714 | N12: =J12*F12 -> 91.618026 | O12: =G12 -> 91.59 | Q12: =MAX(M12:O12)-MIN(M12:O12) -> 0.062311187 | S12: =M12-M11 -> 0.017006307 | T12: =N12-N11 -> 0.0019320415 | U12: =O12-O11 -> -0.07 | W12: =IF(M12=MAX($M12:$O12),-1,IF(M12=MIN($M12:$O12),1,0)) -> 1 | X12: =IF(N12=MAX($M12:$O12),-1,IF(N12=MIN($M12:$O12),1,0)) -> -1 | Y12: =IF(O12=MAX($M12:$O12),-1,IF(O12=MIN($M12:$O12),1,0)) -> 0 | AA12: =W11*S12 -> 0.017006307 | AB12: =X11*T12 -> 0 | AC12: =Y11*U12 -> 0.07 | AE12: =SUM(AA12:AC12) -> 0.087006307 | AG12: =ABS(W12-W11) -> 0 | AH12: =ABS(X12-X11) -> 1 | AI12: =ABS(Y12-Y11) -> 1
A13: ='ALL 3 2024+'!E265 -> 45678 | B13: ='ALL 3 2024+'!F265 -> 45678 | C13: ='ALL 3 2024+'!G265 -> 45678 | E13: ='ALL 3 2024+'!I265 -> 21.59 | F13: ='ALL 3 2024+'!J265 -> 45.46 | G13: ='ALL 3 2024+'!K265 -> 91.92 | I13: ='ALL 3 2024+'!Q265 -> 2.1053188 | J13: ='ALL 3 2024+'!R265 -> 2.0220415 | K13: ='ALL 3 2024+'!S265 -> 4.2570415 | M13: =E13*K13 -> 91.909526 | N13: =J13*F13 -> 91.922007 | O13: =G13 -> 91.92 | Q13: =MAX(M13:O13)-MIN(M13:O13) -> 0.012480888 | S13: =M13-M12 -> 0.35381131 | T13: =N13-N12 -> 0.30398101 | U13: =O13-O12 -> 0.33 | W13: =IF(M13=MAX($M13:$O13),-1,IF(M13=MIN($M13:$O13),1,0)) -> 1 | X13: =IF(N13=MAX($M13:$O13),-1,IF(N13=MIN($M13:$O13),1,0)) -> -1 | Y13: =IF(O13=MAX($M13:$O13),-1,IF(O13=MIN($M13:$O13),1,0)) -> 0 | AA13: =W12*S13 -> 0.35381131 | AB13: =X12*T13 -> -0.30398101 | AC13: =Y12*U13 -> 0 | AE13: =SUM(AA13:AC13) -> 0.0498303 | AG13: =ABS(W13-W12) -> 0 | AH13: =ABS(X13-X12) -> 0 | AI13: =ABS(Y13-Y12) -> 0
A14: ='ALL 3 2024+'!E266 -> 45679 | B14: ='ALL 3 2024+'!F266 -> 45679 | C14: ='ALL 3 2024+'!G266 -> 45679 | E14: ='ALL 3 2024+'!I266 -> 21.55 | F14: ='ALL 3 2024+'!J266 -> 45.36 | G14: ='ALL 3 2024+'!K266 -> 91.77 | I14: ='ALL 3 2024+'!Q266 -> 2.1053356 | J14: ='ALL 3 2024+'!R266 -> 2.0220389 | K14: ='ALL 3 2024+'!S266 -> 4.25707 | M14: =E14*K14 -> 91.739859 | N14: =J14*F14 -> 91.719685 | O14: =G14 -> 91.77 | Q14: =MAX(M14:O14)-MIN(M14:O14) -> 0.050315269 | S14: =M14-M13 -> -0.16966667 | T14: =N14-N13 -> -0.20232193 | U14: =O14-O13 -> -0.15 | W14: =IF(M14=MAX($M14:$O14),-1,IF(M14=MIN($M14:$O14),1,0)) -> 0 | X14: =IF(N14=MAX($M14:$O14),-1,IF(N14=MIN($M14:$O14),1,0)) -> 1 | Y14: =IF(O14=MAX($M14:$O14),-1,IF(O14=MIN($M14:$O14),1,0)) -> -1 | AA14: =W13*S14 -> -0.16966667 | AB14: =X13*T14 -> 0.20232193 | AC14: =Y13*U14 -> 0 | AE14: =SUM(AA14:AC14) -> 0.032655259 | AG14: =ABS(W14-W13) -> 1 | AH14: =ABS(X14-X13) -> 2 | AI14: =ABS(Y14-Y13) -> 1
A15: ='ALL 3 2024+'!E267 -> 45680 | B15: ='ALL 3 2024+'!F267 -> 45680 | C15: ='ALL 3 2024+'!G267 -> 45680 | E15: ='ALL 3 2024+'!I267 -> 21.48 | F15: ='ALL 3 2024+'!J267 -> 45.26 | G15: ='ALL 3 2024+'!K267 -> 91.53 | I15: ='ALL 3 2024+'!Q267 -> 2.1053099 | J15: ='ALL 3 2024+'!R267 -> 2.0221005 | K15: ='ALL 3 2024+'!S267 -> 4.2571477 | M15: =E15*K15 -> 91.443533 | N15: =J15*F15 -> 91.52027 | O15: =G15 -> 91.53 | Q15: =MAX(M15:O15)-MIN(M15:O15) -> 0.086466745 | S15: =M15-M14 -> -0.29632585 | T15: =N15-N14 -> -0.19941476 | U15: =O15-O14 -> -0.24 | W15: =IF(M15=MAX($M15:$O15),-1,IF(M15=MIN($M15:$O15),1,0)) -> 1 | X15: =IF(N15=MAX($M15:$O15),-1,IF(N15=MIN($M15:$O15),1,0)) -> 0 | Y15: =IF(O15=MAX($M15:$O15),-1,IF(O15=MIN($M15:$O15),1,0)) -> -1 | AA15: =W14*S15 -> 0 | AB15: =X14*T15 -> -0.19941476 | AC15: =Y14*U15 -> 0.24 | AE15: =SUM(AA15:AC15) -> 0.04058524 | AG15: =ABS(W15-W14) -> 1 | AH15: =ABS(X15-X14) -> 1 | AI15: =ABS(Y15-Y14) -> 0
A16: ='ALL 3 2024+'!E268 -> 45681 | B16: ='ALL 3 2024+'!F268 -> 45681 | C16: ='ALL 3 2024+'!G268 -> 45681 | E16: ='ALL 3 2024+'!I268 -> 21.52 | F16: ='ALL 3 2024+'!J268 -> 45.32 | G16: ='ALL 3 2024+'!K268 -> 91.65 | I16: ='ALL 3 2024+'!Q268 -> 2.1054028 | J16: ='ALL 3 2024+'!R268 -> 2.0221118 | K16: ='ALL 3 2024+'!S268 -> 4.2573596 | M16: =E16*K16 -> 91.618379 | N16: =J16*F16 -> 91.642109 | O16: =G16 -> 91.65 | Q16: =MAX(M16:O16)-MIN(M16:O16) -> 0.031621479 | S16: =M16-M15 -> 0.17484527 | T16: =N16-N15 -> 0.12183882 | U16: =O16-O15 -> 0.12 | W16: =IF(M16=MAX($M16:$O16),-1,IF(M16=MIN($M16:$O16),1,0)) -> 1 | X16: =IF(N16=MAX($M16:$O16),-1,IF(N16=MIN($M16:$O16),1,0)) -> 0 | Y16: =IF(O16=MAX($M16:$O16),-1,IF(O16=MIN($M16:$O16),1,0)) -> -1 | AA16: =W15*S16 -> 0.17484527 | AB16: =X15*T16 -> 0 | AC16: =Y15*U16 -> -0.12 | AE16: =SUM(AA16:AC16) -> 0.054845265 | AG16: =ABS(W16-W15) -> 0 | AH16: =ABS(X16-X15) -> 0 | AI16: =ABS(Y16-Y15) -> 0
A17: ='ALL 3 2024+'!E269 -> 45684 | B17: ='ALL 3 2024+'!F269 -> 45684 | C17: ='ALL 3 2024+'!G269 -> 45684 | E17: ='ALL 3 2024+'!I269 -> 21.66 | F17: ='ALL 3 2024+'!J269 -> 45.58 | G17: ='ALL 3 2024+'!K269 -> 92.17 | I17: ='ALL 3 2024+'!Q269 -> 2.1054301 | J17: ='ALL 3 2024+'!R269 -> 2.0221206 | K17: ='ALL 3 2024+'!S269 -> 4.2574331 | M17: =E17*K17 -> 92.216 | N17: =J17*F17 -> 92.168255 | O17: =G17 -> 92.17 | Q17: =MAX(M17:O17)-MIN(M17:O17) -> 0.047745532 | S17: =M17-M16 -> 0.5976217 | T17: =N17-N16 -> 0.5261459 | U17: =O17-O16 -> 0.52 | W17: =IF(M17=MAX($M17:$O17),-1,IF(M17=MIN($M17:$O17),1,0)) -> -1 | X17: =IF(N17=MAX($M17:$O17),-1,IF(N17=MIN($M17:$O17),1,0)) -> 1 | Y17: =IF(O17=MAX($M17:$O17),-1,IF(O17=MIN($M17:$O17),1,0)) -> 0 | AA17: =W16*S17 -> 0.5976217 | AB17: =X16*T17 -> 0 | AC17: =Y16*U17 -> -0.52 | AE17: =SUM(AA17:AC17) -> 0.077621703 | AG17: =ABS(W17-W16) -> 2 | AH17: =ABS(X17-X16) -> 1 | AI17: =ABS(Y17-Y16) -> 1
A18: ='ALL 3 2024+'!E270 -> 45685 | B18: ='ALL 3 2024+'!F270 -> 45685 | C18: ='ALL 3 2024+'!G270 -> 45685 | E18: ='ALL 3 2024+'!I270 -> 21.66 | F18: ='ALL 3 2024+'!J270 -> 45.55 | G18: ='ALL 3 2024+'!K270 -> 92.17 | I18: ='ALL 3 2024+'!Q270 -> 2.1053557 | J18: ='ALL 3 2024+'!R270 -> 2.0221658 | K18: ='ALL 3 2024+'!S270 -> 4.257378 | M18: =E18*K18 -> 92.214808 | N18: =J18*F18 -> 92.109654 | O18: =G18 -> 92.17 | Q18: =MAX(M18:O18)-MIN(M18:O18) -> 0.10515389 | S18: =M18-M17 -> -0.0011923077 | T18: =N18-N17 -> -0.058600663 | U18: =O18-O17 -> 0 | W18: =IF(M18=MAX($M18:$O18),-1,IF(M18=MIN($M18:$O18),1,0)) -> -1 | X18: =IF(N18=MAX($M18:$O18),-1,IF(N18=MIN($M18:$O18),1,0)) -> 1 | Y18: =IF(O18=MAX($M18:$O18),-1,IF(O18=MIN($M18:$O18),1,0)) -> 0 | AA18: =W17*S18 -> 0.0011923077 | AB18: =X17*T18 -> -0.058600663 | AC18: =Y17*U18 -> 0 | AE18: =SUM(AA18:AC18) -> -0.057408355 | AG18: =ABS(W18-W17) -> 0 | AH18: =ABS(X18-X17) -> 0 | AI18: =ABS(Y18-Y17) -> 0
A19: ='ALL 3 2024+'!E271 -> 45686 | B19: ='ALL 3 2024+'!F271 -> 45686 | C19: ='ALL 3 2024+'!G271 -> 45686 | E19: ='ALL 3 2024+'!I271 -> 21.67 | F19: ='ALL 3 2024+'!J271 -> 45.6 | G19: ='ALL 3 2024+'!K271 -> 92.2 | I19: ='ALL 3 2024+'!Q271 -> 2.1052942 | J19: ='ALL 3 2024+'!R271 -> 2.0222352 | K19: ='ALL 3 2024+'!S271 -> 4.2573993 | M19: =E19*K19 -> 92.257843 | N19: =J19*F19 -> 92.213923 | O19: =G19 -> 92.2 | Q19: =MAX(M19:O19)-MIN(M19:O19) -> 0.057842839 | S19: =M19-M18 -> 0.043034923 | T19: =N19-N18 -> 0.10426914 | U19: =O19-O18 -> 0.03 | W19: =IF(M19=MAX($M19:$O19),-1,IF(M19=MIN($M19:$O19),1,0)) -> -1 | X19: =IF(N19=MAX($M19:$O19),-1,IF(N19=MIN($M19:$O19),1,0)) -> 0 | Y19: =IF(O19=MAX($M19:$O19),-1,IF(O19=MIN($M19:$O19),1,0)) -> 1 | AA19: =W18*S19 -> -0.043034923 | AB19: =X18*T19 -> 0.10426914 | AC19: =Y18*U19 -> 0 | AE19: =SUM(AA19:AC19) -> 0.061234217 | AG19: =ABS(W19-W18) -> 0 | AH19: =ABS(X19-X18) -> 1 | AI19: =ABS(Y19-Y18) -> 1
A20: ='ALL 3 2024+'!E272 -> 45687 | B20: ='ALL 3 2024+'!F272 -> 45687 | C20: ='ALL 3 2024+'!G272 -> 45687 | E20: ='ALL 3 2024+'!I272 -> 21.69 | F20: ='ALL 3 2024+'!J272 -> 45.64 | G20: ='ALL 3 2024+'!K272 -> 92.33 | I20: ='ALL 3 2024+'!Q272 -> 2.1051033 | J20: ='ALL 3 2024+'!R272 -> 2.0222706 | K20: ='ALL 3 2024+'!S272 -> 4.2570883 | M20: =E20*K20 -> 92.336245 | N20: =J20*F20 -> 92.296432 | O20: =G20 -> 92.33 | Q20: =MAX(M20:O20)-MIN(M20:O20) -> 0.039812591 | S20: =M20-M19 -> 0.078401784 | T20: =N20-N19 -> 0.082508863 | U20: =O20-O19 -> 0.13 | W20: =IF(M20=MAX($M20:$O20),-1,IF(M20=MIN($M20:$O20),1,0)) -> -1 | X20: =IF(N20=MAX($M20:$O20),-1,IF(N20=MIN($M20:$O20),1,0)) -> 1 | Y20: =IF(O20=MAX($M20:$O20),-1,IF(O20=MIN($M20:$O20),1,0)) -> 0 | AA20: =W19*S20 -> -0.078401784 | AB20: =X19*T20 -> 0 | AC20: =Y19*U20 -> 0.13 | AE20: =SUM(AA20:AC20) -> 0.051598216 | AG20: =ABS(W20-W19) -> 0 | AH20: =ABS(X20-X19) -> 1 | AI20: =ABS(Y20-Y19) -> 1
A21: ='ALL 3 2024+'!E273 -> 45688 | B21: ='ALL 3 2024+'!F273 -> 45688 | C21: ='ALL 3 2024+'!G273 -> 45688 | E21: ='ALL 3 2024+'!I273 -> 21.63 | F21: ='ALL 3 2024+'!J273 -> 45.6 | G21: ='ALL 3 2024+'!K273 -> 92.19 | I21: ='ALL 3 2024+'!Q273 -> 2.1051439 | J21: ='ALL 3 2024+'!R273 -> 2.0222969 | K21: ='ALL 3 2024+'!S273 -> 4.2572255 | M21: =E21*K21 -> 92.083787 | N21: =J21*F21 -> 92.216737 | O21: =G21 -> 92.19 | Q21: =MAX(M21:O21)-MIN(M21:O21) -> 0.1329499 | S21: =M21-M20 -> -0.25245787 | T21: =N21-N20 -> -0.079695379 | U21: =O21-O20 -> -0.14 | W21: 0 | X21: 0 | Y21: 0 | AA21: =W20*S21 -> 0.25245787 | AB21: =X20*T21 -> -0.079695379 | AC21: =Y20*U21 -> 0 | AE21: =SUM(AA21:AC21) -> 0.17276249 | AG21: =ABS(W21-W20) -> 1 | AH21: =ABS(X21-X20) -> 1 | AI21: =ABS(Y21-Y20) -> 0
A22: ='ALL 3 2024+'!E274 -> 45691 | B22: ='ALL 3 2024+'!F274 -> 45691 | C22: ='ALL 3 2024+'!G274 -> 45691 | E22: ='ALL 3 2024+'!I274 -> 21.58 | F22: ='ALL 3 2024+'!J274 -> 45.45 | G22: ='ALL 3 2024+'!K274 -> 91.8 | I22: ='ALL 3 2024+'!Q274 -> 2.1053558 | J22: ='ALL 3 2024+'!R274 -> 2.0222796 | K22: ='ALL 3 2024+'!S274 -> 4.2576176 | M22: =E22*K22 -> 91.879389 | N22: =J22*F22 -> 91.912608 | O22: =G22 -> 91.8 | Q22: =MAX(M22:O22)-MIN(M22:O22) -> 0.11260799 | S22: =M22-M21 -> -0.20439805 | T22: =N22-N21 -> -0.30412866 | U22: =O22-O21 -> -0.39 | W22: =IF(M22=MAX($M22:$O22),-1,IF(M22=MIN($M22:$O22),1,0)) -> 0 | X22: =IF(N22=MAX($M22:$O22),-1,IF(N22=MIN($M22:$O22),1,0)) -> -1 | Y22: =IF(O22=MAX($M22:$O22),-1,IF(O22=MIN($M22:$O22),1,0)) -> 1 | AA22: =W21*S22 -> 0 | AB22: =X21*T22 -> 0 | AC22: =Y21*U22 -> 0 | AE22: =SUM(AA22:AC22) -> 0 | AG22: =ABS(W22-W21) -> 0 | AH22: =ABS(X22-X21) -> 1 | AI22: =ABS(Y22-Y21) -> 1
A23: ='ALL 3 2024+'!E275 -> 45692 | B23: ='ALL 3 2024+'!F275 -> 45692 | C23: ='ALL 3 2024+'!G275 -> 45692 | E23: ='ALL 3 2024+'!I275 -> 21.61 | F23: ='ALL 3 2024+'!J275 -> 45.49 | G23: ='ALL 3 2024+'!K275 -> 91.97 | I23: ='ALL 3 2024+'!Q275 -> 2.1055549 | J23: ='ALL 3 2024+'!R275 -> 2.0221213 | K23: ='ALL 3 2024+'!S275 -> 4.2576869 | M23: =E23*K23 -> 92.008614 | N23: =J23*F23 -> 91.986298 | O23: =G23 -> 91.97 | Q23: =MAX(M23:O23)-MIN(M23:O23) -> 0.038614206 | S23: =M23-M22 -> 0.1292255 | T23: =N23-N22 -> 0.073689622 | U23: =O23-O22 -> 0.17 | W23: =IF(M23=MAX($M23:$O23),-1,IF(M23=MIN($M23:$O23),1,0)) -> -1 | X23: =IF(N23=MAX($M23:$O23),-1,IF(N23=MIN($M23:$O23),1,0)) -> 0 | Y23: =IF(O23=MAX($M23:$O23),-1,IF(O23=MIN($M23:$O23),1,0)) -> 1 | AA23: =W22*S23 -> 0 | AB23: =X22*T23 -> -0.073689622 | AC23: =Y22*U23 -> 0.17 | AE23: =SUM(AA23:AC23) -> 0.096310378 | AG23: =ABS(W23-W22) -> 1 | AH23: =ABS(X23-X22) -> 1 | AI23: =ABS(Y23-Y22) -> 0
A24: ='ALL 3 2024+'!E276 -> 45693 | B24: ='ALL 3 2024+'!F276 -> 45693 | C24: ='ALL 3 2024+'!G276 -> 45693 | E24: ='ALL 3 2024+'!I276 -> 21.74 | F24: ='ALL 3 2024+'!J276 -> 45.71 | G24: ='ALL 3 2024+'!K276 -> 92.48 | I24: ='ALL 3 2024+'!Q276 -> 2.1054998 | J24: ='ALL 3 2024+'!R276 -> 2.0221042 | K24: ='ALL 3 2024+'!S276 -> 4.2575396 | M24: =E24*K24 -> 92.558912 | N24: =J24*F24 -> 92.430384 | O24: =G24 -> 92.48 | Q24: =MAX(M24:O24)-MIN(M24:O24) -> 0.12852763 | S24: =M24-M23 -> 0.55029766 | T24: =N24-N23 -> 0.44408663 | U24: =O24-O23 -> 0.51 | W24: =IF(M24=MAX($M24:$O24),-1,IF(M24=MIN($M24:$O24),1,0)) -> -1 | X24: =IF(N24=MAX($M24:$O24),-1,IF(N24=MIN($M24:$O24),1,0)) -> 1 | Y24: =IF(O24=MAX($M24:$O24),-1,IF(O24=MIN($M24:$O24),1,0)) -> 0 | AA24: =W23*S24 -> -0.55029766 | AB24: =X23*T24 -> 0 | AC24: =Y23*U24 -> 0.51 | AE24: =SUM(AA24:AC24) -> -0.040297658 | AG24: =ABS(W24-W23) -> 0 | AH24: =ABS(X24-X23) -> 1 | AI24: =ABS(Y24-Y23) -> 1
A25: ='ALL 3 2024+'!E277 -> 45694 | B25: ='ALL 3 2024+'!F277 -> 45694 | C25: ='ALL 3 2024+'!G277 -> 45694 | E25: ='ALL 3 2024+'!I277 -> 21.73 | F25: ='ALL 3 2024+'!J277 -> 45.66 | G25: ='ALL 3 2024+'!K277 -> 92.39 | I25: ='ALL 3 2024+'!Q277 -> 2.1053887 | J25: ='ALL 3 2024+'!R277 -> 2.0221573 | K25: ='ALL 3 2024+'!S277 -> 4.2574266 | M25: =E25*K25 -> 92.513879 | N25: =J25*F25 -> 92.331701 | O25: =G25 -> 92.39 | Q25: =MAX(M25:O25)-MIN(M25:O25) -> 0.18217826 | S25: =M25-M24 -> -0.04503258 | T25: =N25-N24 -> -0.098683212 | U25: =O25-O24 -> -0.09 | W25: =IF(M25=MAX($M25:$O25),-1,IF(M25=MIN($M25:$O25),1,0)) -> -1 | X25: =IF(N25=MAX($M25:$O25),-1,IF(N25=MIN($M25:$O25),1,0)) -> 1 | Y25: =IF(O25=MAX($M25:$O25),-1,IF(O25=MIN($M25:$O25),1,0)) -> 0 | AA25: =W24*S25 -> 0.04503258 | AB25: =X24*T25 -> -0.098683212 | AC25: =Y24*U25 -> 0 | AE25: =SUM(AA25:AC25) -> -0.053650633 | AG25: =ABS(W25-W24) -> 0 | AH25: =ABS(X25-X24) -> 0 | AI25: =ABS(Y25-Y24) -> 0
A26: ='ALL 3 2024+'!E278 -> 45695 | B26: ='ALL 3 2024+'!F278 -> 45695 | C26: ='ALL 3 2024+'!G278 -> 45695 | E26: ='ALL 3 2024+'!I278 -> 21.67 | F26: ='ALL 3 2024+'!J278 -> 45.56 | G26: ='ALL 3 2024+'!K278 -> 92.18 | I26: ='ALL 3 2024+'!Q278 -> 2.105072 | J26: ='ALL 3 2024+'!R278 -> 2.0222193 | K26: ='ALL 3 2024+'!S278 -> 4.2569165 | M26: =E26*K26 -> 92.247381 | N26: =J26*F26 -> 92.132313 | O26: =G26 -> 92.18 | Q26: =MAX(M26:O26)-MIN(M26:O26) -> 0.11506726 | S26: =M26-M25 -> -0.26649871 | T26: =N26-N25 -> -0.19938771 | U26: =O26-O25 -> -0.21 | W26: =IF(M26=MAX($M26:$O26),-1,IF(M26=MIN($M26:$O26),1,0)) -> -1 | X26: =IF(N26=MAX($M26:$O26),-1,IF(N26=MIN($M26:$O26),1,0)) -> 1 | Y26: =IF(O26=MAX($M26:$O26),-1,IF(O26=MIN($M26:$O26),1,0)) -> 0 | AA26: =W25*S26 -> 0.26649871 | AB26: =X25*T26 -> -0.19938771 | AC26: =Y25*U26 -> 0 | AE26: =SUM(AA26:AC26) -> 0.067111 | AG26: =ABS(W26-W25) -> 0 | AH26: =ABS(X26-X25) -> 0 | AI26: =ABS(Y26-Y25) -> 0
A27: ='ALL 3 2024+'!E279 -> 45698 | B27: ='ALL 3 2024+'!F279 -> 45698 | C27: ='ALL 3 2024+'!G279 -> 45698 | E27: ='ALL 3 2024+'!I279 -> 21.68 | F27: ='ALL 3 2024+'!J279 -> 45.55 | G27: ='ALL 3 2024+'!K279 -> 92.2 | I27: ='ALL 3 2024+'!Q279 -> 2.1048672 | J27: ='ALL 3 2024+'!R279 -> 2.0222624 | K27: ='ALL 3 2024+'!S279 -> 4.2565928 | M27: =E27*K27 -> 92.282933 | N27: =J27*F27 -> 92.114053 | O27: =G27 -> 92.2 | Q27: =MAX(M27:O27)-MIN(M27:O27) -> 0.16887974 | S27: =M27-M26 -> 0.035552143 | T27: =N27-N26 -> -0.018260335 | U27: =O27-O26 -> 0.02 | W27: =IF(M27=MAX($M27:$O27),-1,IF(M27=MIN($M27:$O27),1,0)) -> -1 | X27: =IF(N27=MAX($M27:$O27),-1,IF(N27=MIN($M27:$O27),1,0)) -> 1 | Y27: =IF(O27=MAX($M27:$O27),-1,IF(O27=MIN($M27:$O27),1,0)) -> 0 | AA27: =W26*S27 -> -0.035552143 | AB27: =X26*T27 -> -0.018260335 | AC27: =Y26*U27 -> 0 | AE27: =SUM(AA27:AC27) -> -0.053812478 | AG27: =ABS(W27-W26) -> 0 | AH27: =ABS(X27-X26) -> 0 | AI27: =ABS(Y27-Y26) -> 0
A28: ='ALL 3 2024+'!E280 -> 45699 | B28: ='ALL 3 2024+'!F280 -> 45699 | C28: ='ALL 3 2024+'!G280 -> 45699 | E28: ='ALL 3 2024+'!I280 -> 21.64 | F28: ='ALL 3 2024+'!J280 -> 45.47 | G28: ='ALL 3 2024+'!K280 -> 91.95 | I28: ='ALL 3 2024+'!Q280 -> 2.1047253 | J28: ='ALL 3 2024+'!R280 -> 2.0223754 | K28: ='ALL 3 2024+'!S280 -> 4.2565432 | M28: =E28*K28 -> 92.111596 | N28: =J28*F28 -> 91.957409 | O28: =G28 -> 91.95 | Q28: =MAX(M28:O28)-MIN(M28:O28) -> 0.1615958 | S28: =M28-M27 -> -0.17133692 | T28: =N28-N27 -> -0.15664373 | U28: =O28-O27 -> -0.25 | W28: =IF(M28=MAX($M28:$O28),-1,IF(M28=MIN($M28:$O28),1,0)) -> -1 | X28: =IF(N28=MAX($M28:$O28),-1,IF(N28=MIN($M28:$O28),1,0)) -> 0 | Y28: =IF(O28=MAX($M28:$O28),-1,IF(O28=MIN($M28:$O28),1,0)) -> 1 | AA28: =W27*S28 -> 0.17133692 | AB28: =X27*T28 -> -0.15664373 | AC28: =Y27*U28 -> 0 | AE28: =SUM(AA28:AC28) -> 0.014693189 | AG28: =ABS(W28-W27) -> 0 | AH28: =ABS(X28-X27) -> 1 | AI28: =ABS(Y28-Y27) -> 1
A29: ='ALL 3 2024+'!E281 -> 45700 | B29: ='ALL 3 2024+'!F281 -> 45700 | C29: ='ALL 3 2024+'!G281 -> 45700 | E29: ='ALL 3 2024+'!I281 -> 21.51 | F29: ='ALL 3 2024+'!J281 -> 45.25 | G29: ='ALL 3 2024+'!K281 -> 91.44 | I29: ='ALL 3 2024+'!Q281 -> 2.1045569 | J29: ='ALL 3 2024+'!R281 -> 2.0223558 | K29: ='ALL 3 2024+'!S281 -> 4.2561614 | M29: =E29*K29 -> 91.550032 | N29: =J29*F29 -> 91.511598 | O29: =G29 -> 91.44 | Q29: =MAX(M29:O29)-MIN(M29:O29) -> 0.11003221 | S29: =M29-M28 -> -0.56156359 | T29: =N29-N28 -> -0.44581117 | U29: =O29-O28 -> -0.51 | W29: =IF(M29=MAX($M29:$O29),-1,IF(M29=MIN($M29:$O29),1,0)) -> -1 | X29: =IF(N29=MAX($M29:$O29),-1,IF(N29=MIN($M29:$O29),1,0)) -> 0 | Y29: =IF(O29=MAX($M29:$O29),-1,IF(O29=MIN($M29:$O29),1,0)) -> 1 | AA29: =W28*S29 -> 0.56156359 | AB29: =X28*T29 -> 0 | AC29: =Y28*U29 -> -0.51 | AE29: =SUM(AA29:AC29) -> 0.051563585 | AG29: =ABS(W29-W28) -> 0 | AH29: =ABS(X29-X28) -> 0 | AI29: =ABS(Y29-Y28) -> 0
A30: ='ALL 3 2024+'!E282 -> 45701 | B30: ='ALL 3 2024+'!F282 -> 45701 | C30: ='ALL 3 2024+'!G282 -> 45701 | E30: ='ALL 3 2024+'!I282 -> 21.64 | F30: ='ALL 3 2024+'!J282 -> 45.54 | G30: ='ALL 3 2024+'!K282 -> 92.07 | I30: ='ALL 3 2024+'!Q282 -> 2.1043994 | J30: ='ALL 3 2024+'!R282 -> 2.022367 | K30: ='ALL 3 2024+'!S282 -> 4.2558667 | M30: =E30*K30 -> 92.096955 | N30: =J30*F30 -> 92.098591 | O30: =G30 -> 92.07 | P30: =M25-M30 -> 0.41692464 | Q30: =MAX(M30:O30)-MIN(M30:O30) -> 0.028591308 | R30: =N30-N25 -> -0.23310972 | S30: =M30-M29 -> 0.54692243 | T30: =N30-N29 -> 0.58699323 | U30: =O30-O29 -> 0.63 | W30: =IF(M30=MAX($M30:$O30),-1,IF(M30=MIN($M30:$O30),1,0)) -> 0 | X30: =IF(N30=MAX($M30:$O30),-1,IF(N30=MIN($M30:$O30),1,0)) -> -1 | Y30: =IF(O30=MAX($M30:$O30),-1,IF(O30=MIN($M30:$O30),1,0)) -> 1 | AA30: =W29*S30 -> -0.54692243 | AB30: =X29*T30 -> 0 | AC30: =Y29*U30 -> 0.63 | AE30: =SUM(AA30:AC30) -> 0.083077569 | AG30: =ABS(W30-W29) -> 1 | AH30: =ABS(X30-X29) -> 1 | AI30: =ABS(Y30-Y29) -> 0
A31: ='ALL 3 2024+'!E283 -> 45702 | B31: ='ALL 3 2024+'!F283 -> 45702 | C31: ='ALL 3 2024+'!G283 -> 45702 | E31: ='ALL 3 2024+'!I283 -> 21.74 | F31: ='ALL 3 2024+'!J283 -> 45.73 | G31: ='ALL 3 2024+'!K283 -> 92.43 | I31: ='ALL 3 2024+'!Q283 -> 2.104407 | J31: ='ALL 3 2024+'!R283 -> 2.0223367 | K31: ='ALL 3 2024+'!S283 -> 4.2558184 | M31: =E31*K31 -> 92.521492 | N31: =J31*F31 -> 92.481455 | O31: =G31 -> 92.43 | Q31: =MAX(M31:O31)-MIN(M31:O31) -> 0.091491789 | S31: =M31-M30 -> 0.42453715 | T31: =N31-N30 -> 0.3828641 | U31: =O31-O30 -> 0.36 | W31: =IF(M31=MAX($M31:$O31),-1,IF(M31=MIN($M31:$O31),1,0)) -> -1 | X31: =IF(N31=MAX($M31:$O31),-1,IF(N31=MIN($M31:$O31),1,0)) -> 0 | Y31: =IF(O31=MAX($M31:$O31),-1,IF(O31=MIN($M31:$O31),1,0)) -> 1 | AA31: =W30*S31 -> 0 | AB31: =X30*T31 -> -0.3828641 | AC31: =Y30*U31 -> 0.36 | AE31: =SUM(AA31:AC31) -> -0.022864098 | AG31: =ABS(W31-W30) -> 1 | AH31: =ABS(X31-X30) -> 1 | AI31: =ABS(Y31-Y30) -> 0
A32: ='ALL 3 2024+'!E284 -> 45706 | B32: ='ALL 3 2024+'!F284 -> 45706 | C32: ='ALL 3 2024+'!G284 -> 45706 | E32: ='ALL 3 2024+'!I284 -> 21.64 | F32: ='ALL 3 2024+'!J284 -> 45.52 | G32: ='ALL 3 2024+'!K284 -> 91.99 | I32: ='ALL 3 2024+'!Q284 -> 2.1042587 | J32: ='ALL 3 2024+'!R284 -> 2.0222496 | K32: ='ALL 3 2024+'!S284 -> 4.2553352 | M32: =E32*K32 -> 92.085454 | N32: =J32*F32 -> 92.052801 | O32: =G32 -> 91.99 | Q32: =MAX(M32:O32)-MIN(M32:O32) -> 0.095453621 | S32: =M32-M31 -> -0.43603817 | T32: =N32-N31 -> -0.42865443 | U32: =O32-O31 -> -0.44 | W32: =IF(M32=MAX($M32:$O32),-1,IF(M32=MIN($M32:$O32),1,0)) -> -1 | X32: =IF(N32=MAX($M32:$O32),-1,IF(N32=MIN($M32:$O32),1,0)) -> 0 | Y32: =IF(O32=MAX($M32:$O32),-1,IF(O32=MIN($M32:$O32),1,0)) -> 1 | AA32: =W31*S32 -> 0.43603817 | AB32: =X31*T32 -> 0 | AC32: =Y31*U32 -> -0.44 | AE32: =SUM(AA32:AC32) -> -0.0039618315 | AG32: =ABS(W32-W31) -> 0 | AH32: =ABS(X32-X31) -> 0 | AI32: =ABS(Y32-Y31) -> 0
A33: ='ALL 3 2024+'!E285 -> 45707 | B33: ='ALL 3 2024+'!F285 -> 45707 | C33: ='ALL 3 2024+'!G285 -> 45707 | E33: ='ALL 3 2024+'!I285 -> 21.69 | F33: ='ALL 3 2024+'!J285 -> 45.6 | G33: ='ALL 3 2024+'!K285 -> 92.13 | I33: ='ALL 3 2024+'!Q285 -> 2.1041112 | J33: ='ALL 3 2024+'!R285 -> 2.0222227 | K33: ='ALL 3 2024+'!S285 -> 4.2549804 | M33: =E33*K33 -> 92.290526 | N33: =J33*F33 -> 92.213354 | O33: =G33 -> 92.13 | Q33: =MAX(M33:O33)-MIN(M33:O33) -> 0.16052552 | S33: =M33-M32 -> 0.20507189 | T33: =N33-N32 -> 0.16055303 | U33: =O33-O32 -> 0.14 | W33: =IF(M33=MAX($M33:$O33),-1,IF(M33=MIN($M33:$O33),1,0)) -> -1 | X33: =IF(N33=MAX($M33:$O33),-1,IF(N33=MIN($M33:$O33),1,0)) -> 0 | Y33: =IF(O33=MAX($M33:$O33),-1,IF(O33=MIN($M33:$O33),1,0)) -> 1 | AA33: =W32*S33 -> -0.20507189 | AB33: =X32*T33 -> 0 | AC33: =Y32*U33 -> 0.14 | AE33: =SUM(AA33:AC33) -> -0.065071895 | AG33: =ABS(W33-W32) -> 0 | AH33: =ABS(X33-X32) -> 0 | AI33: =ABS(Y33-Y32) -> 0
A34: ='ALL 3 2024+'!E286 -> 45708 | B34: ='ALL 3 2024+'!F286 -> 45708 | C34: ='ALL 3 2024+'!G286 -> 45708 | E34: ='ALL 3 2024+'!I286 -> 21.74 | F34: ='ALL 3 2024+'!J286 -> 45.7 | G34: ='ALL 3 2024+'!K286 -> 92.38 | I34: ='ALL 3 2024+'!Q286 -> 2.1039485 | J34: ='ALL 3 2024+'!R286 -> 2.0221425 | K34: ='ALL 3 2024+'!S286 -> 4.2544831 | M34: =E34*K34 -> 92.492462 | N34: =J34*F34 -> 92.411914 | O34: =G34 -> 92.38 | Q34: =MAX(M34:O34)-MIN(M34:O34) -> 0.11246204 | S34: =M34-M33 -> 0.20193652 | T34: =N34-N33 -> 0.19856027 | U34: =O34-O33 -> 0.25 | W34: =IF(M34=MAX($M34:$O34),-1,IF(M34=MIN($M34:$O34),1,0)) -> -1 | X34: =IF(N34=MAX($M34:$O34),-1,IF(N34=MIN($M34:$O34),1,0)) -> 0 | Y34: =IF(O34=MAX($M34:$O34),-1,IF(O34=MIN($M34:$O34),1,0)) -> 1 | AA34: =W33*S34 -> -0.20193652 | AB34: =X33*T34 -> 0 | AC34: =Y33*U34 -> 0.25 | AE34: =SUM(AA34:AC34) -> 0.048063479 | AG34: =ABS(W34-W33) -> 0 | AH34: =ABS(X34-X33) -> 0 | AI34: =ABS(Y34-Y33) -> 0
A35: ='ALL 3 2024+'!E287 -> 45709 | B35: ='ALL 3 2024+'!F287 -> 45709 | C35: ='ALL 3 2024+'!G287 -> 45709 | E35: ='ALL 3 2024+'!I287 -> 21.83 | F35: ='ALL 3 2024+'!J287 -> 45.94 | G35: ='ALL 3 2024+'!K287 -> 92.87 | I35: ='ALL 3 2024+'!Q287 -> 2.1038107 | J35: ='ALL 3 2024+'!R287 -> 2.0220573 | K35: ='ALL 3 2024+'!S287 -> 4.2540251 | M35: =E35*K35 -> 92.865369 | N35: =J35*F35 -> 92.893315 | O35: =G35 -> 92.87 | Q35: =MAX(M35:O35)-MIN(M35:O35) -> 0.027945682 | S35: =M35-M34 -> 0.37290681 | T35: =N35-N34 -> 0.48140024 | U35: =O35-O34 -> 0.49 | W35: =IF(M35=MAX($M35:$O35),-1,IF(M35=MIN($M35:$O35),1,0)) -> 1 | X35: =IF(N35=MAX($M35:$O35),-1,IF(N35=MIN($M35:$O35),1,0)) -> -1 | Y35: =IF(O35=MAX($M35:$O35),-1,IF(O35=MIN($M35:$O35),1,0)) -> 0 | AA35: =W34*S35 -> -0.37290681 | AB35: =X34*T35 -> 0 | AC35: =Y34*U35 -> 0.49 | AE35: =SUM(AA35:AC35) -> 0.11709319 | AG35: =ABS(W35-W34) -> 2 | AH35: =ABS(X35-X34) -> 1 | AI35: =ABS(Y35-Y34) -> 1
A36: ='ALL 3 2024+'!E288 -> 45712 | B36: ='ALL 3 2024+'!F288 -> 45712 | C36: ='ALL 3 2024+'!G288 -> 45712 | E36: ='ALL 3 2024+'!I288 -> 21.84 | F36: ='ALL 3 2024+'!J288 -> 45.98 | G36: ='ALL 3 2024+'!K288 -> 92.99 | I36: ='ALL 3 2024+'!Q288 -> 2.1036791 | J36: ='ALL 3 2024+'!R288 -> 2.0220191 | K36: ='ALL 3 2024+'!S288 -> 4.2536783 | M36: =E36*K36 -> 92.900335 | N36: =J36*F36 -> 92.972437 | O36: =G36 -> 92.99 | Q36: =MAX(M36:O36)-MIN(M36:O36) -> 0.089664901 | S36: =M36-M35 -> 0.034966253 | T36: =N36-N35 -> 0.079122035 | U36: =O36-O35 -> 0.12 | W36: =IF(M36=MAX($M36:$O36),-1,IF(M36=MIN($M36:$O36),1,0)) -> 1 | X36: =IF(N36=MAX($M36:$O36),-1,IF(N36=MIN($M36:$O36),1,0)) -> 0 | Y36: =IF(O36=MAX($M36:$O36),-1,IF(O36=MIN($M36:$O36),1,0)) -> -1 | AA36: =W35*S36 -> 0.034966253 | AB36: =X35*T36 -> -0.079122035 | AC36: =Y35*U36 -> 0 | AE36: =SUM(AA36:AC36) -> -0.044155782 | AG36: =ABS(W36-W35) -> 0 | AH36: =ABS(X36-X35) -> 1 | AI36: =ABS(Y36-Y35) -> 1
A37: ='ALL 3 2024+'!E289 -> 45713 | B37: ='ALL 3 2024+'!F289 -> 45713 | C37: ='ALL 3 2024+'!G289 -> 45713 | E37: ='ALL 3 2024+'!I289 -> 22.01 | F37: ='ALL 3 2024+'!J289 -> 46.28 | G37: ='ALL 3 2024+'!K289 -> 93.54 | I37: ='ALL 3 2024+'!Q289 -> 2.1036472 | J37: ='ALL 3 2024+'!R289 -> 2.0220248 | K37: ='ALL 3 2024+'!S289 -> 4.2536261 | M37: =E37*K37 -> 93.62231 | N37: =J37*F37 -> 93.579309 | O37: =G37 -> 93.54 | Q37: =MAX(M37:O37)-MIN(M37:O37) -> 0.08231027 | S37: =M37-M36 -> 0.72197517 | T37: =N37-N36 -> 0.60687201 | U37: =O37-O36 -> 0.55 | W37: =IF(M37=MAX($M37:$O37),-1,IF(M37=MIN($M37:$O37),1,0)) -> -1 | X37: =IF(N37=MAX($M37:$O37),-1,IF(N37=MIN($M37:$O37),1,0)) -> 0 | Y37: =IF(O37=MAX($M37:$O37),-1,IF(O37=MIN($M37:$O37),1,0)) -> 1 | AA37: =W36*S37 -> 0.72197517 | AB37: =X36*T37 -> 0 | AC37: =Y36*U37 -> -0.55 | AE37: =SUM(AA37:AC37) -> 0.17197517 | AG37: =ABS(W37-W36) -> 2 | AH37: =ABS(X37-X36) -> 0 | AI37: =ABS(Y37-Y36) -> 2
A38: ='ALL 3 2024+'!E290 -> 45714 | B38: ='ALL 3 2024+'!F290 -> 45714 | C38: ='ALL 3 2024+'!G290 -> 45714 | E38: ='ALL 3 2024+'!I290 -> 22.05 | F38: ='ALL 3 2024+'!J290 -> 46.34 | G38: ='ALL 3 2024+'!K290 -> 93.8 | I38: ='ALL 3 2024+'!Q290 -> 2.1035643 | J38: ='ALL 3 2024+'!R290 -> 2.0219756 | K38: ='ALL 3 2024+'!S290 -> 4.2533549 | M38: =E38*K38 -> 93.786477 | N38: =J38*F38 -> 93.698352 | O38: =G38 -> 93.8 | Q38: =MAX(M38:O38)-MIN(M38:O38) -> 0.10164845 | S38: =M38-M37 -> 0.16416628 | T38: =N38-N37 -> 0.11904298 | U38: =O38-O37 -> 0.26 | W38: =IF(M38=MAX($M38:$O38),-1,IF(M38=MIN($M38:$O38),1,0)) -> 0 | X38: =IF(N38=MAX($M38:$O38),-1,IF(N38=MIN($M38:$O38),1,0)) -> 1 | Y38: =IF(O38=MAX($M38:$O38),-1,IF(O38=MIN($M38:$O38),1,0)) -> -1 | AA38: =W37*S38 -> -0.16416628 | AB38: =X37*T38 -> 0 | AC38: =Y37*U38 -> 0.26 | AE38: =SUM(AA38:AC38) -> 0.095833715 | AG38: =ABS(W38-W37) -> 1 | AH38: =ABS(X38-X37) -> 1 | AI38: =ABS(Y38-Y37) -> 2
A39: ='ALL 3 2024+'!E291 -> 45715 | B39: ='ALL 3 2024+'!F291 -> 45715 | C39: ='ALL 3 2024+'!G291 -> 45715 | E39: ='ALL 3 2024+'!I291 -> 22.04 | F39: ='ALL 3 2024+'!J291 -> 46.28 | G39: ='ALL 3 2024+'!K291 -> 93.67 | I39: ='ALL 3 2024+'!Q291 -> 2.1034959 | J39: ='ALL 3 2024+'!R291 -> 2.0220096 | K39: ='ALL 3 2024+'!S291 -> 4.2532879 | M39: =E39*K39 -> 93.742465 | N39: =J39*F39 -> 93.578603 | O39: =G39 -> 93.67 | Q39: =MAX(M39:O39)-MIN(M39:O39) -> 0.16386205 | S39: =M39-M38 -> -0.044011411 | T39: =N39-N38 -> -0.11974846 | U39: =O39-O38 -> -0.13 | W39: =IF(M39=MAX($M39:$O39),-1,IF(M39=MIN($M39:$O39),1,0)) -> -1 | X39: =IF(N39=MAX($M39:$O39),-1,IF(N39=MIN($M39:$O39),1,0)) -> 1 | Y39: =IF(O39=MAX($M39:$O39),-1,IF(O39=MIN($M39:$O39),1,0)) -> 0 | AA39: =W38*S39 -> 0 | AB39: =X38*T39 -> -0.11974846 | AC39: =Y38*U39 -> 0.13 | AE39: =SUM(AA39:AC39) -> 0.010251544 | AG39: =ABS(W39-W38) -> 1 | AH39: =ABS(X39-X38) -> 0 | AI39: =ABS(Y39-Y38) -> 1
A40: ='ALL 3 2024+'!E292 -> 45716 | B40: ='ALL 3 2024+'!F292 -> 45716 | C40: ='ALL 3 2024+'!G292 -> 45716 | E40: ='ALL 3 2024+'!I292 -> 22.14 | F40: ='ALL 3 2024+'!J292 -> 46.49 | G40: ='ALL 3 2024+'!K292 -> 94.08 | I40: ='ALL 3 2024+'!Q292 -> 2.1032722 | J40: ='ALL 3 2024+'!R292 -> 2.0221123 | K40: ='ALL 3 2024+'!S292 -> 4.2530514 | M40: =E40*K40 -> 94.162558 | N40: =J40*F40 -> 94.008001 | O40: =G40 -> 94.08 | Q40: =MAX(M40:O40)-MIN(M40:O40) -> 0.15455671 | S40: =M40-M39 -> 0.42009263 | T40: =N40-N39 -> 0.42939797 | U40: =O40-O39 -> 0.41 | W40: 0 | X40: 0 | Y40: 0 | AA40: =W39*S40 -> -0.42009263 | AB40: =X39*T40 -> 0.42939797 | AC40: =Y39*U40 -> 0 | AE40: =SUM(AA40:AC40) -> 0.0093053368 | AG40: =ABS(W40-W39) -> 1 | AH40: =ABS(X40-X39) -> 1 | AI40: =ABS(Y40-Y39) -> 0
A41: ='ALL 3 2024+'!E293 -> 45719 | B41: ='ALL 3 2024+'!F293 -> 45719 | C41: ='ALL 3 2024+'!G293 -> 45719 | E41: ='ALL 3 2024+'!I293 -> 22.1 | F41: ='ALL 3 2024+'!J293 -> 46.41 | G41: ='ALL 3 2024+'!K293 -> 93.89 | I41: ='ALL 3 2024+'!Q293 -> 2.1030534 | J41: ='ALL 3 2024+'!R293 -> 2.022145 | K41: ='ALL 3 2024+'!S293 -> 4.2526775 | M41: =E41*K41 -> 93.984173 | N41: =J41*F41 -> 93.847752 | O41: =G41 -> 93.89 | Q41: =MAX(M41:O41)-MIN(M41:O41) -> 0.13642097 | S41: =M41-M40 -> -0.17838511 | T41: =N41-N40 -> -0.16024936 | U41: =O41-O40 -> -0.19 | W41: =IF(M41=MAX($M41:$O41),-1,IF(M41=MIN($M41:$O41),1,0)) -> -1 | X41: =IF(N41=MAX($M41:$O41),-1,IF(N41=MIN($M41:$O41),1,0)) -> 1 | Y41: =IF(O41=MAX($M41:$O41),-1,IF(O41=MIN($M41:$O41),1,0)) -> 0 | AA41: =W40*S41 -> 0 | AB41: =X40*T41 -> 0 | AC41: =Y40*U41 -> 0 | AE41: =SUM(AA41:AC41) -> 0 | AG41: =ABS(W41-W40) -> 1 | AH41: =ABS(X41-X40) -> 1 | AI41: =ABS(Y41-Y40) -> 0
A42: ='ALL 3 2024+'!E294 -> 45720 | B42: ='ALL 3 2024+'!F294 -> 45720 | C42: ='ALL 3 2024+'!G294 -> 45720 | E42: ='ALL 3 2024+'!I294 -> 22 | F42: ='ALL 3 2024+'!J294 -> 46.24 | G42: ='ALL 3 2024+'!K294 -> 93.61 | I42: ='ALL 3 2024+'!Q294 -> 2.1026443 | J42: ='ALL 3 2024+'!R294 -> 2.0222123 | K42: ='ALL 3 2024+'!S294 -> 4.2519915 | M42: =E42*K42 -> 93.543813 | N42: =J42*F42 -> 93.507096 | O42: =G42 -> 93.61 | Q42: =MAX(M42:O42)-MIN(M42:O42) -> 0.10290366 | S42: =M42-M41 -> -0.44035935 | T42: =N42-N41 -> -0.34065537 | U42: =O42-O41 -> -0.28 | W42: =IF(M42=MAX($M42:$O42),-1,IF(M42=MIN($M42:$O42),1,0)) -> 0 | X42: =IF(N42=MAX($M42:$O42),-1,IF(N42=MIN($M42:$O42),1,0)) -> 1 | Y42: =IF(O42=MAX($M42:$O42),-1,IF(O42=MIN($M42:$O42),1,0)) -> -1 | AA42: =W41*S42 -> 0.44035935 | AB42: =X41*T42 -> -0.34065537 | AC42: =Y41*U42 -> 0 | AE42: =SUM(AA42:AC42) -> 0.09970398 | AG42: =ABS(W42-W41) -> 1 | AH42: =ABS(X42-X41) -> 0 | AI42: =ABS(Y42-Y41) -> 1
A43: ='ALL 3 2024+'!E295 -> 45721 | B43: ='ALL 3 2024+'!F295 -> 45721 | C43: ='ALL 3 2024+'!G295 -> 45721 | E43: ='ALL 3 2024+'!I295 -> 21.93 | F43: ='ALL 3 2024+'!J295 -> 46.09 | G43: ='ALL 3 2024+'!K295 -> 93.22 | I43: ='ALL 3 2024+'!Q295 -> 2.1024294 | J43: ='ALL 3 2024+'!R295 -> 2.0224441 | K43: ='ALL 3 2024+'!S295 -> 4.2520446 | M43: =E43*K43 -> 93.247337 | N43: =J43*F43 -> 93.214448 | O43: =G43 -> 93.22 | Q43: =MAX(M43:O43)-MIN(M43:O43) -> 0.032889943 | S43: =M43-M42 -> -0.29647584 | T43: =N43-N42 -> -0.29264879 | U43: =O43-O42 -> -0.39 | W43: =IF(M43=MAX($M43:$O43),-1,IF(M43=MIN($M43:$O43),1,0)) -> -1 | X43: =IF(N43=MAX($M43:$O43),-1,IF(N43=MIN($M43:$O43),1,0)) -> 1 | Y43: =IF(O43=MAX($M43:$O43),-1,IF(O43=MIN($M43:$O43),1,0)) -> 0 | AA43: =W42*S43 -> 0 | AB43: =X42*T43 -> -0.29264879 | AC43: =Y42*U43 -> 0.39 | AE43: =SUM(AA43:AC43) -> 0.09735121 | AG43: =ABS(W43-W42) -> 1 | AH43: =ABS(X43-X42) -> 0 | AI43: =ABS(Y43-Y42) -> 1
A44: ='ALL 3 2024+'!E296 -> 45722 | B44: ='ALL 3 2024+'!F296 -> 45722 | C44: ='ALL 3 2024+'!G296 -> 45722 | E44: ='ALL 3 2024+'!I296 -> 21.94 | F44: ='ALL 3 2024+'!J296 -> 46.08 | G44: ='ALL 3 2024+'!K296 -> 93.2 | I44: ='ALL 3 2024+'!Q296 -> 2.1022615 | J44: ='ALL 3 2024+'!R296 -> 2.0224842 | K44: ='ALL 3 2024+'!S296 -> 4.2517895 | M44: =E44*K44 -> 93.284261 | N44: =J44*F44 -> 93.19607 | O44: =G44 -> 93.2 | Q44: =MAX(M44:O44)-MIN(M44:O44) -> 0.088191169 | S44: =M44-M43 -> 0.036923494 | T44: =N44-N43 -> -0.018377732 | U44: =O44-O43 -> -0.02 | W44: =IF(M44=MAX($M44:$O44),-1,IF(M44=MIN($M44:$O44),1,0)) -> -1 | X44: =IF(N44=MAX($M44:$O44),-1,IF(N44=MIN($M44:$O44),1,0)) -> 1 | Y44: =IF(O44=MAX($M44:$O44),-1,IF(O44=MIN($M44:$O44),1,0)) -> 0 | AA44: =W43*S44 -> -0.036923494 | AB44: =X43*T44 -> -0.018377732 | AC44: =Y43*U44 -> 0 | AE44: =SUM(AA44:AC44) -> -0.055301226 | AG44: =ABS(W44-W43) -> 0 | AH44: =ABS(X44-X43) -> 0 | AI44: =ABS(Y44-Y43) -> 0
A45: ='ALL 3 2024+'!E297 -> 45723 | B45: ='ALL 3 2024+'!F297 -> 45723 | C45: ='ALL 3 2024+'!G297 -> 45723 | E45: ='ALL 3 2024+'!I297 -> 21.9 | F45: ='ALL 3 2024+'!J297 -> 46.02 | G45: ='ALL 3 2024+'!K297 -> 93.13 | I45: ='ALL 3 2024+'!Q297 -> 2.1021464 | J45: ='ALL 3 2024+'!R297 -> 2.0224531 | K45: ='ALL 3 2024+'!S297 -> 4.2514914 | M45: =E45*K45 -> 93.107662 | N45: =J45*F45 -> 93.073294 | O45: =G45 -> 93.13 | Q45: =MAX(M45:O45)-MIN(M45:O45) -> 0.056706385 | S45: =M45-M44 -> -0.17659876 | T45: =N45-N44 -> -0.1227762 | U45: =O45-O44 -> -0.07 | W45: =IF(M45=MAX($M45:$O45),-1,IF(M45=MIN($M45:$O45),1,0)) -> 0 | X45: =IF(N45=MAX($M45:$O45),-1,IF(N45=MIN($M45:$O45),1,0)) -> 1 | Y45: =IF(O45=MAX($M45:$O45),-1,IF(O45=MIN($M45:$O45),1,0)) -> -1 | AA45: =W44*S45 -> 0.17659876 | AB45: =X44*T45 -> -0.1227762 | AC45: =Y44*U45 -> 0 | AE45: =SUM(AA45:AC45) -> 0.053822558 | AG45: =ABS(W45-W44) -> 1 | AH45: =ABS(X45-X44) -> 0 | AI45: =ABS(Y45-Y44) -> 1
A46: ='ALL 3 2024+'!E298 -> 45726 | B46: ='ALL 3 2024+'!F298 -> 45726 | C46: ='ALL 3 2024+'!G298 -> 45726 | E46: ='ALL 3 2024+'!I298 -> 22.02 | F46: ='ALL 3 2024+'!J298 -> 46.27 | G46: ='ALL 3 2024+'!K298 -> 93.63 | I46: ='ALL 3 2024+'!Q298 -> 2.1021528 | J46: ='ALL 3 2024+'!R298 -> 2.0224657 | K46: ='ALL 3 2024+'!S298 -> 4.2515307 | M46: =E46*K46 -> 93.618706 | N46: =J46*F46 -> 93.579488 | O46: =G46 -> 93.63 | Q46: =MAX(M46:O46)-MIN(M46:O46) -> 0.050511771 | S46: =M46-M45 -> 0.51104402 | T46: =N46-N45 -> 0.50619461 | U46: =O46-O45 -> 0.5 | W46: =IF(M46=MAX($M46:$O46),-1,IF(M46=MIN($M46:$O46),1,0)) -> 0 | X46: =IF(N46=MAX($M46:$O46),-1,IF(N46=MIN($M46:$O46),1,0)) -> 1 | Y46: =IF(O46=MAX($M46:$O46),-1,IF(O46=MIN($M46:$O46),1,0)) -> -1 | AA46: =W45*S46 -> 0 | AB46: =X45*T46 -> 0.50619461 | AC46: =Y45*U46 -> -0.5 | AE46: =SUM(AA46:AC46) -> 0.0061946132 | AG46: =ABS(W46-W45) -> 0 | AH46: =ABS(X46-X45) -> 0 | AI46: =ABS(Y46-Y45) -> 0
A47: ='ALL 3 2024+'!E299 -> 45727 | B47: ='ALL 3 2024+'!F299 -> 45727 | C47: ='ALL 3 2024+'!G299 -> 45727 | E47: ='ALL 3 2024+'!I299 -> 21.96 | F47: ='ALL 3 2024+'!J299 -> 46.09 | G47: ='ALL 3 2024+'!K299 -> 93.27 | I47: ='ALL 3 2024+'!Q299 -> 2.1020941 | J47: ='ALL 3 2024+'!R299 -> 2.0224803 | K47: ='ALL 3 2024+'!S299 -> 4.2514425 | M47: =E47*K47 -> 93.361678 | N47: =J47*F47 -> 93.216116 | O47: =G47 -> 93.27 | Q47: =MAX(M47:O47)-MIN(M47:O47) -> 0.14556223 | S47: =M47-M46 -> -0.25702818 | T47: =N47-N46 -> -0.36337239 | U47: =O47-O46 -> -0.36 | W47: =IF(M47=MAX($M47:$O47),-1,IF(M47=MIN($M47:$O47),1,0)) -> -1 | X47: =IF(N47=MAX($M47:$O47),-1,IF(N47=MIN($M47:$O47),1,0)) -> 1 | Y47: =IF(O47=MAX($M47:$O47),-1,IF(O47=MIN($M47:$O47),1,0)) -> 0 | AA47: =W46*S47 -> 0 | AB47: =X46*T47 -> -0.36337239 | AC47: =Y46*U47 -> 0.36 | AE47: =SUM(AA47:AC47) -> -0.0033723932 | AG47: =ABS(W47-W46) -> 1 | AH47: =ABS(X47-X46) -> 0 | AI47: =ABS(Y47-Y46) -> 1
A48: ='ALL 3 2024+'!E300 -> 45728 | B48: ='ALL 3 2024+'!F300 -> 45728 | C48: ='ALL 3 2024+'!G300 -> 45728 | E48: ='ALL 3 2024+'!I300 -> 21.88 | F48: ='ALL 3 2024+'!J300 -> 46 | G48: ='ALL 3 2024+'!K300 -> 93.09 | I48: ='ALL 3 2024+'!Q300 -> 2.1019841 | J48: ='ALL 3 2024+'!R300 -> 2.0224553 | K48: ='ALL 3 2024+'!S300 -> 4.2511675 | M48: =E48*K48 -> 93.015546 | N48: =J48*F48 -> 93.032943 | O48: =G48 -> 93.09 | Q48: =MAX(M48:O48)-MIN(M48:O48) -> 0.074454082 | S48: =M48-M47 -> -0.34613215 | T48: =N48-N47 -> -0.18317301 | U48: =O48-O47 -> -0.18 | W48: =IF(M48=MAX($M48:$O48),-1,IF(M48=MIN($M48:$O48),1,0)) -> 1 | X48: =IF(N48=MAX($M48:$O48),-1,IF(N48=MIN($M48:$O48),1,0)) -> 0 | Y48: =IF(O48=MAX($M48:$O48),-1,IF(O48=MIN($M48:$O48),1,0)) -> -1 | AA48: =W47*S48 -> 0.34613215 | AB48: =X47*T48 -> -0.18317301 | AC48: =Y47*U48 -> 0 | AE48: =SUM(AA48:AC48) -> 0.16295914 | AG48: =ABS(W48-W47) -> 2 | AH48: =ABS(X48-X47) -> 1 | AI48: =ABS(Y48-Y47) -> 1
A49: ='ALL 3 2024+'!E301 -> 45729 | B49: ='ALL 3 2024+'!F301 -> 45729 | C49: ='ALL 3 2024+'!G301 -> 45729 | E49: ='ALL 3 2024+'!I301 -> 21.92 | F49: ='ALL 3 2024+'!J301 -> 46.14 | G49: ='ALL 3 2024+'!K301 -> 93.28 | I49: ='ALL 3 2024+'!Q301 -> 2.1020429 | J49: ='ALL 3 2024+'!R301 -> 2.0225294 | K49: ='ALL 3 2024+'!S301 -> 4.2514423 | M49: =E49*K49 -> 93.191615 | N49: =J49*F49 -> 93.319508 | O49: =G49 -> 93.28 | Q49: =MAX(M49:O49)-MIN(M49:O49) -> 0.12789362 | S49: =M49-M48 -> 0.17606878 | T49: =N49-N48 -> 0.28656549 | U49: =O49-O48 -> 0.19 | W49: =IF(M49=MAX($M49:$O49),-1,IF(M49=MIN($M49:$O49),1,0)) -> 1 | X49: =IF(N49=MAX($M49:$O49),-1,IF(N49=MIN($M49:$O49),1,0)) -> -1 | Y49: =IF(O49=MAX($M49:$O49),-1,IF(O49=MIN($M49:$O49),1,0)) -> 0 | AA49: =W48*S49 -> 0.17606878 | AB49: =X48*T49 -> 0 | AC49: =Y48*U49 -> -0.19 | AE49: =SUM(AA49:AC49) -> -0.013931218 | AG49: =ABS(W49-W48) -> 0 | AH49: =ABS(X49-X48) -> 1 | AI49: =ABS(Y49-Y48) -> 1
A50: ='ALL 3 2024+'!E302 -> 45730 | B50: ='ALL 3 2024+'!F302 -> 45730 | C50: ='ALL 3 2024+'!G302 -> 45730 | E50: ='ALL 3 2024+'!I302 -> 21.89 | F50: ='ALL 3 2024+'!J302 -> 45.98 | G50: ='ALL 3 2024+'!K302 -> 93 | I50: ='ALL 3 2024+'!Q302 -> 2.1021056 | J50: ='ALL 3 2024+'!R302 -> 2.0225744 | K50: ='ALL 3 2024+'!S302 -> 4.2516637 | M50: =E50*K50 -> 93.068918 | N50: =J50*F50 -> 92.997972 | O50: =G50 -> 93 | Q50: =MAX(M50:O50)-MIN(M50:O50) -> 0.070946351 | S50: =M50-M49 -> -0.12269635 | T50: =N50-N49 -> -0.32153633 | U50: =O50-O49 -> -0.28 | W50: =IF(M50=MAX($M50:$O50),-1,IF(M50=MIN($M50:$O50),1,0)) -> -1 | X50: =IF(N50=MAX($M50:$O50),-1,IF(N50=MIN($M50:$O50),1,0)) -> 1 | Y50: =IF(O50=MAX($M50:$O50),-1,IF(O50=MIN($M50:$O50),1,0)) -> 0 | AA50: =W49*S50 -> -0.12269635 | AB50: =X49*T50 -> 0.32153633 | AC50: =Y49*U50 -> 0 | AE50: =SUM(AA50:AC50) -> 0.19883997 | AG50: =ABS(W50-W49) -> 2 | AH50: =ABS(X50-X49) -> 2 | AI50: =ABS(Y50-Y49) -> 0
A51: ='ALL 3 2024+'!E303 -> 45733 | B51: ='ALL 3 2024+'!F303 -> 45733 | C51: ='ALL 3 2024+'!G303 -> 45733 | E51: ='ALL 3 2024+'!I303 -> 21.93 | F51: ='ALL 3 2024+'!J303 -> 46.07 | G51: ='ALL 3 2024+'!K303 -> 93.2 | I51: ='ALL 3 2024+'!Q303 -> 2.1019089 | J51: ='ALL 3 2024+'!R303 -> 2.0226184 | K51: ='ALL 3 2024+'!S303 -> 4.2513584 | M51: =E51*K51 -> 93.23229 | N51: =J51*F51 -> 93.182029 | O51: =G51 -> 93.2 | Q51: =MAX(M51:O51)-MIN(M51:O51) -> 0.05026053 | S51: =M51-M50 -> 0.16337157 | T51: =N51-N50 -> 0.18405739 | U51: =O51-O50 -> 0.2 | W51: =IF(M51=MAX($M51:$O51),-1,IF(M51=MIN($M51:$O51),1,0)) -> -1 | X51: =IF(N51=MAX($M51:$O51),-1,IF(N51=MIN($M51:$O51),1,0)) -> 1 | Y51: =IF(O51=MAX($M51:$O51),-1,IF(O51=MIN($M51:$O51),1,0)) -> 0 | AA51: =W50*S51 -> -0.16337157 | AB51: =X50*T51 -> 0.18405739 | AC51: =Y50*U51 -> 0 | AE51: =SUM(AA51:AC51) -> 0.020685822 | AG51: =ABS(W51-W50) -> 0 | AH51: =ABS(X51-X50) -> 0 | AI51: =ABS(Y51-Y50) -> 0
A52: ='ALL 3 2024+'!E304 -> 45734 | B52: ='ALL 3 2024+'!F304 -> 45734 | C52: ='ALL 3 2024+'!G304 -> 45734 | E52: ='ALL 3 2024+'!I304 -> 21.99 | F52: ='ALL 3 2024+'!J304 -> 46.11 | G52: ='ALL 3 2024+'!K304 -> 93.29 | I52: ='ALL 3 2024+'!Q304 -> 2.1017729 | J52: ='ALL 3 2024+'!R304 -> 2.0227082 | K52: ='ALL 3 2024+'!S304 -> 4.2512722 | M52: =E52*K52 -> 93.485476 | N52: =J52*F52 -> 93.267077 | O52: =G52 -> 93.29 | Q52: =MAX(M52:O52)-MIN(M52:O52) -> 0.21839883 | S52: =M52-M51 -> 0.25318604 | T52: =N52-N51 -> 0.085047735 | U52: =O52-O51 -> 0.09 | W52: =IF(M52=MAX($M52:$O52),-1,IF(M52=MIN($M52:$O52),1,0)) -> -1 | X52: =IF(N52=MAX($M52:$O52),-1,IF(N52=MIN($M52:$O52),1,0)) -> 1 | Y52: =IF(O52=MAX($M52:$O52),-1,IF(O52=MIN($M52:$O52),1,0)) -> 0 | AA52: =W51*S52 -> -0.25318604 | AB52: =X51*T52 -> 0.085047735 | AC52: =Y51*U52 -> 0 | AE52: =SUM(AA52:AC52) -> -0.1681383 | AG52: =ABS(W52-W51) -> 0 | AH52: =ABS(X52-X51) -> 0 | AI52: =ABS(Y52-Y51) -> 0
... A55: ='ALL 3 2024+'!E307 -> 45737 | B55: ='ALL 3 2024+'!F307 -> 45737 | C55: ='ALL 3 2024+'!G307 -> 45737 | E55: ='ALL 3 2024+'!I307 -> 22 | F55: ='ALL 3 2024+'!J307 -> 46.22 | G55: ='ALL 3 2024+'!K307 -> 93.55 | I55: ='ALL 3 2024+'!Q307 -> 2.1011897 | J55: ='ALL 3 2024+'!R307 -> 2.0231782 | K55: ='ALL 3 2024+'!S307 -> 4.2510802 | M55: =E55*K55 -> 93.523764 | N55: =J55*F55 -> 93.511296 | O55: =G55 -> 93.55 | Q55: =MAX(M55:O55)-MIN(M55:O55) -> 0.03870377 | S55: =M55-M54 -> -0.083011944 | T55: =N55-N54 -> -0.054785061 | U55: =O55-O54 -> -0.06 | W55: =IF(M55=MAX($M55:$O55),-1,IF(M55=MIN($M55:$O55),1,0)) -> 0 | X55: =IF(N55=MAX($M55:$O55),-1,IF(N55=MIN($M55:$O55),1,0)) -> 1 | Y55: =IF(O55=MAX($M55:$O55),-1,IF(O55=MIN($M55:$O55),1,0)) -> -1 | AA55: =W54*S55 -> 0 | AB55: =X54*T55 -> -0.054785061 | AC55: =Y54*U55 -> 0.06 | AE55: =SUM(AA55:AC55) -> 0.0052149386 | AG55: =ABS(W55-W54) -> 0 | AH55: =ABS(X55-X54) -> 0 | AI55: =ABS(Y55-Y54) -> 0
A56: ='ALL 3 2024+'!E308 -> 45740 | B56: ='ALL 3 2024+'!F308 -> 45740 | C56: ='ALL 3 2024+'!G308 -> 45740 | E56: ='ALL 3 2024+'!I308 -> 21.89 | F56: ='ALL 3 2024+'!J308 -> 45.99 | G56: ='ALL 3 2024+'!K308 -> 93.07 | I56: ='ALL 3 2024+'!Q308 -> 2.101013 | J56: ='ALL 3 2024+'!R308 -> 2.0233015 | K56: ='ALL 3 2024+'!S308 -> 4.2509819 | M56: =E56*K56 -> 93.053995 | N56: =J56*F56 -> 93.051635 | O56: =G56 -> 93.07 | P56: =M52-M56 -> 0.4314814 | Q56: =MAX(M56:O56)-MIN(M56:O56) -> 0.018364808 | R56: =N56-N52 -> -0.21544193 | S56: =M56-M55 -> -0.46976903 | T56: =N56-N55 -> -0.45966104 | U56: =O56-O55 -> -0.48 | W56: =IF(M56=MAX($M56:$O56),-1,IF(M56=MIN($M56:$O56),1,0)) -> 0 | X56: =IF(N56=MAX($M56:$O56),-1,IF(N56=MIN($M56:$O56),1,0)) -> 1 | Y56: =IF(O56=MAX($M56:$O56),-1,IF(O56=MIN($M56:$O56),1,0)) -> -1 | AA56: =W55*S56 -> 0 | AB56: =X55*T56 -> -0.45966104 | AC56: =Y55*U56 -> 0.48 | AE56: =SUM(AA56:AC56) -> 0.020338961 | AG56: =ABS(W56-W55) -> 0 | AH56: =ABS(X56-X55) -> 0 | AI56: =ABS(Y56-Y55) -> 0
A57: ='ALL 3 2024+'!E309 -> 45741 | B57: ='ALL 3 2024+'!F309 -> 45741 | C57: ='ALL 3 2024+'!G309 -> 45741 | E57: ='ALL 3 2024+'!I309 -> 21.93 | F57: ='ALL 3 2024+'!J309 -> 46.07 | G57: ='ALL 3 2024+'!K309 -> 93.25 | I57: ='ALL 3 2024+'!Q309 -> 2.1007954 | J57: ='ALL 3 2024+'!R309 -> 2.0233665 | K57: ='ALL 3 2024+'!S309 -> 4.2506784 | M57: =E57*K57 -> 93.217377 | N57: =J57*F57 -> 93.216493 | O57: =G57 -> 93.25 | Q57: =MAX(M57:O57)-MIN(M57:O57) -> 0.033506691 | S57: =M57-M56 -> 0.16338268 | T57: =N57-N56 -> 0.16485812 | U57: =O57-O56 -> 0.18 | W57: =IF(M57=MAX($M57:$O57),-1,IF(M57=MIN($M57:$O57),1,0)) -> 0 | X57: =IF(N57=MAX($M57:$O57),-1,IF(N57=MIN($M57:$O57),1,0)) -> 1 | Y57: =IF(O57=MAX($M57:$O57),-1,IF(O57=MIN($M57:$O57),1,0)) -> -1 | AA57: =W56*S57 -> 0 | AB57: =X56*T57 -> 0.16485812 | AC57: =Y56*U57 -> -0.18 | AE57: =SUM(AA57:AC57) -> -0.015141883 | AG57: =ABS(W57-W56) -> 0 | AH57: =ABS(X57-X56) -> 0 | AI57: =ABS(Y57-Y56) -> 0
A58: ='ALL 3 2024+'!E310 -> 45742 | B58: ='ALL 3 2024+'!F310 -> 45742 | C58: ='ALL 3 2024+'!G310 -> 45742 | E58: ='ALL 3 2024+'!I310 -> 21.89 | F58: ='ALL 3 2024+'!J310 -> 45.99 | G58: ='ALL 3 2024+'!K310 -> 93.12 | I58: ='ALL 3 2024+'!Q310 -> 2.1007001 | J58: ='ALL 3 2024+'!R310 -> 2.0235124 | K58: ='ALL 3 2024+'!S310 -> 4.2507924 | M58: =E58*K58 -> 93.049845 | N58: =J58*F58 -> 93.061335 | O58: =G58 -> 93.12 | Q58: =MAX(M58:O58)-MIN(M58:O58) -> 0.070154917 | S58: =M58-M57 -> -0.16753215 | T58: =N58-N57 -> -0.15515865 | U58: =O58-O57 -> -0.13 | W58: =IF(M58=MAX($M58:$O58),-1,IF(M58=MIN($M58:$O58),1,0)) -> 1 | X58: =IF(N58=MAX($M58:$O58),-1,IF(N58=MIN($M58:$O58),1,0)) -> 0 | Y58: =IF(O58=MAX($M58:$O58),-1,IF(O58=MIN($M58:$O58),1,0)) -> -1 | AA58: =W57*S58 -> 0 | AB58: =X57*T58 -> -0.15515865 | AC58: =Y57*U58 -> 0.13 | AE58: =SUM(AA58:AC58) -> -0.025158649 | AG58: =ABS(W58-W57) -> 1 | AH58: =ABS(X58-X57) -> 1 | AI58: =ABS(Y58-Y57) -> 0
A59: ='ALL 3 2024+'!E311 -> 45743 | B59: ='ALL 3 2024+'!F311 -> 45743 | C59: ='ALL 3 2024+'!G311 -> 45743 | E59: ='ALL 3 2024+'!I311 -> 21.86 | F59: ='ALL 3 2024+'!J311 -> 45.95 | G59: ='ALL 3 2024+'!K311 -> 93.02 | I59: ='ALL 3 2024+'!Q311 -> 2.1006687 | J59: ='ALL 3 2024+'!R311 -> 2.0235433 | K59: ='ALL 3 2024+'!S311 -> 4.2507938 | M59: =E59*K59 -> 92.922353 | N59: =J59*F59 -> 92.981816 | O59: =G59 -> 93.02 | Q59: =MAX(M59:O59)-MIN(M59:O59) -> 0.097646986 | S59: =M59-M58 -> -0.12749207 | T59: =N59-N58 -> -0.079518772 | U59: =O59-O58 -> -0.1 | W59: =IF(M59=MAX($M59:$O59),-1,IF(M59=MIN($M59:$O59),1,0)) -> 1 | X59: =IF(N59=MAX($M59:$O59),-1,IF(N59=MIN($M59:$O59),1,0)) -> 0 | Y59: =IF(O59=MAX($M59:$O59),-1,IF(O59=MIN($M59:$O59),1,0)) -> -1 | AA59: =W58*S59 -> -0.12749207 | AB59: =X58*T59 -> 0 | AC59: =Y58*U59 -> 0.1 | AE59: =SUM(AA59:AC59) -> -0.027492069 | AG59: =ABS(W59-W58) -> 0 | AH59: =ABS(X59-X58) -> 0 | AI59: =ABS(Y59-Y58) -> 0
A60: ='ALL 3 2024+'!E312 -> 45744 | B60: ='ALL 3 2024+'!F312 -> 45744 | C60: ='ALL 3 2024+'!G312 -> 45744 | E60: ='ALL 3 2024+'!I312 -> 22.02 | F60: ='ALL 3 2024+'!J312 -> 46.28 | G60: ='ALL 3 2024+'!K312 -> 93.66 | I60: ='ALL 3 2024+'!Q312 -> 2.1007785 | J60: ='ALL 3 2024+'!R312 -> 2.0235628 | K60: ='ALL 3 2024+'!S312 -> 4.2510569 | M60: =E60*K60 -> 93.608272 | N60: =J60*F60 -> 93.650487 | O60: =G60 -> 93.66 | Q60: =MAX(M60:O60)-MIN(M60:O60) -> 0.051727888 | S60: =M60-M59 -> 0.6859191 | T60: =N60-N59 -> 0.66867147 | U60: =O60-O59 -> 0.64 | W60: =IF(M60=MAX($M60:$O60),-1,IF(M60=MIN($M60:$O60),1,0)) -> 1 | X60: =IF(N60=MAX($M60:$O60),-1,IF(N60=MIN($M60:$O60),1,0)) -> 0 | Y60: =IF(O60=MAX($M60:$O60),-1,IF(O60=MIN($M60:$O60),1,0)) -> -1 | AA60: =W59*S60 -> 0.6859191 | AB60: =X59*T60 -> 0 | AC60: =Y59*U60 -> -0.64 | AE60: =SUM(AA60:AC60) -> 0.045919098 | AG60: =ABS(W60-W59) -> 0 | AH60: =ABS(X60-X59) -> 0 | AI60: =ABS(Y60-Y59) -> 0
A61: ='ALL 3 2024+'!E313 -> 45747 | B61: ='ALL 3 2024+'!F313 -> 45747 | C61: ='ALL 3 2024+'!G313 -> 45747 | E61: ='ALL 3 2024+'!I313 -> 22.05 | F61: ='ALL 3 2024+'!J313 -> 46.31 | G61: ='ALL 3 2024+'!K313 -> 93.78 | I61: ='ALL 3 2024+'!Q313 -> 2.1008738 | J61: ='ALL 3 2024+'!R313 -> 2.0235682 | K61: ='ALL 3 2024+'!S313 -> 4.251261 | M61: =E61*K61 -> 93.740306 | N61: =J61*F61 -> 93.711443 | O61: =G61 -> 93.78 | Q61: =MAX(M61:O61)-MIN(M61:O61) -> 0.068557152 | S61: =M61-M60 -> 0.13203377 | T61: =N61-N60 -> 0.060955486 | U61: =O61-O60 -> 0.12 | W61: 0 | X61: 0 | Y61: 0 | AA61: =W60*S61 -> 0.13203377 | AB61: =X60*T61 -> 0 | AC61: =Y60*U61 -> -0.12 | AE61: =SUM(AA61:AC61) -> 0.012033766 | AG61: =ABS(W61-W60) -> 1 | AH61: =ABS(X61-X60) -> 0 | AI61: =ABS(Y61-Y60) -> 1
A62: ='ALL 3 2024+'!E314 -> 45748 | B62: ='ALL 3 2024+'!F314 -> 45748 | C62: ='ALL 3 2024+'!G314 -> 45748 | E62: ='ALL 3 2024+'!I314 -> 22.09 | F62: ='ALL 3 2024+'!J314 -> 46.34 | G62: ='ALL 3 2024+'!K314 -> 93.79 | I62: ='ALL 3 2024+'!Q314 -> 2.1008851 | J62: ='ALL 3 2024+'!R314 -> 2.0236678 | K62: ='ALL 3 2024+'!S314 -> 4.2514933 | M62: =E62*K62 -> 93.915487 | N62: =J62*F62 -> 93.776768 | O62: =G62 -> 93.79 | Q62: =MAX(M62:O62)-MIN(M62:O62) -> 0.13871849 | S62: =M62-M61 -> 0.17518077 | T62: =N62-N61 -> 0.065325312 | U62: =O62-O61 -> 0.01 | W62: =IF(M62=MAX($M62:$O62),-1,IF(M62=MIN($M62:$O62),1,0)) -> -1 | X62: =IF(N62=MAX($M62:$O62),-1,IF(N62=MIN($M62:$O62),1,0)) -> 1 | Y62: =IF(O62=MAX($M62:$O62),-1,IF(O62=MIN($M62:$O62),1,0)) -> 0 | AA62: =W61*S62 -> 0 | AB62: =X61*T62 -> 0 | AC62: =Y61*U62 -> 0 | AE62: =SUM(AA62:AC62) -> 0 | AG62: =ABS(W62-W61) -> 1 | AH62: =ABS(X62-X61) -> 1 | AI62: =ABS(Y62-Y61) -> 0
A63: ='ALL 3 2024+'!E315 -> 45749 | B63: ='ALL 3 2024+'!F315 -> 45749 | C63: ='ALL 3 2024+'!G315 -> 45749 | E63: ='ALL 3 2024+'!I315 -> 22.02 | F63: ='ALL 3 2024+'!J315 -> 46.2 | G63: ='ALL 3 2024+'!K315 -> 93.59 | I63: ='ALL 3 2024+'!Q315 -> 2.1006833 | J63: ='ALL 3 2024+'!R315 -> 2.0236436 | K63: ='ALL 3 2024+'!S315 -> 4.2510339 | M63: =E63*K63 -> 93.607767 | N63: =J63*F63 -> 93.492336 | O63: =G63 -> 93.59 | Q63: =MAX(M63:O63)-MIN(M63:O63) -> 0.11543091 | S63: =M63-M62 -> -0.30771987 | T63: =N63-N62 -> -0.2844323 | U63: =O63-O62 -> -0.2 | W63: =IF(M63=MAX($M63:$O63),-1,IF(M63=MIN($M63:$O63),1,0)) -> -1 | X63: =IF(N63=MAX($M63:$O63),-1,IF(N63=MIN($M63:$O63),1,0)) -> 1 | Y63: =IF(O63=MAX($M63:$O63),-1,IF(O63=MIN($M63:$O63),1,0)) -> 0 | AA63: =W62*S63 -> 0.30771987 | AB63: =X62*T63 -> -0.2844323 | AC63: =Y62*U63 -> 0 | AE63: =SUM(AA63:AC63) -> 0.023287577 | AG63: =ABS(W63-W62) -> 0 | AH63: =ABS(X63-X62) -> 0 | AI63: =ABS(Y63-Y62) -> 0
A64: ='ALL 3 2024+'!E316 -> 45750 | B64: ='ALL 3 2024+'!F316 -> 45750 | C64: ='ALL 3 2024+'!G316 -> 45750 | E64: ='ALL 3 2024+'!I316 -> 22.17 | F64: ='ALL 3 2024+'!J316 -> 46.52 | G64: ='ALL 3 2024+'!K316 -> 94.22 | I64: ='ALL 3 2024+'!Q316 -> 2.1005036 | J64: ='ALL 3 2024+'!R316 -> 2.0238033 | K64: ='ALL 3 2024+'!S316 -> 4.2510054 | M64: =E64*K64 -> 94.244789 | N64: =J64*F64 -> 94.147329 | O64: =G64 -> 94.22 | Q64: =MAX(M64:O64)-MIN(M64:O64) -> 0.097460181 | S64: =M64-M63 -> 0.63702221 | T64: =N64-N63 -> 0.65499295 | U64: =O64-O63 -> 0.63 | W64: =IF(M64=MAX($M64:$O64),-1,IF(M64=MIN($M64:$O64),1,0)) -> -1 | X64: =IF(N64=MAX($M64:$O64),-1,IF(N64=MIN($M64:$O64),1,0)) -> 1 | Y64: =IF(O64=MAX($M64:$O64),-1,IF(O64=MIN($M64:$O64),1,0)) -> 0 | AA64: =W63*S64 -> -0.63702221 | AB64: =X63*T64 -> 0.65499295 | AC64: =Y63*U64 -> 0 | AE64: =SUM(AA64:AC64) -> 0.017970732 | AG64: =ABS(W64-W63) -> 0 | AH64: =ABS(X64-X63) -> 0 | AI64: =ABS(Y64-Y63) -> 0
A65: ='ALL 3 2024+'!E317 -> 45751 | B65: ='ALL 3 2024+'!F317 -> 45751 | C65: ='ALL 3 2024+'!G317 -> 45751 | E65: ='ALL 3 2024+'!I317 -> 22.2 | F65: ='ALL 3 2024+'!J317 -> 46.6 | G65: ='ALL 3 2024+'!K317 -> 94.18 | I65: ='ALL 3 2024+'!Q317 -> 2.1004064 | J65: ='ALL 3 2024+'!R317 -> 2.0239431 | K65: ='ALL 3 2024+'!S317 -> 4.2511023 | M65: =E65*K65 -> 94.374471 | N65: =J65*F65 -> 94.315748 | O65: =G65 -> 94.18 | Q65: =MAX(M65:O65)-MIN(M65:O65) -> 0.19447065 | S65: =M65-M64 -> 0.12968166 | T65: =N65-N64 -> 0.16841892 | U65: =O65-O64 -> -0.04 | W65: =IF(M65=MAX($M65:$O65),-1,IF(M65=MIN($M65:$O65),1,0)) -> -1 | X65: =IF(N65=MAX($M65:$O65),-1,IF(N65=MIN($M65:$O65),1,0)) -> 0 | Y65: =IF(O65=MAX($M65:$O65),-1,IF(O65=MIN($M65:$O65),1,0)) -> 1 | AA65: =W64*S65 -> -0.12968166 | AB65: =X64*T65 -> 0.16841892 | AC65: =Y64*U65 -> 0 | AE65: =SUM(AA65:AC65) -> 0.038737263 | AG65: =ABS(W65-W64) -> 0 | AH65: =ABS(X65-X64) -> 1 | AI65: =ABS(Y65-Y64) -> 1
A66: ='ALL 3 2024+'!E318 -> 45754 | B66: ='ALL 3 2024+'!F318 -> 45754 | C66: ='ALL 3 2024+'!G318 -> 45754 | E66: ='ALL 3 2024+'!I318 -> 21.89 | F66: ='ALL 3 2024+'!J318 -> 45.97 | G66: ='ALL 3 2024+'!K318 -> 93.17 | I66: ='ALL 3 2024+'!Q318 -> 2.1002929 | J66: ='ALL 3 2024+'!R318 -> 2.0238103 | K66: ='ALL 3 2024+'!S318 -> 4.2505938 | M66: =E66*K66 -> 93.045499 | N66: =J66*F66 -> 93.03456 | O66: =G66 -> 93.17 | Q66: =MAX(M66:O66)-MIN(M66:O66) -> 0.13543965 | S66: =M66-M65 -> -1.3289718 | T66: =N66-N65 -> -1.2811874 | U66: =O66-O65 -> -1.01 | W66: =IF(M66=MAX($M66:$O66),-1,IF(M66=MIN($M66:$O66),1,0)) -> 0 | X66: =IF(N66=MAX($M66:$O66),-1,IF(N66=MIN($M66:$O66),1,0)) -> 1 | Y66: =IF(O66=MAX($M66:$O66),-1,IF(O66=MIN($M66:$O66),1,0)) -> -1 | AA66: =W65*S66 -> 1.3289718 | AB66: =X65*T66 -> 0 | AC66: =Y65*U66 -> -1.01 | AE66: =SUM(AA66:AC66) -> 0.31897176 | AG66: =ABS(W66-W65) -> 1 | AH66: =ABS(X66-X65) -> 1 | AI66: =ABS(Y66-Y65) -> 2
A67: ='ALL 3 2024+'!E319 -> 45755 | B67: ='ALL 3 2024+'!F319 -> 45755 | C67: ='ALL 3 2024+'!G319 -> 45755 | E67: ='ALL 3 2024+'!I319 -> 21.78 | F67: ='ALL 3 2024+'!J319 -> 45.71 | G67: ='ALL 3 2024+'!K319 -> 92.58 | I67: ='ALL 3 2024+'!Q319 -> 2.1002316 | J67: ='ALL 3 2024+'!R319 -> 2.0239703 | K67: ='ALL 3 2024+'!S319 -> 4.2508057 | M67: =E67*K67 -> 92.582549 | N67: =J67*F67 -> 92.515681 | O67: =G67 -> 92.58 | Q67: =MAX(M67:O67)-MIN(M67:O67) -> 0.066867102 | S67: =M67-M66 -> -0.46295035 | T67: =N67-N66 -> -0.51887891 | U67: =O67-O66 -> -0.59 | W67: =IF(M67=MAX($M67:$O67),-1,IF(M67=MIN($M67:$O67),1,0)) -> -1 | X67: =IF(N67=MAX($M67:$O67),-1,IF(N67=MIN($M67:$O67),1,0)) -> 1 | Y67: =IF(O67=MAX($M67:$O67),-1,IF(O67=MIN($M67:$O67),1,0)) -> 0 | AA67: =W66*S67 -> 0 | AB67: =X66*T67 -> -0.51887891 | AC67: =Y66*U67 -> 0.59 | AE67: =SUM(AA67:AC67) -> 0.071121088 | AG67: =ABS(W67-W66) -> 1 | AH67: =ABS(X67-X66) -> 0 | AI67: =ABS(Y67-Y66) -> 1
A68: ='ALL 3 2024+'!E320 -> 45756 | B68: ='ALL 3 2024+'!F320 -> 45756 | C68: ='ALL 3 2024+'!G320 -> 45756 | E68: ='ALL 3 2024+'!I320 -> 21.8 | F68: ='ALL 3 2024+'!J320 -> 45.77 | G68: ='ALL 3 2024+'!K320 -> 92.62 | I68: ='ALL 3 2024+'!Q320 -> 2.1002265 | J68: ='ALL 3 2024+'!R320 -> 2.0240567 | K68: ='ALL 3 2024+'!S320 -> 4.2509768 | M68: =E68*K68 -> 92.671293 | N68: =J68*F68 -> 92.641074 | O68: =G68 -> 92.62 | P68: =M65-M68 -> 1.7031772 | Q68: =MAX(M68:O68)-MIN(M68:O68) -> 0.051293487 | R68: =O68-O65 -> -1.56 | S68: =M68-M67 -> 0.088744945 | T68: =N68-N67 -> 0.12539274 | U68: =O68-O67 -> 0.04 | W68: =IF(M68=MAX($M68:$O68),-1,IF(M68=MIN($M68:$O68),1,0)) -> -1 | X68: =IF(N68=MAX($M68:$O68),-1,IF(N68=MIN($M68:$O68),1,0)) -> 0 | Y68: =IF(O68=MAX($M68:$O68),-1,IF(O68=MIN($M68:$O68),1,0)) -> 1 | AA68: =W67*S68 -> -0.088744945 | AB68: =X67*T68 -> 0.12539274 | AC68: =Y67*U68 -> 0 | AE68: =SUM(AA68:AC68) -> 0.036647794 | AG68: =ABS(W68-W67) -> 0 | AH68: =ABS(X68-X67) -> 1 | AI68: =ABS(Y68-Y67) -> 1
A69: ='ALL 3 2024+'!E321 -> 45757 | B69: ='ALL 3 2024+'!F321 -> 45757 | C69: ='ALL 3 2024+'!G321 -> 45757 | E69: ='ALL 3 2024+'!I321 -> 21.64 | F69: ='ALL 3 2024+'!J321 -> 45.37 | G69: ='ALL 3 2024+'!K321 -> 91.95 | I69: ='ALL 3 2024+'!Q321 -> 2.1000848 | J69: ='ALL 3 2024+'!R321 -> 2.0240517 | K69: ='ALL 3 2024+'!S321 -> 4.2506794 | M69: =E69*K69 -> 91.984703 | N69: =J69*F69 -> 91.831226 | O69: =G69 -> 91.95 | Q69: =MAX(M69:O69)-MIN(M69:O69) -> 0.15347706 | S69: =M69-M68 -> -0.68659043 | T69: =N69-N68 -> -0.80984818 | U69: =O69-O68 -> -0.67 | W69: =IF(M69=MAX($M69:$O69),-1,IF(M69=MIN($M69:$O69),1,0)) -> -1 | X69: =IF(N69=MAX($M69:$O69),-1,IF(N69=MIN($M69:$O69),1,0)) -> 1 | Y69: =IF(O69=MAX($M69:$O69),-1,IF(O69=MIN($M69:$O69),1,0)) -> 0 | AA69: =W68*S69 -> 0.68659043 | AB69: =X68*T69 -> 0 | AC69: =Y68*U69 -> -0.67 | AE69: =SUM(AA69:AC69) -> 0.016590429 | AG69: =ABS(W69-W68) -> 0 | AH69: =ABS(X69-X68) -> 1 | AI69: =ABS(Y69-Y68) -> 1
A70: ='ALL 3 2024+'!E322 -> 45758 | B70: ='ALL 3 2024+'!F322 -> 45758 | C70: ='ALL 3 2024+'!G322 -> 45758 | E70: ='ALL 3 2024+'!I322 -> 21.55 | F70: ='ALL 3 2024+'!J322 -> 45.2 | G70: ='ALL 3 2024+'!K322 -> 91.91 | I70: ='ALL 3 2024+'!Q322 -> 2.0996674 | J70: ='ALL 3 2024+'!R322 -> 2.0243015 | K70: ='ALL 3 2024+'!S322 -> 4.2503595 | M70: =E70*K70 -> 91.595247 | N70: =J70*F70 -> 91.498429 | O70: =G70 -> 91.91 | Q70: =MAX(M70:O70)-MIN(M70:O70) -> 0.41157085 | S70: =M70-M69 -> -0.38945571 | T70: =N70-N69 -> -0.33279684 | U70: =O70-O69 -> -0.04 | W70: =IF(M70=MAX($M70:$O70),-1,IF(M70=MIN($M70:$O70),1,0)) -> 0 | X70: =IF(N70=MAX($M70:$O70),-1,IF(N70=MIN($M70:$O70),1,0)) -> 1 | Y70: =IF(O70=MAX($M70:$O70),-1,IF(O70=MIN($M70:$O70),1,0)) -> -1 | AA70: =W69*S70 -> 0.38945571 | AB70: =X69*T70 -> -0.33279684 | AC70: =Y69*U70 -> 0 | AE70: =SUM(AA70:AC70) -> 0.05665887 | AG70: =ABS(W70-W69) -> 1 | AH70: =ABS(X70-X69) -> 0 | AI70: =ABS(Y70-Y69) -> 1
A71: ='ALL 3 2024+'!E323 -> 45761 | B71: ='ALL 3 2024+'!F323 -> 45761 | C71: ='ALL 3 2024+'!G323 -> 45761 | E71: ='ALL 3 2024+'!I323 -> 21.76 | F71: ='ALL 3 2024+'!J323 -> 45.73 | G71: ='ALL 3 2024+'!K323 -> 92.57 | I71: ='ALL 3 2024+'!Q323 -> 2.0995147 | J71: ='ALL 3 2024+'!R323 -> 2.024841 | K71: ='ALL 3 2024+'!S323 -> 4.251182 | M71: =E71*K71 -> 92.50572 | N71: =J71*F71 -> 92.595977 | O71: =G71 -> 92.57 | P71: =N71-N70 -> 1.0975478 | Q71: =MAX(M71:O71)-MIN(M71:O71) -> 0.090256657 | R71: =O70-O71 -> -0.66 | S71: =M71-M70 -> 0.91047298 | T71: =N71-N70 -> 1.0975478 | U71: =O71-O70 -> 0.66 | W71: =IF(M71=MAX($M71:$O71),-1,IF(M71=MIN($M71:$O71),1,0)) -> 1 | X71: =IF(N71=MAX($M71:$O71),-1,IF(N71=MIN($M71:$O71),1,0)) -> -1 | Y71: =IF(O71=MAX($M71:$O71),-1,IF(O71=MIN($M71:$O71),1,0)) -> 0 | AA71: =W70*S71 -> 0 | AB71: =X70*T71 -> 1.0975478 | AC71: =Y70*U71 -> -0.66 | AE71: =SUM(AA71:AC71) -> 0.43754783 | AG71: =ABS(W71-W70) -> 1 | AH71: =ABS(X71-X70) -> 2 | AI71: =ABS(Y71-Y70) -> 1
A72: ='ALL 3 2024+'!E324 -> 45762 | B72: ='ALL 3 2024+'!F324 -> 45762 | C72: ='ALL 3 2024+'!G324 -> 45762 | E72: ='ALL 3 2024+'!I324 -> 21.8 | F72: ='ALL 3 2024+'!J324 -> 45.8 | G72: ='ALL 3 2024+'!K324 -> 92.61 | I72: ='ALL 3 2024+'!Q324 -> 2.0995541 | J72: ='ALL 3 2024+'!R324 -> 2.0249042 | K72: ='ALL 3 2024+'!S324 -> 4.2513945 | M72: =E72*K72 -> 92.6804 | N72: =J72*F72 -> 92.740611 | O72: =G72 -> 92.61 | Q72: =MAX(M72:O72)-MIN(M72:O72) -> 0.13061142 | S72: =M72-M71 -> 0.17467981 | T72: =N72-N71 -> 0.14463444 | U72: =O72-O71 -> 0.04 | W72: =IF(M72=MAX($M72:$O72),-1,IF(M72=MIN($M72:$O72),1,0)) -> 0 | X72: =IF(N72=MAX($M72:$O72),-1,IF(N72=MIN($M72:$O72),1,0)) -> -1 | Y72: =IF(O72=MAX($M72:$O72),-1,IF(O72=MIN($M72:$O72),1,0)) -> 1 | AA72: =W71*S72 -> 0.17467981 | AB72: =X71*T72 -> -0.14463444 | AC72: =Y71*U72 -> 0 | AE72: =SUM(AA72:AC72) -> 0.030045375 | AG72: =ABS(W72-W71) -> 1 | AH72: =ABS(X72-X71) -> 0 | AI72: =ABS(Y72-Y71) -> 1
A73: ='ALL 3 2024+'!E325 -> 45763 | B73: ='ALL 3 2024+'!F325 -> 45763 | C73: ='ALL 3 2024+'!G325 -> 45763 | E73: ='ALL 3 2024+'!I325 -> 21.85 | F73: ='ALL 3 2024+'!J325 -> 45.92 | G73: ='ALL 3 2024+'!K325 -> 92.79 | I73: ='ALL 3 2024+'!Q325 -> 2.0997568 | J73: ='ALL 3 2024+'!R325 -> 2.0248465 | K73: ='ALL 3 2024+'!S325 -> 4.2516836 | M73: =E73*K73 -> 92.899287 | N73: =J73*F73 -> 92.980953 | O73: =G73 -> 92.79 | Q73: =MAX(M73:O73)-MIN(M73:O73) -> 0.19095269 | S73: =M73-M72 -> 0.21888682 | T73: =N73-N72 -> 0.24034127 | U73: =O73-O72 -> 0.18 | W73: =IF(M73=MAX($M73:$O73),-1,IF(M73=MIN($M73:$O73),1,0)) -> 0 | X73: =IF(N73=MAX($M73:$O73),-1,IF(N73=MIN($M73:$O73),1,0)) -> -1 | Y73: =IF(O73=MAX($M73:$O73),-1,IF(O73=MIN($M73:$O73),1,0)) -> 1 | AA73: =W72*S73 -> 0 | AB73: =X72*T73 -> -0.24034127 | AC73: =Y72*U73 -> 0.18 | AE73: =SUM(AA73:AC73) -> -0.060341267 | AG73: =ABS(W73-W72) -> 0 | AH73: =ABS(X73-X72) -> 0 | AI73: =ABS(Y73-Y72) -> 0
A74: ='ALL 3 2024+'!E326 -> 45764 | B74: ='ALL 3 2024+'!F326 -> 45764 | C74: ='ALL 3 2024+'!G326 -> 45764 | E74: ='ALL 3 2024+'!I326 -> 21.77 | F74: ='ALL 3 2024+'!J326 -> 45.74 | G74: ='ALL 3 2024+'!K326 -> 92.48 | I74: ='ALL 3 2024+'!Q326 -> 2.0998824 | J74: ='ALL 3 2024+'!R326 -> 2.0246358 | K74: ='ALL 3 2024+'!S326 -> 4.251495 | M74: =E74*K74 -> 92.555046 | N74: =J74*F74 -> 92.606842 | O74: =G74 -> 92.48 | Q74: =MAX(M74:O74)-MIN(M74:O74) -> 0.12684197 | S74: =M74-M73 -> -0.34424119 | T74: =N74-N73 -> -0.37411071 | U74: =O74-O73 -> -0.31 | W74: =IF(M74=MAX($M74:$O74),-1,IF(M74=MIN($M74:$O74),1,0)) -> 0 | X74: =IF(N74=MAX($M74:$O74),-1,IF(N74=MIN($M74:$O74),1,0)) -> -1 | Y74: =IF(O74=MAX($M74:$O74),-1,IF(O74=MIN($M74:$O74),1,0)) -> 1 | AA74: =W73*S74 -> 0 | AB74: =X73*T74 -> 0.37411071 | AC74: =Y73*U74 -> -0.31 | AE74: =SUM(AA74:AC74) -> 0.064110713 | AG74: =ABS(W74-W73) -> 0 | AH74: =ABS(X74-X73) -> 0 | AI74: =ABS(Y74-Y73) -> 0
A75: ='ALL 3 2024+'!E327 -> 45768 | B75: ='ALL 3 2024+'!F327 -> 45768 | C75: ='ALL 3 2024+'!G327 -> 45768 | E75: ='ALL 3 2024+'!I327 -> 21.63 | F75: ='ALL 3 2024+'!J327 -> 45.43 | G75: ='ALL 3 2024+'!K327 -> 91.84 | I75: ='ALL 3 2024+'!Q327 -> 2.099917 | J75: ='ALL 3 2024+'!R327 -> 2.0245289 | K75: ='ALL 3 2024+'!S327 -> 4.2513406 | M75: =E75*K75 -> 91.956497 | N75: =J75*F75 -> 91.97435 | O75: =G75 -> 91.84 | Q75: =MAX(M75:O75)-MIN(M75:O75) -> 0.13435 | S75: =M75-M74 -> -0.59854849 | T75: =N75-N74 -> -0.63249197 | U75: =O75-O74 -> -0.64 | W75: =IF(M75=MAX($M75:$O75),-1,IF(M75=MIN($M75:$O75),1,0)) -> 0 | X75: =IF(N75=MAX($M75:$O75),-1,IF(N75=MIN($M75:$O75),1,0)) -> -1 | Y75: =IF(O75=MAX($M75:$O75),-1,IF(O75=MIN($M75:$O75),1,0)) -> 1 | AA75: =W74*S75 -> 0 | AB75: =X74*T75 -> 0.63249197 | AC75: =Y74*U75 -> -0.64 | AE75: =SUM(AA75:AC75) -> -0.0075080268 | AG75: =ABS(W75-W74) -> 0 | AH75: =ABS(X75-X74) -> 0 | AI75: =ABS(Y75-Y74) -> 0
A76: ='ALL 3 2024+'!E328 -> 45769 | B76: ='ALL 3 2024+'!F328 -> 45769 | C76: ='ALL 3 2024+'!G328 -> 45769 | E76: ='ALL 3 2024+'!I328 -> 21.67 | F76: ='ALL 3 2024+'!J328 -> 45.53 | G76: ='ALL 3 2024+'!K328 -> 92.08 | I76: ='ALL 3 2024+'!Q328 -> 2.0998878 | J76: ='ALL 3 2024+'!R328 -> 2.0244067 | K76: ='ALL 3 2024+'!S328 -> 4.2510247 | M76: =E76*K76 -> 92.119705 | N76: =J76*F76 -> 92.171239 | O76: =G76 -> 92.08 | Q76: =MAX(M76:O76)-MIN(M76:O76) -> 0.091239291 | S76: =M76-M75 -> 0.16320803 | T76: =N76-N75 -> 0.19688929 | U76: =O76-O75 -> 0.24 | W76: =IF(M76=MAX($M76:$O76),-1,IF(M76=MIN($M76:$O76),1,0)) -> 0 | X76: =IF(N76=MAX($M76:$O76),-1,IF(N76=MIN($M76:$O76),1,0)) -> -1 | Y76: =IF(O76=MAX($M76:$O76),-1,IF(O76=MIN($M76:$O76),1,0)) -> 1 | AA76: =W75*S76 -> 0 | AB76: =X75*T76 -> -0.19688929 | AC76: =Y75*U76 -> 0.24 | AE76: =SUM(AA76:AC76) -> 0.04311071 | AG76: =ABS(W76-W75) -> 0 | AH76: =ABS(X76-X75) -> 0 | AI76: =ABS(Y76-Y75) -> 0
A77: ='ALL 3 2024+'!E329 -> 45770 | B77: ='ALL 3 2024+'!F329 -> 45770 | C77: ='ALL 3 2024+'!G329 -> 45770 | E77: ='ALL 3 2024+'!I329 -> 21.7 | F77: ='ALL 3 2024+'!J329 -> 45.66 | G77: ='ALL 3 2024+'!K329 -> 92.38 | I77: ='ALL 3 2024+'!Q329 -> 2.0998929 | J77: ='ALL 3 2024+'!R329 -> 2.0243418 | K77: ='ALL 3 2024+'!S329 -> 4.2508987 | M77: =E77*K77 -> 92.244501 | N77: =J77*F77 -> 92.431449 | O77: =G77 -> 92.38 | Q77: =MAX(M77:O77)-MIN(M77:O77) -> 0.18694774 | S77: =M77-M76 -> 0.1247958 | T77: =N77-N76 -> 0.26020956 | U77: =O77-O76 -> 0.3 | W77: =IF(M77=MAX($M77:$O77),-1,IF(M77=MIN($M77:$O77),1,0)) -> 1 | X77: =IF(N77=MAX($M77:$O77),-1,IF(N77=MIN($M77:$O77),1,0)) -> -1 | Y77: =IF(O77=MAX($M77:$O77),-1,IF(O77=MIN($M77:$O77),1,0)) -> 0 | AA77: =W76*S77 -> 0 | AB77: =X76*T77 -> -0.26020956 | AC77: =Y76*U77 -> 0.3 | AE77: =SUM(AA77:AC77) -> 0.039790441 | AG77: =ABS(W77-W76) -> 1 | AH77: =ABS(X77-X76) -> 0 | AI77: =ABS(Y77-Y76) -> 1
A78: ='ALL 3 2024+'!E330 -> 45771 | B78: ='ALL 3 2024+'!F330 -> 45771 | C78: ='ALL 3 2024+'!G330 -> 45771 | E78: ='ALL 3 2024+'!I330 -> 21.84 | F78: ='ALL 3 2024+'!J330 -> 45.94 | G78: ='ALL 3 2024+'!K330 -> 92.91 | I78: ='ALL 3 2024+'!Q330 -> 2.1000615 | J78: ='ALL 3 2024+'!R330 -> 2.0242979 | K78: ='ALL 3 2024+'!S330 -> 4.2511475 | M78: =E78*K78 -> 92.845062 | N78: =J78*F78 -> 92.996246 | O78: =G78 -> 92.91 | Q78: =MAX(M78:O78)-MIN(M78:O78) -> 0.15118452 | S78: =M78-M77 -> 0.60056056 | T78: =N78-N77 -> 0.56479734 | U78: =O78-O77 -> 0.53 | W78: =IF(M78=MAX($M78:$O78),-1,IF(M78=MIN($M78:$O78),1,0)) -> 1 | X78: =IF(N78=MAX($M78:$O78),-1,IF(N78=MIN($M78:$O78),1,0)) -> -1 | Y78: =IF(O78=MAX($M78:$O78),-1,IF(O78=MIN($M78:$O78),1,0)) -> 0 | AA78: =W77*S78 -> 0.60056056 | AB78: =X77*T78 -> -0.56479734 | AC78: =Y77*U78 -> 0 | AE78: =SUM(AA78:AC78) -> 0.035763222 | AG78: =ABS(W78-W77) -> 0 | AH78: =ABS(X78-X77) -> 0 | AI78: =ABS(Y78-Y77) -> 0
A79: ='ALL 3 2024+'!E331 -> 45772 | B79: ='ALL 3 2024+'!F331 -> 45772 | C79: ='ALL 3 2024+'!G331 -> 45772 | E79: ='ALL 3 2024+'!I331 -> 21.92 | F79: ='ALL 3 2024+'!J331 -> 46.12 | G79: ='ALL 3 2024+'!K331 -> 93.27 | I79: ='ALL 3 2024+'!Q331 -> 2.1001875 | J79: ='ALL 3 2024+'!R331 -> 2.0241795 | K79: ='ALL 3 2024+'!S331 -> 4.2511537 | M79: =E79*K79 -> 93.185289 | N79: =J79*F79 -> 93.35516 | O79: =G79 -> 93.27 | Q79: =MAX(M79:O79)-MIN(M79:O79) -> 0.16987152 | S79: =M79-M78 -> 0.34022729 | T79: =N79-N78 -> 0.35891429 | U79: =O79-O78 -> 0.36 | W79: =IF(M79=MAX($M79:$O79),-1,IF(M79=MIN($M79:$O79),1,0)) -> 1 | X79: =IF(N79=MAX($M79:$O79),-1,IF(N79=MIN($M79:$O79),1,0)) -> -1 | Y79: =IF(O79=MAX($M79:$O79),-1,IF(O79=MIN($M79:$O79),1,0)) -> 0 | AA79: =W78*S79 -> 0.34022729 | AB79: =X78*T79 -> -0.35891429 | AC79: =Y78*U79 -> 0 | AE79: =SUM(AA79:AC79) -> -0.018686999 | AG79: =ABS(W79-W78) -> 0 | AH79: =ABS(X79-X78) -> 0 | AI79: =ABS(Y79-Y78) -> 0
A80: ='ALL 3 2024+'!E332 -> 45775 | B80: ='ALL 3 2024+'!F332 -> 45775 | C80: ='ALL 3 2024+'!G332 -> 45775 | E80: ='ALL 3 2024+'!I332 -> 21.98 | F80: ='ALL 3 2024+'!J332 -> 46.22 | G80: ='ALL 3 2024+'!K332 -> 93.51 | I80: ='ALL 3 2024+'!Q332 -> 2.1002876 | J80: ='ALL 3 2024+'!R332 -> 2.0240775 | K80: ='ALL 3 2024+'!S332 -> 4.2511416 | M80: =E80*K80 -> 93.440092 | N80: =J80*F80 -> 93.552861 | O80: =G80 -> 93.51 | Q80: =MAX(M80:O80)-MIN(M80:O80) -> 0.11276937 | S80: =M80-M79 -> 0.25480271 | T80: =N80-N79 -> 0.19770057 | U80: =O80-O79 -> 0.24 | W80: =IF(M80=MAX($M80:$O80),-1,IF(M80=MIN($M80:$O80),1,0)) -> 1 | X80: =IF(N80=MAX($M80:$O80),-1,IF(N80=MIN($M80:$O80),1,0)) -> -1 | Y80: =IF(O80=MAX($M80:$O80),-1,IF(O80=MIN($M80:$O80),1,0)) -> 0 | AA80: =W79*S80 -> 0.25480271 | AB80: =X79*T80 -> -0.19770057 | AC80: =Y79*U80 -> 0 | AE80: =SUM(AA80:AC80) -> 0.057102146 | AG80: =ABS(W80-W79) -> 0 | AH80: =ABS(X80-X79) -> 0 | AI80: =ABS(Y80-Y79) -> 0
A81: ='ALL 3 2024+'!E333 -> 45776 | B81: ='ALL 3 2024+'!F333 -> 45776 | C81: ='ALL 3 2024+'!G333 -> 45776 | E81: ='ALL 3 2024+'!I333 -> 22.03 | F81: ='ALL 3 2024+'!J333 -> 46.32 | G81: ='ALL 3 2024+'!K333 -> 93.76 | I81: ='ALL 3 2024+'!Q333 -> 2.1003423 | J81: ='ALL 3 2024+'!R333 -> 2.0240466 | K81: ='ALL 3 2024+'!S333 -> 4.2511874 | M81: =E81*K81 -> 93.653658 | N81: =J81*F81 -> 93.753837 | O81: =G81 -> 93.76 | Q81: =MAX(M81:O81)-MIN(M81:O81) -> 0.10634215 | S81: =M81-M80 -> 0.21356618 | T81: =N81-N80 -> 0.20097596 | U81: =O81-O80 -> 0.25 | W81: =IF(M81=MAX($M81:$O81),-1,IF(M81=MIN($M81:$O81),1,0)) -> 1 | X81: =IF(N81=MAX($M81:$O81),-1,IF(N81=MIN($M81:$O81),1,0)) -> 0 | Y81: =IF(O81=MAX($M81:$O81),-1,IF(O81=MIN($M81:$O81),1,0)) -> -1 | AA81: =W80*S81 -> 0.21356618 | AB81: =X80*T81 -> -0.20097596 | AC81: =Y80*U81 -> 0 | AE81: =SUM(AA81:AC81) -> 0.012590219 | AG81: =ABS(W81-W80) -> 0 | AH81: =ABS(X81-X80) -> 1 | AI81: =ABS(Y81-Y80) -> 1
A82: ='ALL 3 2024+'!E334 -> 45777 | B82: ='ALL 3 2024+'!F334 -> 45777 | C82: ='ALL 3 2024+'!G334 -> 45777 | E82: ='ALL 3 2024+'!I334 -> 22.04 | F82: ='ALL 3 2024+'!J334 -> 46.32 | G82: ='ALL 3 2024+'!K334 -> 93.79 | I82: ='ALL 3 2024+'!Q334 -> 2.1004604 | J82: ='ALL 3 2024+'!R334 -> 2.0240031 | K82: ='ALL 3 2024+'!S334 -> 4.251335 | M82: =E82*K82 -> 93.699424 | N82: =J82*F82 -> 93.751824 | O82: =G82 -> 93.79 | P82: =N73-N82 -> -0.77087179 | Q82: =MAX(M82:O82)-MIN(M82:O82) -> 0.090575736 | R82: =O82-O73 -> 1 | S82: =M82-M81 -> 0.045766412 | T82: =N82-N81 -> -0.0020125243 | U82: =O82-O81 -> 0.03 | W82: 0 | X82: 0 | Y82: 0 | AA82: =W81*S82 -> 0.045766412 | AB82: =X81*T82 -> 0 | AC82: =Y81*U82 -> -0.03 | AE82: =SUM(AA82:AC82) -> 0.015766412 | AG82: =ABS(W82-W81) -> 1 | AH82: =ABS(X82-X81) -> 0 | AI82: =ABS(Y82-Y81) -> 1
A83: ='ALL 3 2024+'!E335 -> 45778 | B83: ='ALL 3 2024+'!F335 -> 45778 | C83: ='ALL 3 2024+'!G335 -> 45778 | E83: ='ALL 3 2024+'!I335 -> 21.93 | F83: ='ALL 3 2024+'!J335 -> 46.02 | G83: ='ALL 3 2024+'!K335 -> 93.13 | I83: ='ALL 3 2024+'!Q335 -> 2.100653 | J83: ='ALL 3 2024+'!R335 -> 2.0240468 | K83: ='ALL 3 2024+'!S335 -> 4.2518166 | M83: =E83*K83 -> 93.242339 | N83: =J83*F83 -> 93.146634 | O83: =G83 -> 93.13 | Q83: =MAX(M83:O83)-MIN(M83:O83) -> 0.11233896 | S83: =M83-M82 -> -0.4570853 | T83: =N83-N82 -> -0.60519009 | U83: =O83-O82 -> -0.66 | W83: =IF(M83=MAX($M83:$O83),-1,IF(M83=MIN($M83:$O83),1,0)) -> -1 | X83: =IF(N83=MAX($M83:$O83),-1,IF(N83=MIN($M83:$O83),1,0)) -> 0 | Y83: =IF(O83=MAX($M83:$O83),-1,IF(O83=MIN($M83:$O83),1,0)) -> 1 | AA83: =W82*S83 -> 0 | AB83: =X82*T83 -> 0 | AC83: =Y82*U83 -> 0 | AE83: =SUM(AA83:AC83) -> 0 | AG83: =ABS(W83-W82) -> 1 | AH83: =ABS(X83-X82) -> 0 | AI83: =ABS(Y83-Y82) -> 1
A84: ='ALL 3 2024+'!E336 -> 45779 | B84: ='ALL 3 2024+'!F336 -> 45779 | C84: ='ALL 3 2024+'!G336 -> 45779 | E84: ='ALL 3 2024+'!I336 -> 21.8 | F84: ='ALL 3 2024+'!J336 -> 45.73 | G84: ='ALL 3 2024+'!K336 -> 92.62 | I84: ='ALL 3 2024+'!Q336 -> 2.1006731 | J84: ='ALL 3 2024+'!R336 -> 2.0239432 | K84: ='ALL 3 2024+'!S336 -> 4.25164 | M84: =E84*K84 -> 92.685752 | N84: =J84*F84 -> 92.554923 | O84: =G84 -> 92.62 | Q84: =MAX(M84:O84)-MIN(M84:O84) -> 0.13082911 | S84: =M84-M83 -> -0.55658718 | T84: =N84-N83 -> -0.59171171 | U84: =O84-O83 -> -0.51 | W84: =IF(M84=MAX($M84:$O84),-1,IF(M84=MIN($M84:$O84),1,0)) -> -1 | X84: =IF(N84=MAX($M84:$O84),-1,IF(N84=MIN($M84:$O84),1,0)) -> 1 | Y84: =IF(O84=MAX($M84:$O84),-1,IF(O84=MIN($M84:$O84),1,0)) -> 0 | AA84: =W83*S84 -> 0.55658718 | AB84: =X83*T84 -> 0 | AC84: =Y83*U84 -> -0.51 | AE84: =SUM(AA84:AC84) -> 0.046587177 | AG84: =ABS(W84-W83) -> 0 | AH84: =ABS(X84-X83) -> 1 | AI84: =ABS(Y84-Y83) -> 1
A85: ='ALL 3 2024+'!E337 -> 45782 | B85: ='ALL 3 2024+'!F337 -> 45782 | C85: ='ALL 3 2024+'!G337 -> 45782 | E85: ='ALL 3 2024+'!I337 -> 21.74 | F85: ='ALL 3 2024+'!J337 -> 45.64 | G85: ='ALL 3 2024+'!K337 -> 92.41 | I85: ='ALL 3 2024+'!Q337 -> 2.1006419 | J85: ='ALL 3 2024+'!R337 -> 2.0239432 | K85: ='ALL 3 2024+'!S337 -> 4.2515768 | M85: =E85*K85 -> 92.42928 | N85: =J85*F85 -> 92.37277 | O85: =G85 -> 92.41 | Q85: =MAX(M85:O85)-MIN(M85:O85) -> 0.056510372 | S85: =M85-M84 -> -0.2564717 | T85: =N85-N84 -> -0.18215296 | U85: =O85-O84 -> -0.21 | W85: =IF(M85=MAX($M85:$O85),-1,IF(M85=MIN($M85:$O85),1,0)) -> -1 | X85: =IF(N85=MAX($M85:$O85),-1,IF(N85=MIN($M85:$O85),1,0)) -> 1 | Y85: =IF(O85=MAX($M85:$O85),-1,IF(O85=MIN($M85:$O85),1,0)) -> 0 | AA85: =W84*S85 -> 0.2564717 | AB85: =X84*T85 -> -0.18215296 | AC85: =Y84*U85 -> 0 | AE85: =SUM(AA85:AC85) -> 0.074318738 | AG85: =ABS(W85-W84) -> 0 | AH85: =ABS(X85-X84) -> 0 | AI85: =ABS(Y85-Y84) -> 0
A86: ='ALL 3 2024+'!E338 -> 45783 | B86: ='ALL 3 2024+'!F338 -> 45783 | C86: ='ALL 3 2024+'!G338 -> 45783 | E86: ='ALL 3 2024+'!I338 -> 21.83 | F86: ='ALL 3 2024+'!J338 -> 45.83 | G86: ='ALL 3 2024+'!K338 -> 92.8 | I86: ='ALL 3 2024+'!Q338 -> 2.1006547 | J86: ='ALL 3 2024+'!R338 -> 2.0241297 | K86: ='ALL 3 2024+'!S338 -> 4.2519942 | M86: =E86*K86 -> 92.821033 | N86: =J86*F86 -> 92.765864 | O86: =G86 -> 92.8 | Q86: =MAX(M86:O86)-MIN(M86:O86) -> 0.05516964 | S86: =M86-M85 -> 0.39175335 | T86: =N86-N85 -> 0.39309408 | U86: =O86-O85 -> 0.39 | W86: =IF(M86=MAX($M86:$O86),-1,IF(M86=MIN($M86:$O86),1,0)) -> -1 | X86: =IF(N86=MAX($M86:$O86),-1,IF(N86=MIN($M86:$O86),1,0)) -> 1 | Y86: =IF(O86=MAX($M86:$O86),-1,IF(O86=MIN($M86:$O86),1,0)) -> 0 | AA86: =W85*S86 -> -0.39175335 | AB86: =X85*T86 -> 0.39309408 | AC86: =Y85*U86 -> 0 | AE86: =SUM(AA86:AC86) -> 0.0013407315 | AG86: =ABS(W86-W85) -> 0 | AH86: =ABS(X86-X85) -> 0 | AI86: =ABS(Y86-Y85) -> 0
A87: ='ALL 3 2024+'!E339 -> 45784 | B87: ='ALL 3 2024+'!F339 -> 45784 | C87: ='ALL 3 2024+'!G339 -> 45784 | E87: ='ALL 3 2024+'!I339 -> 21.89 | F87: ='ALL 3 2024+'!J339 -> 45.94 | G87: ='ALL 3 2024+'!K339 -> 93.05 | I87: ='ALL 3 2024+'!Q339 -> 2.1006226 | J87: ='ALL 3 2024+'!R339 -> 2.0240356 | K87: ='ALL 3 2024+'!S339 -> 4.2517317 | M87: =E87*K87 -> 93.070406 | N87: =J87*F87 -> 92.984195 | O87: =G87 -> 93.05 | Q87: =MAX(M87:O87)-MIN(M87:O87) -> 0.086211173 | S87: =M87-M86 -> 0.24937274 | T87: =N87-N86 -> 0.21833121 | U87: =O87-O86 -> 0.25 | W87: =IF(M87=MAX($M87:$O87),-1,IF(M87=MIN($M87:$O87),1,0)) -> -1 | X87: =IF(N87=MAX($M87:$O87),-1,IF(N87=MIN($M87:$O87),1,0)) -> 1 | Y87: =IF(O87=MAX($M87:$O87),-1,IF(O87=MIN($M87:$O87),1,0)) -> 0 | AA87: =W86*S87 -> -0.24937274 | AB87: =X86*T87 -> 0.21833121 | AC87: =Y86*U87 -> 0 | AE87: =SUM(AA87:AC87) -> -0.031041533 | AG87: =ABS(W87-W86) -> 0 | AH87: =ABS(X87-X86) -> 0 | AI87: =ABS(Y87-Y86) -> 0
A88: ='ALL 3 2024+'!E340 -> 45785 | B88: ='ALL 3 2024+'!F340 -> 45785 | C88: ='ALL 3 2024+'!G340 -> 45785 | E88: ='ALL 3 2024+'!I340 -> 21.77 | F88: ='ALL 3 2024+'!J340 -> 45.65 | G88: ='ALL 3 2024+'!K340 -> 92.48 | I88: ='ALL 3 2024+'!Q340 -> 2.1006207 | J88: ='ALL 3 2024+'!R340 -> 2.0240401 | K88: ='ALL 3 2024+'!S340 -> 4.2517372 | M88: =E88*K88 -> 92.560319 | N88: =J88*F88 -> 92.397432 | O88: =G88 -> 92.48 | Q88: =MAX(M88:O88)-MIN(M88:O88) -> 0.1628874 | S88: =M88-M87 -> -0.51008725 | T88: =N88-N87 -> -0.58676348 | U88: =O88-O87 -> -0.57 | W88: =IF(M88=MAX($M88:$O88),-1,IF(M88=MIN($M88:$O88),1,0)) -> -1 | X88: =IF(N88=MAX($M88:$O88),-1,IF(N88=MIN($M88:$O88),1,0)) -> 1 | Y88: =IF(O88=MAX($M88:$O88),-1,IF(O88=MIN($M88:$O88),1,0)) -> 0 | AA88: =W87*S88 -> 0.51008725 | AB88: =X87*T88 -> -0.58676348 | AC88: =Y87*U88 -> 0 | AE88: =SUM(AA88:AC88) -> -0.076676223 | AG88: =ABS(W88-W87) -> 0 | AH88: =ABS(X88-X87) -> 0 | AI88: =ABS(Y88-Y87) -> 0
A89: ='ALL 3 2024+'!E341 -> 45786 | B89: ='ALL 3 2024+'!F341 -> 45786 | C89: ='ALL 3 2024+'!G341 -> 45786 | E89: ='ALL 3 2024+'!I341 -> 21.8 | F89: ='ALL 3 2024+'!J341 -> 45.74 | G89: ='ALL 3 2024+'!K341 -> 92.68 | I89: ='ALL 3 2024+'!Q341 -> 2.1004897 | J89: ='ALL 3 2024+'!R341 -> 2.0241528 | K89: ='ALL 3 2024+'!S341 -> 4.2517084 | M89: =E89*K89 -> 92.687243 | N89: =J89*F89 -> 92.584747 | O89: =G89 -> 92.68 | Q89: =MAX(M89:O89)-MIN(M89:O89) -> 0.10249626 | S89: =M89-M88 -> 0.12692419 | T89: =N89-N88 -> 0.18731533 | U89: =O89-O88 -> 0.2 | W89: =IF(M89=MAX($M89:$O89),-1,IF(M89=MIN($M89:$O89),1,0)) -> -1 | X89: =IF(N89=MAX($M89:$O89),-1,IF(N89=MIN($M89:$O89),1,0)) -> 1 | Y89: =IF(O89=MAX($M89:$O89),-1,IF(O89=MIN($M89:$O89),1,0)) -> 0 | AA89: =W88*S89 -> -0.12692419 | AB89: =X88*T89 -> 0.18731533 | AC89: =Y88*U89 -> 0 | AE89: =SUM(AA89:AC89) -> 0.060391137 | AG89: =ABS(W89-W88) -> 0 | AH89: =ABS(X89-X88) -> 0 | AI89: =ABS(Y89-Y88) -> 0
A90: ='ALL 3 2024+'!E342 -> 45789 | B90: ='ALL 3 2024+'!F342 -> 45789 | C90: ='ALL 3 2024+'!G342 -> 45789 | E90: ='ALL 3 2024+'!I342 -> 21.71 | F90: ='ALL 3 2024+'!J342 -> 45.5 | G90: ='ALL 3 2024+'!K342 -> 92.16 | I90: ='ALL 3 2024+'!Q342 -> 2.100569 | J90: ='ALL 3 2024+'!R342 -> 2.024131 | K90: ='ALL 3 2024+'!S342 -> 4.2518234 | M90: =E90*K90 -> 92.307086 | N90: =J90*F90 -> 92.097962 | O90: =G90 -> 92.16 | Q90: =MAX(M90:O90)-MIN(M90:O90) -> 0.20912438 | S90: =M90-M89 -> -0.38015671 | T90: =N90-N89 -> -0.48678484 | U90: =O90-O89 -> -0.52 | W90: =IF(M90=MAX($M90:$O90),-1,IF(M90=MIN($M90:$O90),1,0)) -> -1 | X90: =IF(N90=MAX($M90:$O90),-1,IF(N90=MIN($M90:$O90),1,0)) -> 1 | Y90: =IF(O90=MAX($M90:$O90),-1,IF(O90=MIN($M90:$O90),1,0)) -> 0 | AA90: =W89*S90 -> 0.38015671 | AB90: =X89*T90 -> -0.48678484 | AC90: =Y89*U90 -> 0 | AE90: =SUM(AA90:AC90) -> -0.10662812 | AG90: =ABS(W90-W89) -> 0 | AH90: =ABS(X90-X89) -> 0 | AI90: =ABS(Y90-Y89) -> 0
A91: ='ALL 3 2024+'!E343 -> 45790 | B91: ='ALL 3 2024+'!F343 -> 45790 | C91: ='ALL 3 2024+'!G343 -> 45790 | E91: ='ALL 3 2024+'!I343 -> 21.69 | F91: ='ALL 3 2024+'!J343 -> 45.5 | G91: ='ALL 3 2024+'!K343 -> 92.07 | I91: ='ALL 3 2024+'!Q343 -> 2.100487 | J91: ='ALL 3 2024+'!R343 -> 2.0237354 | K91: ='ALL 3 2024+'!S343 -> 4.2508276 | M91: =E91*K91 -> 92.20045 | N91: =J91*F91 -> 92.079961 | O91: =G91 -> 92.07 | Q91: =MAX(M91:O91)-MIN(M91:O91) -> 0.13045014 | S91: =M91-M90 -> -0.10663627 | T91: =N91-N90 -> -0.018001106 | U91: =O91-O90 -> -0.09 | W91: =IF(M91=MAX($M91:$O91),-1,IF(M91=MIN($M91:$O91),1,0)) -> -1 | X91: =IF(N91=MAX($M91:$O91),-1,IF(N91=MIN($M91:$O91),1,0)) -> 0 | Y91: =IF(O91=MAX($M91:$O91),-1,IF(O91=MIN($M91:$O91),1,0)) -> 1 | AA91: =W90*S91 -> 0.10663627 | AB91: =X90*T91 -> -0.018001106 | AC91: =Y90*U91 -> 0 | AE91: =SUM(AA91:AC91) -> 0.088635167 | AG91: =ABS(W91-W90) -> 0 | AH91: =ABS(X91-X90) -> 1 | AI91: =ABS(Y91-Y90) -> 1
A92: ='ALL 3 2024+'!E344 -> 45791 | B92: ='ALL 3 2024+'!F344 -> 45791 | C92: ='ALL 3 2024+'!G344 -> 45791 | E92: ='ALL 3 2024+'!I344 -> 21.57 | F92: ='ALL 3 2024+'!J344 -> 45.34 | G92: ='ALL 3 2024+'!K344 -> 91.66 | I92: ='ALL 3 2024+'!Q344 -> 2.1002959 | J92: ='ALL 3 2024+'!R344 -> 2.0236976 | K92: ='ALL 3 2024+'!S344 -> 4.2503614 | M92: =E92*K92 -> 91.680296 | N92: =J92*F92 -> 91.754448 | O92: =G92 -> 91.66 | Q92: =MAX(M92:O92)-MIN(M92:O92) -> 0.094448448 | S92: =M92-M91 -> -0.5201539 | T92: =N92-N91 -> -0.32551247 | U92: =O92-O91 -> -0.41 | W92: =IF(M92=MAX($M92:$O92),-1,IF(M92=MIN($M92:$O92),1,0)) -> 0 | X92: =IF(N92=MAX($M92:$O92),-1,IF(N92=MIN($M92:$O92),1,0)) -> -1 | Y92: =IF(O92=MAX($M92:$O92),-1,IF(O92=MIN($M92:$O92),1,0)) -> 1 | AA92: =W91*S92 -> 0.5201539 | AB92: =X91*T92 -> 0 | AC92: =Y91*U92 -> -0.41 | AE92: =SUM(AA92:AC92) -> 0.1101539 | AG92: =ABS(W92-W91) -> 1 | AH92: =ABS(X92-X91) -> 1 | AI92: =ABS(Y92-Y91) -> 0
A93: ='ALL 3 2024+'!E345 -> 45792 | B93: ='ALL 3 2024+'!F345 -> 45792 | C93: ='ALL 3 2024+'!G345 -> 45792 | E93: ='ALL 3 2024+'!I345 -> 21.73 | F93: ='ALL 3 2024+'!J345 -> 45.66 | G93: ='ALL 3 2024+'!K345 -> 92.33 | I93: ='ALL 3 2024+'!Q345 -> 2.1003497 | J93: ='ALL 3 2024+'!R345 -> 2.0236757 | K93: ='ALL 3 2024+'!S345 -> 4.2504242 | M93: =E93*K93 -> 92.361718 | N93: =J93*F93 -> 92.401032 | O93: =G93 -> 92.33 | Q93: =MAX(M93:O93)-MIN(M93:O93) -> 0.071031873 | S93: =M93-M92 -> 0.68142177 | T93: =N93-N92 -> 0.64658343 | U93: =O93-O92 -> 0.67 | W93: =IF(M93=MAX($M93:$O93),-1,IF(M93=MIN($M93:$O93),1,0)) -> 0 | X93: =IF(N93=MAX($M93:$O93),-1,IF(N93=MIN($M93:$O93),1,0)) -> -1 | Y93: =IF(O93=MAX($M93:$O93),-1,IF(O93=MIN($M93:$O93),1,0)) -> 1 | AA93: =W92*S93 -> 0 | AB93: =X92*T93 -> -0.64658343 | AC93: =Y92*U93 -> 0.67 | AE93: =SUM(AA93:AC93) -> 0.023416575 | AG93: =ABS(W93-W92) -> 0 | AH93: =ABS(X93-X92) -> 0 | AI93: =ABS(Y93-Y92) -> 0
A94: ='ALL 3 2024+'!E346 -> 45793 | B94: ='ALL 3 2024+'!F346 -> 45793 | C94: ='ALL 3 2024+'!G346 -> 45793 | E94: ='ALL 3 2024+'!I346 -> 21.73 | F94: ='ALL 3 2024+'!J346 -> 45.64 | G94: ='ALL 3 2024+'!K346 -> 92.37 | I94: ='ALL 3 2024+'!Q346 -> 2.1003318 | J94: ='ALL 3 2024+'!R346 -> 2.0237473 | K94: ='ALL 3 2024+'!S346 -> 4.2505383 | M94: =E94*K94 -> 92.364198 | N94: =J94*F94 -> 92.363826 | O94: =G94 -> 92.37 | P94: =M90-M94 -> -0.057111694 | Q94: =MAX(M94:O94)-MIN(M94:O94) -> 0.0061741262 | R94: =N94-N90 -> 0.26586384 | S94: =M94-M93 -> 0.0024800915 | T94: =N94-N93 -> -0.037206 | U94: =O94-O93 -> 0.04 | W94: =IF(M94=MAX($M94:$O94),-1,IF(M94=MIN($M94:$O94),1,0)) -> 0 | X94: =IF(N94=MAX($M94:$O94),-1,IF(N94=MIN($M94:$O94),1,0)) -> 1 | Y94: =IF(O94=MAX($M94:$O94),-1,IF(O94=MIN($M94:$O94),1,0)) -> -1 | AA94: =W93*S94 -> 0 | AB94: =X93*T94 -> 0.037206 | AC94: =Y93*U94 -> 0.04 | AE94: =SUM(AA94:AC94) -> 0.077206 | AG94: =ABS(W94-W93) -> 0 | AH94: =ABS(X94-X93) -> 2 | AI94: =ABS(Y94-Y93) -> 2
A95: ='ALL 3 2024+'!E347 -> 45796 | B95: ='ALL 3 2024+'!F347 -> 45796 | C95: ='ALL 3 2024+'!G347 -> 45796 | E95: ='ALL 3 2024+'!I347 -> 21.72 | F95: ='ALL 3 2024+'!J347 -> 45.55 | G95: ='ALL 3 2024+'!K347 -> 92.31 | I95: ='ALL 3 2024+'!Q347 -> 2.100295 | J95: ='ALL 3 2024+'!R347 -> 2.0238483 | K95: ='ALL 3 2024+'!S347 -> 4.2506762 | M95: =E95*K95 -> 92.324687 | N95: =J95*F95 -> 92.186289 | O95: =G95 -> 92.31 | Q95: =MAX(M95:O95)-MIN(M95:O95) -> 0.13839859 | S95: =M95-M94 -> -0.039510667 | T95: =N95-N94 -> -0.17753703 | U95: =O95-O94 -> -0.06 | W95: =IF(M95=MAX($M95:$O95),-1,IF(M95=MIN($M95:$O95),1,0)) -> -1 | X95: =IF(N95=MAX($M95:$O95),-1,IF(N95=MIN($M95:$O95),1,0)) -> 1 | Y95: =IF(O95=MAX($M95:$O95),-1,IF(O95=MIN($M95:$O95),1,0)) -> 0 | AA95: =W94*S95 -> 0 | AB95: =X94*T95 -> -0.17753703 | AC95: =Y94*U95 -> 0.06 | AE95: =SUM(AA95:AC95) -> -0.11753703 | AG95: =ABS(W95-W94) -> 1 | AH95: =ABS(X95-X94) -> 0 | AI95: =ABS(Y95-Y94) -> 1
A96: ='ALL 3 2024+'!E348 -> 45797 | B96: ='ALL 3 2024+'!F348 -> 45797 | C96: ='ALL 3 2024+'!G348 -> 45797 | E96: ='ALL 3 2024+'!I348 -> 21.67 | F96: ='ALL 3 2024+'!J348 -> 45.46 | G96: ='ALL 3 2024+'!K348 -> 92.05 | I96: ='ALL 3 2024+'!Q348 -> 2.1001361 | J96: ='ALL 3 2024+'!R348 -> 2.0240979 | K96: ='ALL 3 2024+'!S348 -> 4.2508785 | M96: =E96*K96 -> 92.116537 | N96: =J96*F96 -> 92.015491 | O96: =G96 -> 92.05 | Q96: =MAX(M96:O96)-MIN(M96:O96) -> 0.10104612 | S96: =M96-M95 -> -0.20815072 | T96: =N96-N95 -> -0.17079824 | U96: =O96-O95 -> -0.26 | W96: =IF(M96=MAX($M96:$O96),-1,IF(M96=MIN($M96:$O96),1,0)) -> -1 | X96: =IF(N96=MAX($M96:$O96),-1,IF(N96=MIN($M96:$O96),1,0)) -> 1 | Y96: =IF(O96=MAX($M96:$O96),-1,IF(O96=MIN($M96:$O96),1,0)) -> 0 | AA96: =W95*S96 -> 0.20815072 | AB96: =X95*T96 -> -0.17079824 | AC96: =Y95*U96 -> 0 | AE96: =SUM(AA96:AC96) -> 0.037352479 | AG96: =ABS(W96-W95) -> 0 | AH96: =ABS(X96-X95) -> 0 | AI96: =ABS(Y96-Y95) -> 0
A97: ='ALL 3 2024+'!E349 -> 45798 | B97: ='ALL 3 2024+'!F349 -> 45798 | C97: ='ALL 3 2024+'!G349 -> 45798 | E97: ='ALL 3 2024+'!I349 -> 21.52 | F97: ='ALL 3 2024+'!J349 -> 45.15 | G97: ='ALL 3 2024+'!K349 -> 91.41 | I97: ='ALL 3 2024+'!Q349 -> 2.0999746 | J97: ='ALL 3 2024+'!R349 -> 2.0242206 | K97: ='ALL 3 2024+'!S349 -> 4.2508093 | M97: =E97*K97 -> 91.477415 | N97: =J97*F97 -> 91.393561 | O97: =G97 -> 91.41 | Q97: =MAX(M97:O97)-MIN(M97:O97) -> 0.083854706 | S97: =M97-M96 -> -0.63912139 | T97: =N97-N96 -> -0.62192998 | U97: =O97-O96 -> -0.64 | W97: =IF(M97=MAX($M97:$O97),-1,IF(M97=MIN($M97:$O97),1,0)) -> -1 | X97: =IF(N97=MAX($M97:$O97),-1,IF(N97=MIN($M97:$O97),1,0)) -> 1 | Y97: =IF(O97=MAX($M97:$O97),-1,IF(O97=MIN($M97:$O97),1,0)) -> 0 | AA97: =W96*S97 -> 0.63912139 | AB97: =X96*T97 -> -0.62192998 | AC97: =Y96*U97 -> 0 | AE97: =SUM(AA97:AC97) -> 0.01719141 | AG97: =ABS(W97-W96) -> 0 | AH97: =ABS(X97-X96) -> 0 | AI97: =ABS(Y97-Y96) -> 0
A98: ='ALL 3 2024+'!E350 -> 45799 | B98: ='ALL 3 2024+'!F350 -> 45799 | C98: ='ALL 3 2024+'!G350 -> 45799 | E98: ='ALL 3 2024+'!I350 -> 21.55 | F98: ='ALL 3 2024+'!J350 -> 45.23 | G98: ='ALL 3 2024+'!K350 -> 91.58 | I98: ='ALL 3 2024+'!Q350 -> 2.0996697 | J98: ='ALL 3 2024+'!R350 -> 2.0242891 | K98: ='ALL 3 2024+'!S350 -> 4.2503359 | M98: =E98*K98 -> 91.59474 | N98: =J98*F98 -> 91.558596 | O98: =G98 -> 91.58 | Q98: =MAX(M98:O98)-MIN(M98:O98) -> 0.036143958 | S98: =M98-M97 -> 0.11732436 | T98: =N98-N97 -> 0.16503511 | U98: =O98-O97 -> 0.17 | W98: =IF(M98=MAX($M98:$O98),-1,IF(M98=MIN($M98:$O98),1,0)) -> -1 | X98: =IF(N98=MAX($M98:$O98),-1,IF(N98=MIN($M98:$O98),1,0)) -> 1 | Y98: =IF(O98=MAX($M98:$O98),-1,IF(O98=MIN($M98:$O98),1,0)) -> 0 | AA98: =W97*S98 -> -0.11732436 | AB98: =X97*T98 -> 0.16503511 | AC98: =Y97*U98 -> 0 | AE98: =SUM(AA98:AC98) -> 0.047710748 | AG98: =ABS(W98-W97) -> 0 | AH98: =ABS(X98-X97) -> 0 | AI98: =ABS(Y98-Y97) -> 0
A99: ='ALL 3 2024+'!E351 -> 45800 | B99: ='ALL 3 2024+'!F351 -> 45800 | C99: ='ALL 3 2024+'!G351 -> 45800 | E99: ='ALL 3 2024+'!I351 -> 21.61 | F99: ='ALL 3 2024+'!J351 -> 45.34 | G99: ='ALL 3 2024+'!K351 -> 91.82 | I99: ='ALL 3 2024+'!Q351 -> 2.0994377 | J99: ='ALL 3 2024+'!R351 -> 2.0244062 | K99: ='ALL 3 2024+'!S351 -> 4.2501125 | M99: =E99*K99 -> 91.844931 | N99: =J99*F99 -> 91.786576 | O99: =G99 -> 91.82 | Q99: =MAX(M99:O99)-MIN(M99:O99) -> 0.058354852 | S99: =M99-M98 -> 0.2501915 | T99: =N99-N98 -> 0.22798061 | U99: =O99-O98 -> 0.24 | W99: =IF(M99=MAX($M99:$O99),-1,IF(M99=MIN($M99:$O99),1,0)) -> -1 | X99: =IF(N99=MAX($M99:$O99),-1,IF(N99=MIN($M99:$O99),1,0)) -> 1 | Y99: =IF(O99=MAX($M99:$O99),-1,IF(O99=MIN($M99:$O99),1,0)) -> 0 | AA99: =W98*S99 -> -0.2501915 | AB99: =X98*T99 -> 0.22798061 | AC99: =Y98*U99 -> 0 | AE99: =SUM(AA99:AC99) -> -0.022210893 | AG99: =ABS(W99-W98) -> 0 | AH99: =ABS(X99-X98) -> 0 | AI99: =ABS(Y99-Y98) -> 0
A100: ='ALL 3 2024+'!E352 -> 45804 | B100: ='ALL 3 2024+'!F352 -> 45804 | C100: ='ALL 3 2024+'!G352 -> 45804 | E100: ='ALL 3 2024+'!I352 -> 21.66 | F100: ='ALL 3 2024+'!J352 -> 45.5 | G100: ='ALL 3 2024+'!K352 -> 92.15 | I100: ='ALL 3 2024+'!Q352 -> 2.0991421 | J100: ='ALL 3 2024+'!R352 -> 2.0245467 | K100: ='ALL 3 2024+'!S352 -> 4.2498095 | M100: =E100*K100 -> 92.050874 | N100: =J100*F100 -> 92.116875 | O100: =G100 -> 92.15 | Q100: =MAX(M100:O100)-MIN(M100:O100) -> 0.099125546 | S100: =M100-M99 -> 0.20594326 | T100: =N100-N99 -> 0.33029846 | U100: =O100-O99 -> 0.33 | W100: =IF(M100=MAX($M100:$O100),-1,IF(M100=MIN($M100:$O100),1,0)) -> 1 | X100: =IF(N100=MAX($M100:$O100),-1,IF(N100=MIN($M100:$O100),1,0)) -> 0 | Y100: =IF(O100=MAX($M100:$O100),-1,IF(O100=MIN($M100:$O100),1,0)) -> -1 | AA100: =W99*S100 -> -0.20594326 | AB100: =X99*T100 -> 0.33029846 | AC100: =Y99*U100 -> 0 | AE100: =SUM(AA100:AC100) -> 0.1243552 | AG100: =ABS(W100-W99) -> 2 | AH100: =ABS(X100-X99) -> 1 | AI100: =ABS(Y100-Y99) -> 1
A101: ='ALL 3 2024+'!E353 -> 45805 | B101: ='ALL 3 2024+'!F353 -> 45805 | C101: ='ALL 3 2024+'!G353 -> 45805 | E101: ='ALL 3 2024+'!I353 -> 21.65 | F101: ='ALL 3 2024+'!J353 -> 45.47 | G101: ='ALL 3 2024+'!K353 -> 92.06 | I101: ='ALL 3 2024+'!Q353 -> 2.0990333 | J101: ='ALL 3 2024+'!R353 -> 2.0246529 | K101: ='ALL 3 2024+'!S353 -> 4.2498127 | M101: =E101*K101 -> 92.008445 | N101: =J101*F101 -> 92.060969 | O101: =G101 -> 92.06 | Q101: =MAX(M101:O101)-MIN(M101:O101) -> 0.052523141 | S101: =M101-M100 -> -0.042428973 | T101: =N101-N100 -> -0.055906182 | U101: =O101-O100 -> -0.09 | W101: =IF(M101=MAX($M101:$O101),-1,IF(M101=MIN($M101:$O101),1,0)) -> 1 | X101: =IF(N101=MAX($M101:$O101),-1,IF(N101=MIN($M101:$O101),1,0)) -> -1 | Y101: =IF(O101=MAX($M101:$O101),-1,IF(O101=MIN($M101:$O101),1,0)) -> 0 | AA101: =W100*S101 -> -0.042428973 | AB101: =X100*T101 -> 0 | AC101: =Y100*U101 -> 0.09 | AE101: =SUM(AA101:AC101) -> 0.047571027 | AG101: =ABS(W101-W100) -> 0 | AH101: =ABS(X101-X100) -> 1 | AI101: =ABS(Y101-Y100) -> 1
A102: ='ALL 3 2024+'!E354 -> 45806 | B102: ='ALL 3 2024+'!F354 -> 45806 | C102: ='ALL 3 2024+'!G354 -> 45806 | E102: ='ALL 3 2024+'!I354 -> 21.73 | F102: ='ALL 3 2024+'!J354 -> 45.64 | G102: ='ALL 3 2024+'!K354 -> 92.43 | I102: ='ALL 3 2024+'!Q354 -> 2.0989155 | J102: ='ALL 3 2024+'!R354 -> 2.0246755 | K102: ='ALL 3 2024+'!S354 -> 4.2496217 | M102: =E102*K102 -> 92.344279 | N102: =J102*F102 -> 92.406191 | O102: =G102 -> 92.43 | Q102: =MAX(M102:O102)-MIN(M102:O102) -> 0.085720507 | S102: =M102-M101 -> 0.33583401 | T102: =N102-N101 -> 0.34522247 | U102: =O102-O101 -> 0.37 | W102: =IF(M102=MAX($M102:$O102),-1,IF(M102=MIN($M102:$O102),1,0)) -> 1 | X102: =IF(N102=MAX($M102:$O102),-1,IF(N102=MIN($M102:$O102),1,0)) -> 0 | Y102: =IF(O102=MAX($M102:$O102),-1,IF(O102=MIN($M102:$O102),1,0)) -> -1 | AA102: =W101*S102 -> 0.33583401 | AB102: =X101*T102 -> -0.34522247 | AC102: =Y101*U102 -> 0 | AE102: =SUM(AA102:AC102) -> -0.0093884618 | AG102: =ABS(W102-W101) -> 0 | AH102: =ABS(X102-X101) -> 1 | AI102: =ABS(Y102-Y101) -> 1
...

Sheet 40
AC1: =SUM(AC3:AC376) -> 10.310503
A2: ='ALL 3 2024+'!E254 -> 45659 | B2: ='ALL 3 2024+'!F254 -> 45659 | C2: ='ALL 3 2024+'!G254 -> 45659 | E2: ='ALL 3 2024+'!I254 -> 21.54 | F2: ='ALL 3 2024+'!J254 -> 45.28 | G2: ='ALL 3 2024+'!K254 -> 91.6 | I2: ='ALL 3 2024+'!U254 -> 2.1003378 | J2: ='ALL 3 2024+'!V254 -> 2.0241209 | K2: ='ALL 3 2024+'!W254 -> 4.2513332 | M2: =E2*K2 -> 91.573717 | N2: =J2*F2 -> 91.652196 | O2: =G2 -> 91.6 | U2: =IF(M2=MAX($M2:$O2),-1,IF(M2=MIN($M2:$O2),1,0)) -> 1 | V2: =IF(N2=MAX($M2:$O2),-1,IF(N2=MIN($M2:$O2),1,0)) -> -1 | W2: =IF(O2=MAX($M2:$O2),-1,IF(O2=MIN($M2:$O2),1,0)) -> 0
A3: ='ALL 3 2024+'!E255 -> 45660 | B3: ='ALL 3 2024+'!F255 -> 45660 | C3: ='ALL 3 2024+'!G255 -> 45660 | E3: ='ALL 3 2024+'!I255 -> 21.48 | F3: ='ALL 3 2024+'!J255 -> 45.24 | G3: ='ALL 3 2024+'!K255 -> 91.48 | I3: ='ALL 3 2024+'!U255 -> 2.1004303 | J3: ='ALL 3 2024+'!V255 -> 2.0240169 | K3: ='ALL 3 2024+'!W255 -> 4.251302 | M3: =E3*K3 -> 91.317967 | N3: =J3*F3 -> 91.566525 | O3: =G3 -> 91.48 | Q3: =M3-M2 -> -0.2557501 | R3: =N3-N2 -> -0.085671281 | S3: =O3-O2 -> -0.12 | U3: =IF(M3=MAX($M3:$O3),-1,IF(M3=MIN($M3:$O3),1,0)) -> 1 | V3: =IF(N3=MAX($M3:$O3),-1,IF(N3=MIN($M3:$O3),1,0)) -> -1 | W3: =IF(O3=MAX($M3:$O3),-1,IF(O3=MIN($M3:$O3),1,0)) -> 0 | Y3: =U2*Q3 -> -0.2557501 | Z3: =V2*R3 -> 0.085671281 | AA3: =W2*S3 -> 0 | AC3: =SUM(Y3:AA3) -> -0.17007882
A4: ='ALL 3 2024+'!E256 -> 45663 | B4: ='ALL 3 2024+'!F256 -> 45663 | C4: ='ALL 3 2024+'!G256 -> 45663 | E4: ='ALL 3 2024+'!I256 -> 21.47 | F4: ='ALL 3 2024+'!J256 -> 45.19 | G4: ='ALL 3 2024+'!K256 -> 91.38 | I4: ='ALL 3 2024+'!U256 -> 2.1007103 | J4: ='ALL 3 2024+'!V256 -> 2.0238852 | K4: ='ALL 3 2024+'!W256 -> 4.2515922 | M4: =E4*K4 -> 91.281685 | N4: =J4*F4 -> 91.459374 | O4: =G4 -> 91.38 | Q4: =M4-M3 -> -0.036282822 | R4: =N4-N3 -> -0.10715066 | S4: =O4-O3 -> -0.1 | U4: =IF(M4=MAX($M4:$O4),-1,IF(M4=MIN($M4:$O4),1,0)) -> 1 | V4: =IF(N4=MAX($M4:$O4),-1,IF(N4=MIN($M4:$O4),1,0)) -> -1 | W4: =IF(O4=MAX($M4:$O4),-1,IF(O4=MIN($M4:$O4),1,0)) -> 0 | Y4: =U3*Q4 -> -0.036282822 | Z4: =V3*R4 -> 0.10715066 | AA4: =W3*S4 -> 0 | AC4: =SUM(Y4:AA4) -> 0.070867839
A5: ='ALL 3 2024+'!E257 -> 45664 | B5: ='ALL 3 2024+'!F257 -> 45664 | C5: ='ALL 3 2024+'!G257 -> 45664 | E5: ='ALL 3 2024+'!I257 -> 21.38 | F5: ='ALL 3 2024+'!J257 -> 45.06 | G5: ='ALL 3 2024+'!K257 -> 91.12 | I5: ='ALL 3 2024+'!U257 -> 2.1008794 | J5: ='ALL 3 2024+'!V257 -> 2.0238101 | K5: ='ALL 3 2024+'!W257 -> 4.2517764 | M5: =E5*K5 -> 90.90298 | N5: =J5*F5 -> 91.192881 | O5: =G5 -> 91.12 | Q5: =M5-M4 -> -0.37870424 | R5: =N5-N4 -> -0.26649256 | S5: =O5-O4 -> -0.26 | U5: =IF(M5=MAX($M5:$O5),-1,IF(M5=MIN($M5:$O5),1,0)) -> 1 | V5: =IF(N5=MAX($M5:$O5),-1,IF(N5=MIN($M5:$O5),1,0)) -> -1 | W5: =IF(O5=MAX($M5:$O5),-1,IF(O5=MIN($M5:$O5),1,0)) -> 0 | Y5: =U4*Q5 -> -0.37870424 | Z5: =V4*R5 -> 0.26649256 | AA5: =W4*S5 -> 0 | AC5: =SUM(Y5:AA5) -> -0.11221168
A6: ='ALL 3 2024+'!E258 -> 45665 | B6: ='ALL 3 2024+'!F258 -> 45665 | C6: ='ALL 3 2024+'!G258 -> 45665 | E6: ='ALL 3 2024+'!I258 -> 21.4 | F6: ='ALL 3 2024+'!J258 -> 45.08 | G6: ='ALL 3 2024+'!K258 -> 91.17 | I6: ='ALL 3 2024+'!U258 -> 2.1011509 | J6: ='ALL 3 2024+'!V258 -> 2.0236519 | K6: ='ALL 3 2024+'!W258 -> 4.2519935 | M6: =E6*K6 -> 90.992661 | N6: =J6*F6 -> 91.226227 | O6: =G6 -> 91.17 | Q6: =M6-M5 -> 0.089680333 | R6: =N6-N5 -> 0.03334595 | S6: =O6-O5 -> 0.05 | U6: =IF(M6=MAX($M6:$O6),-1,IF(M6=MIN($M6:$O6),1,0)) -> 1 | V6: =IF(N6=MAX($M6:$O6),-1,IF(N6=MIN($M6:$O6),1,0)) -> -1 | W6: =IF(O6=MAX($M6:$O6),-1,IF(O6=MIN($M6:$O6),1,0)) -> 0 | Y6: =U5*Q6 -> 0.089680333 | Z6: =V5*R6 -> -0.03334595 | AA6: =W5*S6 -> 0 | AC6: =SUM(Y6:AA6) -> 0.056334383
A7: ='ALL 3 2024+'!E259 -> 45667 | B7: ='ALL 3 2024+'!F259 -> 45667 | C7: ='ALL 3 2024+'!G259 -> 45667 | E7: ='ALL 3 2024+'!I259 -> 21.28 | F7: ='ALL 3 2024+'!J259 -> 44.77 | G7: ='ALL 3 2024+'!K259 -> 90.52 | I7: ='ALL 3 2024+'!U259 -> 2.1014341 | J7: ='ALL 3 2024+'!V259 -> 2.0235058 | K7: ='ALL 3 2024+'!W259 -> 4.25226 | M7: =E7*K7 -> 90.488093 | N7: =J7*F7 -> 90.592356 | O7: =G7 -> 90.52 | Q7: =M7-M6 -> -0.50456725 | R7: =N7-N6 -> -0.63387125 | S7: =O7-O6 -> -0.65 | U7: =IF(M7=MAX($M7:$O7),-1,IF(M7=MIN($M7:$O7),1,0)) -> 1 | V7: =IF(N7=MAX($M7:$O7),-1,IF(N7=MIN($M7:$O7),1,0)) -> -1 | W7: =IF(O7=MAX($M7:$O7),-1,IF(O7=MIN($M7:$O7),1,0)) -> 0 | Y7: =U6*Q7 -> -0.50456725 | Z7: =V6*R7 -> 0.63387125 | AA7: =W6*S7 -> 0 | AC7: =SUM(Y7:AA7) -> 0.129304
A8: ='ALL 3 2024+'!E260 -> 45670 | B8: ='ALL 3 2024+'!F260 -> 45670 | C8: ='ALL 3 2024+'!G260 -> 45670 | E8: ='ALL 3 2024+'!I260 -> 21.23 | F8: ='ALL 3 2024+'!J260 -> 44.68 | G8: ='ALL 3 2024+'!K260 -> 90.37 | I8: ='ALL 3 2024+'!U260 -> 2.1016389 | J8: ='ALL 3 2024+'!V260 -> 2.0233687 | K8: ='ALL 3 2024+'!W260 -> 4.2523867 | M8: =E8*K8 -> 90.278169 | N8: =J8*F8 -> 90.404113 | O8: =G8 -> 90.37 | Q8: =M8-M7 -> -0.20992411 | R8: =N8-N7 -> -0.18824283 | S8: =O8-O7 -> -0.15 | U8: =IF(M8=MAX($M8:$O8),-1,IF(M8=MIN($M8:$O8),1,0)) -> 1 | V8: =IF(N8=MAX($M8:$O8),-1,IF(N8=MIN($M8:$O8),1,0)) -> -1 | W8: =IF(O8=MAX($M8:$O8),-1,IF(O8=MIN($M8:$O8),1,0)) -> 0 | Y8: =U7*Q8 -> -0.20992411 | Z8: =V7*R8 -> 0.18824283 | AA8: =W7*S8 -> 0 | AC8: =SUM(Y8:AA8) -> -0.021681286
A9: ='ALL 3 2024+'!E261 -> 45671 | B9: ='ALL 3 2024+'!F261 -> 45671 | C9: ='ALL 3 2024+'!G261 -> 45671 | E9: ='ALL 3 2024+'!I261 -> 21.25 | F9: ='ALL 3 2024+'!J261 -> 44.77 | G9: ='ALL 3 2024+'!K261 -> 90.46 | I9: ='ALL 3 2024+'!U261 -> 2.1018859 | J9: ='ALL 3 2024+'!V261 -> 2.0232711 | K9: ='ALL 3 2024+'!W261 -> 4.2526817 | M9: =E9*K9 -> 90.369487 | N9: =J9*F9 -> 90.581846 | O9: =G9 -> 90.46 | Q9: =M9-M8 -> 0.09131769 | R9: =N9-N8 -> 0.17773287 | S9: =O9-O8 -> 0.09 | U9: =IF(M9=MAX($M9:$O9),-1,IF(M9=MIN($M9:$O9),1,0)) -> 1 | V9: =IF(N9=MAX($M9:$O9),-1,IF(N9=MIN($M9:$O9),1,0)) -> -1 | W9: =IF(O9=MAX($M9:$O9),-1,IF(O9=MIN($M9:$O9),1,0)) -> 0 | Y9: =U8*Q9 -> 0.09131769 | Z9: =V8*R9 -> -0.17773287 | AA9: =W8*S9 -> 0 | AC9: =SUM(Y9:AA9) -> -0.086415181
A10: ='ALL 3 2024+'!E262 -> 45672 | B10: ='ALL 3 2024+'!F262 -> 45672 | C10: ='ALL 3 2024+'!G262 -> 45672 | E10: ='ALL 3 2024+'!I262 -> 21.48 | F10: ='ALL 3 2024+'!J262 -> 45.2 | G10: ='ALL 3 2024+'!K262 -> 91.41 | I10: ='ALL 3 2024+'!U262 -> 2.1021329 | J10: ='ALL 3 2024+'!V262 -> 2.023154 | K10: ='ALL 3 2024+'!W262 -> 4.2529352 | M10: =E10*K10 -> 91.353048 | N10: =J10*F10 -> 91.446561 | O10: =G10 -> 91.41 | Q10: =M10-M9 -> 0.98356143 | R10: =N10-N9 -> 0.86471448 | S10: =O10-O9 -> 0.95 | U10: =IF(M10=MAX($M10:$O10),-1,IF(M10=MIN($M10:$O10),1,0)) -> 1 | V10: =IF(N10=MAX($M10:$O10),-1,IF(N10=MIN($M10:$O10),1,0)) -> -1 | W10: =IF(O10=MAX($M10:$O10),-1,IF(O10=MIN($M10:$O10),1,0)) -> 0 | Y10: =U9*Q10 -> 0.98356143 | Z10: =V9*R10 -> -0.86471448 | AA10: =W9*S10 -> 0 | AC10: =SUM(Y10:AA10) -> 0.11884696
A11: ='ALL 3 2024+'!E263 -> 45673 | B11: ='ALL 3 2024+'!F263 -> 45673 | C11: ='ALL 3 2024+'!G263 -> 45673 | E11: ='ALL 3 2024+'!I263 -> 21.51 | F11: ='ALL 3 2024+'!J263 -> 45.31 | G11: ='ALL 3 2024+'!K263 -> 91.66 | I11: ='ALL 3 2024+'!U263 -> 2.1023056 | J11: ='ALL 3 2024+'!V263 -> 2.0230432 | K11: ='ALL 3 2024+'!W263 -> 4.253052 | M11: =E11*K11 -> 91.483149 | N11: =J11*F11 -> 91.664088 | O11: =G11 -> 91.66 | Q11: =M11-M10 -> 0.13010077 | R11: =N11-N10 -> 0.21752762 | S11: =O11-O10 -> 0.25 | U11: =IF(M11=MAX($M11:$O11),-1,IF(M11=MIN($M11:$O11),1,0)) -> 1 | V11: =IF(N11=MAX($M11:$O11),-1,IF(N11=MIN($M11:$O11),1,0)) -> -1 | W11: =IF(O11=MAX($M11:$O11),-1,IF(O11=MIN($M11:$O11),1,0)) -> 0 | Y11: =U10*Q11 -> 0.13010077 | Z11: =V10*R11 -> -0.21752762 | AA11: =W10*S11 -> 0 | AC11: =SUM(Y11:AA11) -> -0.087426853
A12: ='ALL 3 2024+'!E264 -> 45674 | B12: ='ALL 3 2024+'!F264 -> 45674 | C12: ='ALL 3 2024+'!G264 -> 45674 | E12: ='ALL 3 2024+'!I264 -> 21.51 | F12: ='ALL 3 2024+'!J264 -> 45.31 | G12: ='ALL 3 2024+'!K264 -> 91.59 | I12: ='ALL 3 2024+'!U264 -> 2.1024838 | J12: ='ALL 3 2024+'!V264 -> 2.0230222 | K12: ='ALL 3 2024+'!W264 -> 4.2533684 | M12: =E12*K12 -> 91.489954 | N12: =J12*F12 -> 91.663135 | O12: =G12 -> 91.59 | Q12: =M12-M11 -> 0.0068049793 | R12: =N12-N11 -> -0.00095304305 | S12: =O12-O11 -> -0.07 | U12: =IF(M12=MAX($M12:$O12),-1,IF(M12=MIN($M12:$O12),1,0)) -> 1 | V12: =IF(N12=MAX($M12:$O12),-1,IF(N12=MIN($M12:$O12),1,0)) -> -1 | W12: =IF(O12=MAX($M12:$O12),-1,IF(O12=MIN($M12:$O12),1,0)) -> 0 | Y12: =U11*Q12 -> 0.0068049793 | Z12: =V11*R12 -> 0.00095304305 | AA12: =W11*S12 -> 0 | AC12: =SUM(Y12:AA12) -> 0.0077580223
A13: ='ALL 3 2024+'!E265 -> 45678 | B13: ='ALL 3 2024+'!F265 -> 45678 | C13: ='ALL 3 2024+'!G265 -> 45678 | E13: ='ALL 3 2024+'!I265 -> 21.59 | F13: ='ALL 3 2024+'!J265 -> 45.46 | G13: ='ALL 3 2024+'!K265 -> 91.92 | I13: ='ALL 3 2024+'!U265 -> 2.1026236 | J13: ='ALL 3 2024+'!V265 -> 2.0229648 | K13: ='ALL 3 2024+'!W265 -> 4.2535303 | M13: =E13*K13 -> 91.83372 | N13: =J13*F13 -> 91.963978 | O13: =G13 -> 91.92 | Q13: =M13-M12 -> 0.3437656 | R13: =N13-N12 -> 0.300843 | S13: =O13-O12 -> 0.33 | U13: =IF(M13=MAX($M13:$O13),-1,IF(M13=MIN($M13:$O13),1,0)) -> 1 | V13: =IF(N13=MAX($M13:$O13),-1,IF(N13=MIN($M13:$O13),1,0)) -> -1 | W13: =IF(O13=MAX($M13:$O13),-1,IF(O13=MIN($M13:$O13),1,0)) -> 0 | Y13: =U12*Q13 -> 0.3437656 | Z13: =V12*R13 -> -0.300843 | AA13: =W12*S13 -> 0 | AC13: =SUM(Y13:AA13) -> 0.042922597
A14: ='ALL 3 2024+'!E266 -> 45679 | B14: ='ALL 3 2024+'!F266 -> 45679 | C14: ='ALL 3 2024+'!G266 -> 45679 | E14: ='ALL 3 2024+'!I266 -> 21.55 | F14: ='ALL 3 2024+'!J266 -> 45.36 | G14: ='ALL 3 2024+'!K266 -> 91.77 | I14: ='ALL 3 2024+'!U266 -> 2.1027576 | J14: ='ALL 3 2024+'!V266 -> 2.0229247 | K14: ='ALL 3 2024+'!W266 -> 4.253717 | M14: =E14*K14 -> 91.667602 | N14: =J14*F14 -> 91.759865 | O14: =G14 -> 91.77 | Q14: =M14-M13 -> -0.16611777 | R14: =N14-N13 -> -0.20411321 | S14: =O14-O13 -> -0.15 | U14: =IF(M14=MAX($M14:$O14),-1,IF(M14=MIN($M14:$O14),1,0)) -> 1 | V14: =IF(N14=MAX($M14:$O14),-1,IF(N14=MIN($M14:$O14),1,0)) -> 0 | W14: =IF(O14=MAX($M14:$O14),-1,IF(O14=MIN($M14:$O14),1,0)) -> -1 | Y14: =U13*Q14 -> -0.16611777 | Z14: =V13*R14 -> 0.20411321 | AA14: =W13*S14 -> 0 | AC14: =SUM(Y14:AA14) -> 0.037995437
... A20: ='ALL 3 2024+'!E272 -> 45687 | B20: ='ALL 3 2024+'!F272 -> 45687 | C20: ='ALL 3 2024+'!G272 -> 45687 | E20: ='ALL 3 2024+'!I272 -> 21.69 | F20: ='ALL 3 2024+'!J272 -> 45.64 | G20: ='ALL 3 2024+'!K272 -> 92.33 | I20: ='ALL 3 2024+'!U272 -> 2.1033915 | J20: ='ALL 3 2024+'!V272 -> 2.0227285 | K20: ='ALL 3 2024+'!W272 -> 4.2545869 | M20: =E20*K20 -> 92.28199 | N20: =J20*F20 -> 92.317328 | O20: =G20 -> 92.33 | Q20: =M20-M19 -> 0.086570905 | R20: =N20-N19 -> 0.07993016 | S20: =O20-O19 -> 0.13 | U20: =IF(M20=MAX($M20:$O20),-1,IF(M20=MIN($M20:$O20),1,0)) -> 1 | V20: =IF(N20=MAX($M20:$O20),-1,IF(N20=MIN($M20:$O20),1,0)) -> 0 | W20: =IF(O20=MAX($M20:$O20),-1,IF(O20=MIN($M20:$O20),1,0)) -> -1 | Y20: =U19*Q20 -> 0.086570905 | Z20: =V19*R20 -> -0.07993016 | AA20: =W19*S20 -> 0 | AC20: =SUM(Y20:AA20) -> 0.006640745
A21: ='ALL 3 2024+'!E273 -> 45688 | B21: ='ALL 3 2024+'!F273 -> 45688 | C21: ='ALL 3 2024+'!G273 -> 45688 | E21: ='ALL 3 2024+'!I273 -> 21.63 | F21: ='ALL 3 2024+'!J273 -> 45.6 | G21: ='ALL 3 2024+'!K273 -> 92.19 | I21: ='ALL 3 2024+'!U273 -> 2.1035181 | J21: ='ALL 3 2024+'!V273 -> 2.0226425 | K21: ='ALL 3 2024+'!W273 -> 4.2546626 | M21: =E21*K21 -> 92.028352 | N21: =J21*F21 -> 92.2325 | O21: =G21 -> 92.19 | Q21: =M21-M20 -> -0.25363838 | R21: =N21-N20 -> -0.084828144 | S21: =O21-O20 -> -0.14 | U21: 0 | V21: 0 | W21: 0 | Y21: =U20*Q21 -> -0.25363838 | Z21: =V20*R21 -> 0 | AA21: =W20*S21 -> 0.14 | AC21: =SUM(Y21:AA21) -> -0.11363838
A22: ='ALL 3 2024+'!E274 -> 45691 | B22: ='ALL 3 2024+'!F274 -> 45691 | C22: ='ALL 3 2024+'!G274 -> 45691 | E22: ='ALL 3 2024+'!I274 -> 21.58 | F22: ='ALL 3 2024+'!J274 -> 45.45 | G22: ='ALL 3 2024+'!K274 -> 91.8 | I22: ='ALL 3 2024+'!U274 -> 2.1037706 | J22: ='ALL 3 2024+'!V274 -> 2.0225599 | K22: ='ALL 3 2024+'!W274 -> 4.2549997 | M22: =E22*K22 -> 91.822894 | N22: =J22*F22 -> 91.925347 | O22: =G22 -> 91.8 | Q22: =M22-M21 -> -0.20545832 | R22: =N22-N21 -> -0.30715293 | S22: =O22-O21 -> -0.39 | U22: =IF(M22=MAX($M22:$O22),-1,IF(M22=MIN($M22:$O22),1,0)) -> 0 | V22: =IF(N22=MAX($M22:$O22),-1,IF(N22=MIN($M22:$O22),1,0)) -> -1 | W22: =IF(O22=MAX($M22:$O22),-1,IF(O22=MIN($M22:$O22),1,0)) -> 1 | Y22: =U21*Q22 -> 0 | Z22: =V21*R22 -> 0 | AA22: =W21*S22 -> 0 | AC22: =SUM(Y22:AA22) -> 0
A23: ='ALL 3 2024+'!E275 -> 45692 | B23: ='ALL 3 2024+'!F275 -> 45692 | C23: ='ALL 3 2024+'!G275 -> 45692 | E23: ='ALL 3 2024+'!I275 -> 21.61 | F23: ='ALL 3 2024+'!J275 -> 45.49 | G23: ='ALL 3 2024+'!K275 -> 91.97 | I23: ='ALL 3 2024+'!U275 -> 2.1038962 | J23: ='ALL 3 2024+'!V275 -> 2.0224536 | K23: ='ALL 3 2024+'!W275 -> 4.25503 | M23: =E23*K23 -> 91.951199 | N23: =J23*F23 -> 92.001413 | O23: =G23 -> 91.97 | Q23: =M23-M22 -> 0.12830517 | R23: =N23-N22 -> 0.076066689 | S23: =O23-O22 -> 0.17 | U23: =IF(M23=MAX($M23:$O23),-1,IF(M23=MIN($M23:$O23),1,0)) -> 1 | V23: =IF(N23=MAX($M23:$O23),-1,IF(N23=MIN($M23:$O23),1,0)) -> -1 | W23: =IF(O23=MAX($M23:$O23),-1,IF(O23=MIN($M23:$O23),1,0)) -> 0 | Y23: =U22*Q23 -> 0 | Z23: =V22*R23 -> -0.076066689 | AA23: =W22*S23 -> 0.17 | AC23: =SUM(Y23:AA23) -> 0.093933311
A24: ='ALL 3 2024+'!E276 -> 45693 | B24: ='ALL 3 2024+'!F276 -> 45693 | C24: ='ALL 3 2024+'!G276 -> 45693 | E24: ='ALL 3 2024+'!I276 -> 21.74 | F24: ='ALL 3 2024+'!J276 -> 45.71 | G24: ='ALL 3 2024+'!K276 -> 92.48 | I24: ='ALL 3 2024+'!U276 -> 2.104132 | J24: ='ALL 3 2024+'!V276 -> 2.0223734 | K24: ='ALL 3 2024+'!W276 -> 4.2553387 | M24: =E24*K24 -> 92.511064 | N24: =J24*F24 -> 92.442689 | O24: =G24 -> 92.48 | Q24: =M24-M23 -> 0.55986498 | R24: =N24-N23 -> 0.44127585 | S24: =O24-O23 -> 0.51 | U24: =IF(M24=MAX($M24:$O24),-1,IF(M24=MIN($M24:$O24),1,0)) -> -1 | V24: =IF(N24=MAX($M24:$O24),-1,IF(N24=MIN($M24:$O24),1,0)) -> 1 | W24: =IF(O24=MAX($M24:$O24),-1,IF(O24=MIN($M24:$O24),1,0)) -> 0 | Y24: =U23*Q24 -> 0.55986498 | Z24: =V23*R24 -> -0.44127585 | AA24: =W23*S24 -> 0 | AC24: =SUM(Y24:AA24) -> 0.11858913
A25: ='ALL 3 2024+'!E277 -> 45694 | B25: ='ALL 3 2024+'!F277 -> 45694 | C25: ='ALL 3 2024+'!G277 -> 45694 | E25: ='ALL 3 2024+'!I277 -> 21.73 | F25: ='ALL 3 2024+'!J277 -> 45.66 | G25: ='ALL 3 2024+'!K277 -> 92.39 | I25: ='ALL 3 2024+'!U277 -> 2.1042074 | J25: ='ALL 3 2024+'!V277 -> 2.022333 | K25: ='ALL 3 2024+'!W277 -> 4.2554064 | M25: =E25*K25 -> 92.46998 | N25: =J25*F25 -> 92.339727 | O25: =G25 -> 92.39 | Q25: =M25-M24 -> -0.041083846 | R25: =N25-N24 -> -0.10296238 | S25: =O25-O24 -> -0.09 | U25: =IF(M25=MAX($M25:$O25),-1,IF(M25=MIN($M25:$O25),1,0)) -> -1 | V25: =IF(N25=MAX($M25:$O25),-1,IF(N25=MIN($M25:$O25),1,0)) -> 1 | W25: =IF(O25=MAX($M25:$O25),-1,IF(O25=MIN($M25:$O25),1,0)) -> 0 | Y25: =U24*Q25 -> 0.041083846 | Z25: =V24*R25 -> -0.10296238 | AA25: =W24*S25 -> 0 | AC25: =SUM(Y25:AA25) -> -0.061878533
A26: ='ALL 3 2024+'!E278 -> 45695 | B26: ='ALL 3 2024+'!F278 -> 45695 | C26: ='ALL 3 2024+'!G278 -> 45695 | E26: ='ALL 3 2024+'!I278 -> 21.67 | F26: ='ALL 3 2024+'!J278 -> 45.56 | G26: ='ALL 3 2024+'!K278 -> 92.18 | I26: ='ALL 3 2024+'!U278 -> 2.1042168 | J26: ='ALL 3 2024+'!V278 -> 2.0223319 | K26: ='ALL 3 2024+'!W278 -> 4.2554229 | M26: =E26*K26 -> 92.215014 | N26: =J26*F26 -> 92.13744 | O26: =G26 -> 92.18 | Q26: =M26-M25 -> -0.25496652 | R26: =N26-N25 -> -0.20228661 | S26: =O26-O25 -> -0.21 | U26: =IF(M26=MAX($M26:$O26),-1,IF(M26=MIN($M26:$O26),1,0)) -> -1 | V26: =IF(N26=MAX($M26:$O26),-1,IF(N26=MIN($M26:$O26),1,0)) -> 1 | W26: =IF(O26=MAX($M26:$O26),-1,IF(O26=MIN($M26:$O26),1,0)) -> 0 | Y26: =U25*Q26 -> 0.25496652 | Z26: =V25*R26 -> -0.20228661 | AA26: =W25*S26 -> 0 | AC26: =SUM(Y26:AA26) -> 0.05267991
A27: ='ALL 3 2024+'!E279 -> 45698 | B27: ='ALL 3 2024+'!F279 -> 45698 | C27: ='ALL 3 2024+'!G279 -> 45698 | E27: ='ALL 3 2024+'!I279 -> 21.68 | F27: ='ALL 3 2024+'!J279 -> 45.55 | G27: ='ALL 3 2024+'!K279 -> 92.2 | I27: ='ALL 3 2024+'!U279 -> 2.1043149 | J27: ='ALL 3 2024+'!V279 -> 2.0223056 | K27: ='ALL 3 2024+'!W279 -> 4.2555664 | M27: =E27*K27 -> 92.26068 | N27: =J27*F27 -> 92.116021 | O27: =G27 -> 92.2 | Q27: =M27-M26 -> 0.045666675 | R27: =N27-N26 -> -0.021418954 | S27: =O27-O26 -> 0.02 | U27: =IF(M27=MAX($M27:$O27),-1,IF(M27=MIN($M27:$O27),1,0)) -> -1 | V27: =IF(N27=MAX($M27:$O27),-1,IF(N27=MIN($M27:$O27),1,0)) -> 1 | W27: =IF(O27=MAX($M27:$O27),-1,IF(O27=MIN($M27:$O27),1,0)) -> 0 | Y27: =U26*Q27 -> -0.045666675 | Z27: =V26*R27 -> -0.021418954 | AA27: =W26*S27 -> 0 | AC27: =SUM(Y27:AA27) -> -0.067085628
A28: ='ALL 3 2024+'!E280 -> 45699 | B28: ='ALL 3 2024+'!F280 -> 45699 | C28: ='ALL 3 2024+'!G280 -> 45699 | E28: ='ALL 3 2024+'!I280 -> 21.64 | F28: ='ALL 3 2024+'!J280 -> 45.47 | G28: ='ALL 3 2024+'!K280 -> 91.95 | I28: ='ALL 3 2024+'!U280 -> 2.1043721 | J28: ='ALL 3 2024+'!V280 -> 2.0222736 | K28: ='ALL 3 2024+'!W280 -> 4.2556149 | M28: =E28*K28 -> 92.091507 | N28: =J28*F28 -> 91.95278 | O28: =G28 -> 91.95 | Q28: =M28-M27 -> -0.169173 | R28: =N28-N27 -> -0.16324136 | S28: =O28-O27 -> -0.25 | U28: =IF(M28=MAX($M28:$O28),-1,IF(M28=MIN($M28:$O28),1,0)) -> -1 | V28: =IF(N28=MAX($M28:$O28),-1,IF(N28=MIN($M28:$O28),1,0)) -> 0 | W28: =IF(O28=MAX($M28:$O28),-1,IF(O28=MIN($M28:$O28),1,0)) -> 1 | Y28: =U27*Q28 -> 0.169173 | Z28: =V27*R28 -> -0.16324136 | AA28: =W27*S28 -> 0 | AC28: =SUM(Y28:AA28) -> 0.0059316394
A29: ='ALL 3 2024+'!E281 -> 45700 | B29: ='ALL 3 2024+'!F281 -> 45700 | C29: ='ALL 3 2024+'!G281 -> 45700 | E29: ='ALL 3 2024+'!I281 -> 21.51 | F29: ='ALL 3 2024+'!J281 -> 45.25 | G29: ='ALL 3 2024+'!K281 -> 91.44 | I29: ='ALL 3 2024+'!U281 -> 2.1044409 | J29: ='ALL 3 2024+'!V281 -> 2.0222102 | K29: ='ALL 3 2024+'!W281 -> 4.2556209 | M29: =E29*K29 -> 91.538405 | N29: =J29*F29 -> 91.50501 | O29: =G29 -> 91.44 | Q29: =M29-M28 -> -0.55310256 | R29: =N29-N28 -> -0.44777047 | S29: =O29-O28 -> -0.51 | U29: =IF(M29=MAX($M29:$O29),-1,IF(M29=MIN($M29:$O29),1,0)) -> -1 | V29: =IF(N29=MAX($M29:$O29),-1,IF(N29=MIN($M29:$O29),1,0)) -> 0 | W29: =IF(O29=MAX($M29:$O29),-1,IF(O29=MIN($M29:$O29),1,0)) -> 1 | Y29: =U28*Q29 -> 0.55310256 | Z29: =V28*R29 -> 0 | AA29: =W28*S29 -> -0.51 | AC29: =SUM(Y29:AA29) -> 0.043102565
A30: ='ALL 3 2024+'!E282 -> 45701 | B30: ='ALL 3 2024+'!F282 -> 45701 | C30: ='ALL 3 2024+'!G282 -> 45701 | E30: ='ALL 3 2024+'!I282 -> 21.64 | F30: ='ALL 3 2024+'!J282 -> 45.54 | G30: ='ALL 3 2024+'!K282 -> 92.07 | I30: ='ALL 3 2024+'!U282 -> 2.1045137 | J30: ='ALL 3 2024+'!V282 -> 2.0221464 | K30: ='ALL 3 2024+'!W282 -> 4.255634 | M30: =E30*K30 -> 92.091921 | N30: =J30*F30 -> 92.088547 | O30: =G30 -> 92.07 | Q30: =M30-M29 -> 0.55351592 | R30: =N30-N29 -> 0.58353768 | S30: =O30-O29 -> 0.63 | U30: =IF(M30=MAX($M30:$O30),-1,IF(M30=MIN($M30:$O30),1,0)) -> -1 | V30: =IF(N30=MAX($M30:$O30),-1,IF(N30=MIN($M30:$O30),1,0)) -> 0 | W30: =IF(O30=MAX($M30:$O30),-1,IF(O30=MIN($M30:$O30),1,0)) -> 1 | Y30: =U29*Q30 -> -0.55351592 | Z30: =V29*R30 -> 0 | AA30: =W29*S30 -> 0.63 | AC30: =SUM(Y30:AA30) -> 0.076484082
A31: ='ALL 3 2024+'!E283 -> 45702 | B31: ='ALL 3 2024+'!F283 -> 45702 | C31: ='ALL 3 2024+'!G283 -> 45702 | E31: ='ALL 3 2024+'!I283 -> 21.74 | F31: ='ALL 3 2024+'!J283 -> 45.73 | G31: ='ALL 3 2024+'!K283 -> 92.43 | I31: ='ALL 3 2024+'!U283 -> 2.1045297 | J31: ='ALL 3 2024+'!V283 -> 2.0221799 | K31: ='ALL 3 2024+'!W283 -> 4.2557369 | M31: =E31*K31 -> 92.51972 | N31: =J31*F31 -> 92.474287 | O31: =G31 -> 92.43 | Q31: =M31-M30 -> 0.42779897 | R31: =N31-N30 -> 0.38573996 | S31: =O31-O30 -> 0.36 | U31: =IF(M31=MAX($M31:$O31),-1,IF(M31=MIN($M31:$O31),1,0)) -> -1 | V31: =IF(N31=MAX($M31:$O31),-1,IF(N31=MIN($M31:$O31),1,0)) -> 0 | W31: =IF(O31=MAX($M31:$O31),-1,IF(O31=MIN($M31:$O31),1,0)) -> 1 | Y31: =U30*Q31 -> -0.42779897 | Z31: =V30*R31 -> 0 | AA31: =W30*S31 -> 0.36 | AC31: =SUM(Y31:AA31) -> -0.067798973
A32: ='ALL 3 2024+'!E284 -> 45706 | B32: ='ALL 3 2024+'!F284 -> 45706 | C32: ='ALL 3 2024+'!G284 -> 45706 | E32: ='ALL 3 2024+'!I284 -> 21.64 | F32: ='ALL 3 2024+'!J284 -> 45.52 | G32: ='ALL 3 2024+'!K284 -> 91.99 | I32: ='ALL 3 2024+'!U284 -> 2.1046013 | J32: ='ALL 3 2024+'!V284 -> 2.0221505 | K32: ='ALL 3 2024+'!W284 -> 4.2558198 | M32: =E32*K32 -> 92.095941 | N32: =J32*F32 -> 92.04829 | O32: =G32 -> 91.99 | Q32: =M32-M31 -> -0.42377872 | R32: =N32-N31 -> -0.42599719 | S32: =O32-O31 -> -0.44 | U32: =IF(M32=MAX($M32:$O32),-1,IF(M32=MIN($M32:$O32),1,0)) -> -1 | V32: =IF(N32=MAX($M32:$O32),-1,IF(N32=MIN($M32:$O32),1,0)) -> 0 | W32: =IF(O32=MAX($M32:$O32),-1,IF(O32=MIN($M32:$O32),1,0)) -> 1 | Y32: =U31*Q32 -> 0.42377872 | Z32: =V31*R32 -> 0 | AA32: =W31*S32 -> -0.44 | AC32: =SUM(Y32:AA32) -> -0.01622128
A33: ='ALL 3 2024+'!E285 -> 45707 | B33: ='ALL 3 2024+'!F285 -> 45707 | C33: ='ALL 3 2024+'!G285 -> 45707 | E33: ='ALL 3 2024+'!I285 -> 21.69 | F33: ='ALL 3 2024+'!J285 -> 45.6 | G33: ='ALL 3 2024+'!K285 -> 92.13 | I33: ='ALL 3 2024+'!U285 -> 2.1046479 | J33: ='ALL 3 2024+'!V285 -> 2.0221422 | K33: ='ALL 3 2024+'!W285 -> 4.2558965 | M33: =E33*K33 -> 92.310394 | N33: =J33*F33 -> 92.209682 | O33: =G33 -> 92.13 | Q33: =M33-M32 -> 0.21445333 | R33: =N33-N32 -> 0.16139223 | S33: =O33-O32 -> 0.14 | U33: =IF(M33=MAX($M33:$O33),-1,IF(M33=MIN($M33:$O33),1,0)) -> -1 | V33: =IF(N33=MAX($M33:$O33),-1,IF(N33=MIN($M33:$O33),1,0)) -> 0 | W33: =IF(O33=MAX($M33:$O33),-1,IF(O33=MIN($M33:$O33),1,0)) -> 1 | Y33: =U32*Q33 -> -0.21445333 | Z33: =V32*R33 -> 0 | AA33: =W32*S33 -> 0.14 | AC33: =SUM(Y33:AA33) -> -0.074453335
... A39: ='ALL 3 2024+'!E291 -> 45715 | B39: ='ALL 3 2024+'!F291 -> 45715 | C39: ='ALL 3 2024+'!G291 -> 45715 | E39: ='ALL 3 2024+'!I291 -> 22.04 | F39: ='ALL 3 2024+'!J291 -> 46.28 | G39: ='ALL 3 2024+'!K291 -> 93.67 | I39: ='ALL 3 2024+'!U291 -> 2.104395 | J39: ='ALL 3 2024+'!V291 -> 2.0221224 | K39: ='ALL 3 2024+'!W291 -> 4.2553436 | M39: =E39*K39 -> 93.787773 | N39: =J39*F39 -> 93.583823 | O39: =G39 -> 93.67 | Q39: =M39-M38 -> -0.043058087 | R39: =N39-N38 -> -0.11893521 | S39: =O39-O38 -> -0.13 | U39: =IF(M39=MAX($M39:$O39),-1,IF(M39=MIN($M39:$O39),1,0)) -> -1 | V39: =IF(N39=MAX($M39:$O39),-1,IF(N39=MIN($M39:$O39),1,0)) -> 1 | W39: =IF(O39=MAX($M39:$O39),-1,IF(O39=MIN($M39:$O39),1,0)) -> 0 | Y39: =U38*Q39 -> 0.043058087 | Z39: =V38*R39 -> -0.11893521 | AA39: =W38*S39 -> 0 | AC39: =SUM(Y39:AA39) -> -0.075877124
A40: ='ALL 3 2024+'!E292 -> 45716 | B40: ='ALL 3 2024+'!F292 -> 45716 | C40: ='ALL 3 2024+'!G292 -> 45716 | E40: ='ALL 3 2024+'!I292 -> 22.14 | F40: ='ALL 3 2024+'!J292 -> 46.49 | G40: ='ALL 3 2024+'!K292 -> 94.08 | I40: ='ALL 3 2024+'!U292 -> 2.1041878 | J40: ='ALL 3 2024+'!V292 -> 2.0221915 | K40: ='ALL 3 2024+'!W292 -> 4.2550698 | M40: =E40*K40 -> 94.207246 | N40: =J40*F40 -> 94.011682 | O40: =G40 -> 94.08 | Q40: =M40-M39 -> 0.4194732 | R40: =N40-N39 -> 0.42785849 | S40: =O40-O39 -> 0.41 | U40: 0 | V40: 0 | W40: 0 | Y40: =U39*Q40 -> -0.4194732 | Z40: =V39*R40 -> 0.42785849 | AA40: =W39*S40 -> 0 | AC40: =SUM(Y40:AA40) -> 0.0083852858
A41: ='ALL 3 2024+'!E293 -> 45719 | B41: ='ALL 3 2024+'!F293 -> 45719 | C41: ='ALL 3 2024+'!G293 -> 45719 | E41: ='ALL 3 2024+'!I293 -> 22.1 | F41: ='ALL 3 2024+'!J293 -> 46.41 | G41: ='ALL 3 2024+'!K293 -> 93.89 | I41: ='ALL 3 2024+'!U293 -> 2.1040987 | J41: ='ALL 3 2024+'!V293 -> 2.022221 | K41: ='ALL 3 2024+'!W293 -> 4.2549515 | M41: =E41*K41 -> 94.034428 | N41: =J41*F41 -> 93.851274 | O41: =G41 -> 93.89 | Q41: =M41-M40 -> -0.17281837 | R41: =N41-N40 -> -0.16040717 | S41: =O41-O40 -> -0.19 | U41: =IF(M41=MAX($M41:$O41),-1,IF(M41=MIN($M41:$O41),1,0)) -> -1 | V41: =IF(N41=MAX($M41:$O41),-1,IF(N41=MIN($M41:$O41),1,0)) -> 1 | W41: =IF(O41=MAX($M41:$O41),-1,IF(O41=MIN($M41:$O41),1,0)) -> 0 | Y41: =U40*Q41 -> 0 | Z41: =V40*R41 -> 0 | AA41: =W40*S41 -> 0 | AC41: =SUM(Y41:AA41) -> 0
A42: ='ALL 3 2024+'!E294 -> 45720 | B42: ='ALL 3 2024+'!F294 -> 45720 | C42: ='ALL 3 2024+'!G294 -> 45720 | E42: ='ALL 3 2024+'!I294 -> 22 | F42: ='ALL 3 2024+'!J294 -> 46.24 | G42: ='ALL 3 2024+'!K294 -> 93.61 | I42: ='ALL 3 2024+'!U294 -> 2.1040001 | J42: ='ALL 3 2024+'!V294 -> 2.0222459 | K42: ='ALL 3 2024+'!W294 -> 4.2548046 | M42: =E42*K42 -> 93.605701 | N42: =J42*F42 -> 93.508653 | O42: =G42 -> 93.61 | Q42: =M42-M41 -> -0.42872698 | R42: =N42-N41 -> -0.3426218 | S42: =O42-O41 -> -0.28 | U42: =IF(M42=MAX($M42:$O42),-1,IF(M42=MIN($M42:$O42),1,0)) -> 0 | V42: =IF(N42=MAX($M42:$O42),-1,IF(N42=MIN($M42:$O42),1,0)) -> 1 | W42: =IF(O42=MAX($M42:$O42),-1,IF(O42=MIN($M42:$O42),1,0)) -> -1 | Y42: =U41*Q42 -> 0.42872698 | Z42: =V41*R42 -> -0.3426218 | AA42: =W41*S42 -> 0 | AC42: =SUM(Y42:AA42) -> 0.08610518
A43: ='ALL 3 2024+'!E295 -> 45721 | B43: ='ALL 3 2024+'!F295 -> 45721 | C43: ='ALL 3 2024+'!G295 -> 45721 | E43: ='ALL 3 2024+'!I295 -> 21.93 | F43: ='ALL 3 2024+'!J295 -> 46.09 | G43: ='ALL 3 2024+'!K295 -> 93.22 | I43: ='ALL 3 2024+'!U295 -> 2.1039921 | J43: ='ALL 3 2024+'!V295 -> 2.0222827 | K43: ='ALL 3 2024+'!W295 -> 4.2548657 | M43: =E43*K43 -> 93.309206 | N43: =J43*F43 -> 93.207009 | O43: =G43 -> 93.22 | Q43: =M43-M42 -> -0.29649497 | R43: =N43-N42 -> -0.30164364 | S43: =O43-O42 -> -0.39 | U43: =IF(M43=MAX($M43:$O43),-1,IF(M43=MIN($M43:$O43),1,0)) -> -1 | V43: =IF(N43=MAX($M43:$O43),-1,IF(N43=MIN($M43:$O43),1,0)) -> 1 | W43: =IF(O43=MAX($M43:$O43),-1,IF(O43=MIN($M43:$O43),1,0)) -> 0 | Y43: =U42*Q43 -> 0 | Z43: =V42*R43 -> -0.30164364 | AA43: =W42*S43 -> 0.39 | AC43: =SUM(Y43:AA43) -> 0.08835636
A44: ='ALL 3 2024+'!E296 -> 45722 | B44: ='ALL 3 2024+'!F296 -> 45722 | C44: ='ALL 3 2024+'!G296 -> 45722 | E44: ='ALL 3 2024+'!I296 -> 21.94 | F44: ='ALL 3 2024+'!J296 -> 46.08 | G44: ='ALL 3 2024+'!K296 -> 93.2 | I44: ='ALL 3 2024+'!U296 -> 2.1038807 | J44: ='ALL 3 2024+'!V296 -> 2.0222942 | K44: ='ALL 3 2024+'!W296 -> 4.2546646 | M44: =E44*K44 -> 93.34734 | N44: =J44*F44 -> 93.187316 | O44: =G44 -> 93.2 | Q44: =M44-M43 -> 0.038134634 | R44: =N44-N43 -> -0.019692659 | S44: =O44-O43 -> -0.02 | U44: =IF(M44=MAX($M44:$O44),-1,IF(M44=MIN($M44:$O44),1,0)) -> -1 | V44: =IF(N44=MAX($M44:$O44),-1,IF(N44=MIN($M44:$O44),1,0)) -> 1 | W44: =IF(O44=MAX($M44:$O44),-1,IF(O44=MIN($M44:$O44),1,0)) -> 0 | Y44: =U43*Q44 -> -0.038134634 | Z44: =V43*R44 -> -0.019692659 | AA44: =W43*S44 -> 0 | AC44: =SUM(Y44:AA44) -> -0.057827293
A45: ='ALL 3 2024+'!E297 -> 45723 | B45: ='ALL 3 2024+'!F297 -> 45723 | C45: ='ALL 3 2024+'!G297 -> 45723 | E45: ='ALL 3 2024+'!I297 -> 21.9 | F45: ='ALL 3 2024+'!J297 -> 46.02 | G45: ='ALL 3 2024+'!K297 -> 93.13 | I45: ='ALL 3 2024+'!U297 -> 2.1037676 | J45: ='ALL 3 2024+'!V297 -> 2.0223052 | K45: ='ALL 3 2024+'!W297 -> 4.254459 | M45: =E45*K45 -> 93.172652 | N45: =J45*F45 -> 93.066486 | O45: =G45 -> 93.13 | Q45: =M45-M44 -> -0.17468837 | R45: =N45-N44 -> -0.12083068 | S45: =O45-O44 -> -0.07 | U45: =IF(M45=MAX($M45:$O45),-1,IF(M45=MIN($M45:$O45),1,0)) -> -1 | V45: =IF(N45=MAX($M45:$O45),-1,IF(N45=MIN($M45:$O45),1,0)) -> 1 | W45: =IF(O45=MAX($M45:$O45),-1,IF(O45=MIN($M45:$O45),1,0)) -> 0 | Y45: =U44*Q45 -> 0.17468837 | Z45: =V44*R45 -> -0.12083068 | AA45: =W44*S45 -> 0 | AC45: =SUM(Y45:AA45) -> 0.053857696
A46: ='ALL 3 2024+'!E298 -> 45726 | B46: ='ALL 3 2024+'!F298 -> 45726 | C46: ='ALL 3 2024+'!G298 -> 45726 | E46: ='ALL 3 2024+'!I298 -> 22.02 | F46: ='ALL 3 2024+'!J298 -> 46.27 | G46: ='ALL 3 2024+'!K298 -> 93.63 | I46: ='ALL 3 2024+'!U298 -> 2.1036124 | J46: ='ALL 3 2024+'!V298 -> 2.0223425 | K46: ='ALL 3 2024+'!W298 -> 4.2542236 | M46: =E46*K46 -> 93.678004 | N46: =J46*F46 -> 93.573789 | O46: =G46 -> 93.63 | Q46: =M46-M45 -> 0.50535178 | R46: =N46-N45 -> 0.50730301 | S46: =O46-O45 -> 0.5 | U46: =IF(M46=MAX($M46:$O46),-1,IF(M46=MIN($M46:$O46),1,0)) -> -1 | V46: =IF(N46=MAX($M46:$O46),-1,IF(N46=MIN($M46:$O46),1,0)) -> 1 | W46: =IF(O46=MAX($M46:$O46),-1,IF(O46=MIN($M46:$O46),1,0)) -> 0 | Y46: =U45*Q46 -> -0.50535178 | Z46: =V45*R46 -> 0.50730301 | AA46: =W45*S46 -> 0 | AC46: =SUM(Y46:AA46) -> 0.0019512269
A47: ='ALL 3 2024+'!E299 -> 45727 | B47: ='ALL 3 2024+'!F299 -> 45727 | C47: ='ALL 3 2024+'!G299 -> 45727 | E47: ='ALL 3 2024+'!I299 -> 21.96 | F47: ='ALL 3 2024+'!J299 -> 46.09 | G47: ='ALL 3 2024+'!K299 -> 93.27 | I47: ='ALL 3 2024+'!U299 -> 2.1034806 | J47: ='ALL 3 2024+'!V299 -> 2.0223713 | K47: ='ALL 3 2024+'!W299 -> 4.2540177 | M47: =E47*K47 -> 93.418228 | N47: =J47*F47 -> 93.211095 | O47: =G47 -> 93.27 | Q47: =M47-M46 -> -0.25977541 | R47: =N47-N46 -> -0.36269338 | S47: =O47-O46 -> -0.36 | U47: =IF(M47=MAX($M47:$O47),-1,IF(M47=MIN($M47:$O47),1,0)) -> -1 | V47: =IF(N47=MAX($M47:$O47),-1,IF(N47=MIN($M47:$O47),1,0)) -> 1 | W47: =IF(O47=MAX($M47:$O47),-1,IF(O47=MIN($M47:$O47),1,0)) -> 0 | Y47: =U46*Q47 -> 0.25977541 | Z47: =V46*R47 -> -0.36269338 | AA47: =W46*S47 -> 0 | AC47: =SUM(Y47:AA47) -> -0.10291797
A48: ='ALL 3 2024+'!E300 -> 45728 | B48: ='ALL 3 2024+'!F300 -> 45728 | C48: ='ALL 3 2024+'!G300 -> 45728 | E48: ='ALL 3 2024+'!I300 -> 21.88 | F48: ='ALL 3 2024+'!J300 -> 46 | G48: ='ALL 3 2024+'!K300 -> 93.09 | I48: ='ALL 3 2024+'!U300 -> 2.1033547 | J48: ='ALL 3 2024+'!V300 -> 2.0224153 | K48: ='ALL 3 2024+'!W300 -> 4.2538554 | M48: =E48*K48 -> 93.074356 | N48: =J48*F48 -> 93.031106 | O48: =G48 -> 93.09 | Q48: =M48-M47 -> -0.34387234 | R48: =N48-N47 -> -0.17998974 | S48: =O48-O47 -> -0.18 | U48: =IF(M48=MAX($M48:$O48),-1,IF(M48=MIN($M48:$O48),1,0)) -> 0 | V48: =IF(N48=MAX($M48:$O48),-1,IF(N48=MIN($M48:$O48),1,0)) -> 1 | W48: =IF(O48=MAX($M48:$O48),-1,IF(O48=MIN($M48:$O48),1,0)) -> -1 | Y48: =U47*Q48 -> 0.34387234 | Z48: =V47*R48 -> -0.17998974 | AA48: =W47*S48 -> 0 | AC48: =SUM(Y48:AA48) -> 0.1638826
A49: ='ALL 3 2024+'!E301 -> 45729 | B49: ='ALL 3 2024+'!F301 -> 45729 | C49: ='ALL 3 2024+'!G301 -> 45729 | E49: ='ALL 3 2024+'!I301 -> 21.92 | F49: ='ALL 3 2024+'!J301 -> 46.14 | G49: ='ALL 3 2024+'!K301 -> 93.28 | I49: ='ALL 3 2024+'!U301 -> 2.1032999 | J49: ='ALL 3 2024+'!V301 -> 2.0224426 | K49: ='ALL 3 2024+'!W301 -> 4.2538018 | M49: =E49*K49 -> 93.243337 | N49: =J49*F49 -> 93.315502 | O49: =G49 -> 93.28 | Q49: =M49-M48 -> 0.1689805 | R49: =N49-N48 -> 0.28439599 | S49: =O49-O48 -> 0.19 | U49: =IF(M49=MAX($M49:$O49),-1,IF(M49=MIN($M49:$O49),1,0)) -> 1 | V49: =IF(N49=MAX($M49:$O49),-1,IF(N49=MIN($M49:$O49),1,0)) -> -1 | W49: =IF(O49=MAX($M49:$O49),-1,IF(O49=MIN($M49:$O49),1,0)) -> 0 | Y49: =U48*Q49 -> 0 | Z49: =V48*R49 -> 0.28439599 | AA49: =W48*S49 -> -0.19 | AC49: =SUM(Y49:AA49) -> 0.094395992
A50: ='ALL 3 2024+'!E302 -> 45730 | B50: ='ALL 3 2024+'!F302 -> 45730 | C50: ='ALL 3 2024+'!G302 -> 45730 | E50: ='ALL 3 2024+'!I302 -> 21.89 | F50: ='ALL 3 2024+'!J302 -> 45.98 | G50: ='ALL 3 2024+'!K302 -> 93 | I50: ='ALL 3 2024+'!U302 -> 2.1032525 | J50: ='ALL 3 2024+'!V302 -> 2.0224707 | K50: ='ALL 3 2024+'!W302 -> 4.2537652 | M50: =E50*K50 -> 93.11492 | N50: =J50*F50 -> 92.993202 | O50: =G50 -> 93 | Q50: =M50-M49 -> -0.12841672 | R50: =N50-N49 -> -0.32229913 | S50: =O50-O49 -> -0.28 | U50: =IF(M50=MAX($M50:$O50),-1,IF(M50=MIN($M50:$O50),1,0)) -> -1 | V50: =IF(N50=MAX($M50:$O50),-1,IF(N50=MIN($M50:$O50),1,0)) -> 1 | W50: =IF(O50=MAX($M50:$O50),-1,IF(O50=MIN($M50:$O50),1,0)) -> 0 | Y50: =U49*Q50 -> -0.12841672 | Z50: =V49*R50 -> 0.32229913 | AA50: =W49*S50 -> 0 | AC50: =SUM(Y50:AA50) -> 0.19388241
A51: ='ALL 3 2024+'!E303 -> 45733 | B51: ='ALL 3 2024+'!F303 -> 45733 | C51: ='ALL 3 2024+'!G303 -> 45733 | E51: ='ALL 3 2024+'!I303 -> 21.93 | F51: ='ALL 3 2024+'!J303 -> 46.07 | G51: ='ALL 3 2024+'!K303 -> 93.2 | I51: ='ALL 3 2024+'!U303 -> 2.103158 | J51: ='ALL 3 2024+'!V303 -> 2.0224775 | K51: ='ALL 3 2024+'!W303 -> 4.2535884 | M51: =E51*K51 -> 93.281194 | N51: =J51*F51 -> 93.17554 | O51: =G51 -> 93.2 | Q51: =M51-M50 -> 0.16627377 | R51: =N51-N50 -> 0.18233725 | S51: =O51-O50 -> 0.2 | U51: =IF(M51=MAX($M51:$O51),-1,IF(M51=MIN($M51:$O51),1,0)) -> -1 | V51: =IF(N51=MAX($M51:$O51),-1,IF(N51=MIN($M51:$O51),1,0)) -> 1 | W51: =IF(O51=MAX($M51:$O51),-1,IF(O51=MIN($M51:$O51),1,0)) -> 0 | Y51: =U50*Q51 -> -0.16627377 | Z51: =V50*R51 -> 0.18233725 | AA51: =W50*S51 -> 0 | AC51: =SUM(Y51:AA51) -> 0.016063474
A52: ='ALL 3 2024+'!E304 -> 45734 | B52: ='ALL 3 2024+'!F304 -> 45734 | C52: ='ALL 3 2024+'!G304 -> 45734 | E52: ='ALL 3 2024+'!I304 -> 21.99 | F52: ='ALL 3 2024+'!J304 -> 46.11 | G52: ='ALL 3 2024+'!K304 -> 93.29 | I52: ='ALL 3 2024+'!U304 -> 2.1030158 | J52: ='ALL 3 2024+'!V304 -> 2.0224789 | K52: ='ALL 3 2024+'!W304 -> 4.2533037 | M52: =E52*K52 -> 93.530148 | N52: =J52*F52 -> 93.256503 | O52: =G52 -> 93.29 | Q52: =M52-M51 -> 0.24895485 | R52: =N52-N51 -> 0.08096305 | S52: =O52-O51 -> 0.09 | U52: =IF(M52=MAX($M52:$O52),-1,IF(M52=MIN($M52:$O52),1,0)) -> -1 | V52: =IF(N52=MAX($M52:$O52),-1,IF(N52=MIN($M52:$O52),1,0)) -> 1 | W52: =IF(O52=MAX($M52:$O52),-1,IF(O52=MIN($M52:$O52),1,0)) -> 0 | Y52: =U51*Q52 -> -0.24895485 | Z52: =V51*R52 -> 0.08096305 | AA52: =W51*S52 -> 0 | AC52: =SUM(Y52:AA52) -> -0.1679918
... A60: ='ALL 3 2024+'!E312 -> 45744 | B60: ='ALL 3 2024+'!F312 -> 45744 | C60: ='ALL 3 2024+'!G312 -> 45744 | E60: ='ALL 3 2024+'!I312 -> 22.02 | F60: ='ALL 3 2024+'!J312 -> 46.28 | G60: ='ALL 3 2024+'!K312 -> 93.66 | I60: ='ALL 3 2024+'!U312 -> 2.1020254 | J60: ='ALL 3 2024+'!V312 -> 2.0228376 | K60: ='ALL 3 2024+'!W312 -> 4.2520541 | M60: =E60*K60 -> 93.630232 | N60: =J60*F60 -> 93.616922 | O60: =G60 -> 93.66 | Q60: =M60-M59 -> 0.68061869 | R60: =N60-N59 -> 0.67034451 | S60: =O60-O59 -> 0.64 | U60: =IF(M60=MAX($M60:$O60),-1,IF(M60=MIN($M60:$O60),1,0)) -> 0 | V60: =IF(N60=MAX($M60:$O60),-1,IF(N60=MIN($M60:$O60),1,0)) -> 1 | W60: =IF(O60=MAX($M60:$O60),-1,IF(O60=MIN($M60:$O60),1,0)) -> -1 | Y60: =U59*Q60 -> 0 | Z60: =V59*R60 -> 0.67034451 | AA60: =W59*S60 -> -0.64 | AC60: =SUM(Y60:AA60) -> 0.03034451
A61: ='ALL 3 2024+'!E313 -> 45747 | B61: ='ALL 3 2024+'!F313 -> 45747 | C61: ='ALL 3 2024+'!G313 -> 45747 | E61: ='ALL 3 2024+'!I313 -> 22.05 | F61: ='ALL 3 2024+'!J313 -> 46.31 | G61: ='ALL 3 2024+'!K313 -> 93.78 | I61: ='ALL 3 2024+'!U313 -> 2.1019636 | J61: ='ALL 3 2024+'!V313 -> 2.0228566 | K61: ='ALL 3 2024+'!W313 -> 4.2519693 | M61: =E61*K61 -> 93.755922 | N61: =J61*F61 -> 93.67849 | O61: =G61 -> 93.78 | Q61: =M61-M60 -> 0.12569047 | R61: =N61-N60 -> 0.0615676 | S61: =O61-O60 -> 0.12 | U61: 0 | V61: 0 | W61: 0 | Y61: =U60*Q61 -> 0 | Z61: =V60*R61 -> 0.0615676 | AA61: =W60*S61 -> -0.12 | AC61: =SUM(Y61:AA61) -> -0.0584324
A62: ='ALL 3 2024+'!E314 -> 45748 | B62: ='ALL 3 2024+'!F314 -> 45748 | C62: ='ALL 3 2024+'!G314 -> 45748 | E62: ='ALL 3 2024+'!I314 -> 22.09 | F62: ='ALL 3 2024+'!J314 -> 46.34 | G62: ='ALL 3 2024+'!K314 -> 93.79 | I62: ='ALL 3 2024+'!U314 -> 2.1017647 | J62: ='ALL 3 2024+'!V314 -> 2.0229401 | K62: ='ALL 3 2024+'!W314 -> 4.2517424 | M62: =E62*K62 -> 93.92099 | N62: =J62*F62 -> 93.743043 | O62: =G62 -> 93.79 | Q62: =M62-M61 -> 0.16506727 | R62: =N62-N61 -> 0.06455284 | S62: =O62-O61 -> 0.01 | U62: =IF(M62=MAX($M62:$O62),-1,IF(M62=MIN($M62:$O62),1,0)) -> -1 | V62: =IF(N62=MAX($M62:$O62),-1,IF(N62=MIN($M62:$O62),1,0)) -> 1 | W62: =IF(O62=MAX($M62:$O62),-1,IF(O62=MIN($M62:$O62),1,0)) -> 0 | Y62: =U61*Q62 -> 0 | Z62: =V61*R62 -> 0 | AA62: =W61*S62 -> 0 | AC62: =SUM(Y62:AA62) -> 0
A63: ='ALL 3 2024+'!E315 -> 45749 | B63: ='ALL 3 2024+'!F315 -> 45749 | C63: ='ALL 3 2024+'!G315 -> 45749 | E63: ='ALL 3 2024+'!I315 -> 22.02 | F63: ='ALL 3 2024+'!J315 -> 46.2 | G63: ='ALL 3 2024+'!K315 -> 93.59 | I63: ='ALL 3 2024+'!U315 -> 2.1015563 | J63: ='ALL 3 2024+'!V315 -> 2.0230439 | K63: ='ALL 3 2024+'!W315 -> 4.2515392 | M63: =E63*K63 -> 93.618894 | N63: =J63*F63 -> 93.464626 | O63: =G63 -> 93.59 | Q63: =M63-M62 -> -0.30209547 | R63: =N63-N62 -> -0.27841673 | S63: =O63-O62 -> -0.2 | U63: =IF(M63=MAX($M63:$O63),-1,IF(M63=MIN($M63:$O63),1,0)) -> -1 | V63: =IF(N63=MAX($M63:$O63),-1,IF(N63=MIN($M63:$O63),1,0)) -> 1 | W63: =IF(O63=MAX($M63:$O63),-1,IF(O63=MIN($M63:$O63),1,0)) -> 0 | Y63: =U62*Q63 -> 0.30209547 | Z63: =V62*R63 -> -0.27841673 | AA63: =W62*S63 -> 0 | AC63: =SUM(Y63:AA63) -> 0.023678733
A64: ='ALL 3 2024+'!E316 -> 45750 | B64: ='ALL 3 2024+'!F316 -> 45750 | C64: ='ALL 3 2024+'!G316 -> 45750 | E64: ='ALL 3 2024+'!I316 -> 22.17 | F64: ='ALL 3 2024+'!J316 -> 46.52 | G64: ='ALL 3 2024+'!K316 -> 94.22 | I64: ='ALL 3 2024+'!U316 -> 2.1013825 | J64: ='ALL 3 2024+'!V316 -> 2.0231437 | K64: ='ALL 3 2024+'!W316 -> 4.2513974 | M64: =E64*K64 -> 94.253481 | N64: =J64*F64 -> 94.116646 | O64: =G64 -> 94.22 | Q64: =M64-M63 -> 0.63458664 | R64: =N64-N63 -> 0.6520197 | S64: =O64-O63 -> 0.63 | U64: =IF(M64=MAX($M64:$O64),-1,IF(M64=MIN($M64:$O64),1,0)) -> -1 | V64: =IF(N64=MAX($M64:$O64),-1,IF(N64=MIN($M64:$O64),1,0)) -> 1 | W64: =IF(O64=MAX($M64:$O64),-1,IF(O64=MIN($M64:$O64),1,0)) -> 0 | Y64: =U63*Q64 -> -0.63458664 | Z64: =V63*R64 -> 0.6520197 | AA64: =W63*S64 -> 0 | AC64: =SUM(Y64:AA64) -> 0.017433059
A65: ='ALL 3 2024+'!E317 -> 45751 | B65: ='ALL 3 2024+'!F317 -> 45751 | C65: ='ALL 3 2024+'!G317 -> 45751 | E65: ='ALL 3 2024+'!I317 -> 22.2 | F65: ='ALL 3 2024+'!J317 -> 46.6 | G65: ='ALL 3 2024+'!K317 -> 94.18 | I65: ='ALL 3 2024+'!U317 -> 2.1012764 | J65: ='ALL 3 2024+'!V317 -> 2.0231981 | K65: ='ALL 3 2024+'!W317 -> 4.2512969 | M65: =E65*K65 -> 94.37879 | N65: =J65*F65 -> 94.281032 | O65: =G65 -> 94.18 | Q65: =M65-M64 -> 0.12530937 | R65: =N65-N64 -> 0.16438626 | S65: =O65-O64 -> -0.04 | U65: =IF(M65=MAX($M65:$O65),-1,IF(M65=MIN($M65:$O65),1,0)) -> -1 | V65: =IF(N65=MAX($M65:$O65),-1,IF(N65=MIN($M65:$O65),1,0)) -> 0 | W65: =IF(O65=MAX($M65:$O65),-1,IF(O65=MIN($M65:$O65),1,0)) -> 1 | Y65: =U64*Q65 -> -0.12530937 | Z65: =V64*R65 -> 0.16438626 | AA65: =W64*S65 -> 0 | AC65: =SUM(Y65:AA65) -> 0.039076883
A66: ='ALL 3 2024+'!E318 -> 45754 | B66: ='ALL 3 2024+'!F318 -> 45754 | C66: ='ALL 3 2024+'!G318 -> 45754 | E66: ='ALL 3 2024+'!I318 -> 21.89 | F66: ='ALL 3 2024+'!J318 -> 45.97 | G66: ='ALL 3 2024+'!K318 -> 93.17 | I66: ='ALL 3 2024+'!U318 -> 2.1012228 | J66: ='ALL 3 2024+'!V318 -> 2.023138 | K66: ='ALL 3 2024+'!W318 -> 4.2510623 | M66: =E66*K66 -> 93.055753 | N66: =J66*F66 -> 93.003654 | O66: =G66 -> 93.17 | Q66: =M66-M65 -> -1.3230371 | R66: =N66-N65 -> -1.2773776 | S66: =O66-O65 -> -1.01 | U66: =IF(M66=MAX($M66:$O66),-1,IF(M66=MIN($M66:$O66),1,0)) -> 0 | V66: =IF(N66=MAX($M66:$O66),-1,IF(N66=MIN($M66:$O66),1,0)) -> 1 | W66: =IF(O66=MAX($M66:$O66),-1,IF(O66=MIN($M66:$O66),1,0)) -> -1 | Y66: =U65*Q66 -> 1.3230371 | Z66: =V65*R66 -> 0 | AA66: =W65*S66 -> -1.01 | AC66: =SUM(Y66:AA66) -> 0.31303708
A67: ='ALL 3 2024+'!E319 -> 45755 | B67: ='ALL 3 2024+'!F319 -> 45755 | C67: ='ALL 3 2024+'!G319 -> 45755 | E67: ='ALL 3 2024+'!I319 -> 21.78 | F67: ='ALL 3 2024+'!J319 -> 45.71 | G67: ='ALL 3 2024+'!K319 -> 92.58 | I67: ='ALL 3 2024+'!U319 -> 2.1011628 | J67: ='ALL 3 2024+'!V319 -> 2.0232253 | K67: ='ALL 3 2024+'!W319 -> 4.2511241 | M67: =E67*K67 -> 92.589483 | N67: =J67*F67 -> 92.481627 | O67: =G67 -> 92.58 | Q67: =M67-M66 -> -0.46626959 | R67: =N67-N66 -> -0.52202705 | S67: =O67-O66 -> -0.59 | U67: =IF(M67=MAX($M67:$O67),-1,IF(M67=MIN($M67:$O67),1,0)) -> -1 | V67: =IF(N67=MAX($M67:$O67),-1,IF(N67=MIN($M67:$O67),1,0)) -> 1 | W67: =IF(O67=MAX($M67:$O67),-1,IF(O67=MIN($M67:$O67),1,0)) -> 0 | Y67: =U66*Q67 -> 0 | Z67: =V66*R67 -> -0.52202705 | AA67: =W66*S67 -> 0.59 | AC67: =SUM(Y67:AA67) -> 0.067972951
A68: ='ALL 3 2024+'!E320 -> 45756 | B68: ='ALL 3 2024+'!F320 -> 45756 | C68: ='ALL 3 2024+'!G320 -> 45756 | E68: ='ALL 3 2024+'!I320 -> 21.8 | F68: ='ALL 3 2024+'!J320 -> 45.77 | G68: ='ALL 3 2024+'!K320 -> 92.62 | I68: ='ALL 3 2024+'!U320 -> 2.1011053 | J68: ='ALL 3 2024+'!V320 -> 2.023256 | K68: ='ALL 3 2024+'!W320 -> 4.2510722 | M68: =E68*K68 -> 92.673373 | N68: =J68*F68 -> 92.604426 | O68: =G68 -> 92.62 | Q68: =M68-M67 -> 0.083889524 | R68: =N68-N67 -> 0.12279876 | S68: =O68-O67 -> 0.04 | U68: =IF(M68=MAX($M68:$O68),-1,IF(M68=MIN($M68:$O68),1,0)) -> -1 | V68: =IF(N68=MAX($M68:$O68),-1,IF(N68=MIN($M68:$O68),1,0)) -> 1 | W68: =IF(O68=MAX($M68:$O68),-1,IF(O68=MIN($M68:$O68),1,0)) -> 0 | Y68: =U67*Q68 -> -0.083889524 | Z68: =V67*R68 -> 0.12279876 | AA68: =W67*S68 -> 0 | AC68: =SUM(Y68:AA68) -> 0.038909237
A69: ='ALL 3 2024+'!E321 -> 45757 | B69: ='ALL 3 2024+'!F321 -> 45757 | C69: ='ALL 3 2024+'!G321 -> 45757 | E69: ='ALL 3 2024+'!I321 -> 21.64 | F69: ='ALL 3 2024+'!J321 -> 45.37 | G69: ='ALL 3 2024+'!K321 -> 91.95 | I69: ='ALL 3 2024+'!U321 -> 2.1010638 | J69: ='ALL 3 2024+'!V321 -> 2.0232906 | K69: ='ALL 3 2024+'!W321 -> 4.2510609 | M69: =E69*K69 -> 91.992957 | N69: =J69*F69 -> 91.796693 | O69: =G69 -> 91.95 | Q69: =M69-M68 -> -0.68041604 | R69: =N69-N68 -> -0.80773282 | S69: =O69-O68 -> -0.67 | U69: =IF(M69=MAX($M69:$O69),-1,IF(M69=MIN($M69:$O69),1,0)) -> -1 | V69: =IF(N69=MAX($M69:$O69),-1,IF(N69=MIN($M69:$O69),1,0)) -> 1 | W69: =IF(O69=MAX($M69:$O69),-1,IF(O69=MIN($M69:$O69),1,0)) -> 0 | Y69: =U68*Q69 -> 0.68041604 | Z69: =V68*R69 -> -0.80773282 | AA69: =W68*S69 -> 0 | AC69: =SUM(Y69:AA69) -> -0.12731678
A70: ='ALL 3 2024+'!E322 -> 45758 | B70: ='ALL 3 2024+'!F322 -> 45758 | C70: ='ALL 3 2024+'!G322 -> 45758 | E70: ='ALL 3 2024+'!I322 -> 21.55 | F70: ='ALL 3 2024+'!J322 -> 45.2 | G70: ='ALL 3 2024+'!K322 -> 91.91 | I70: ='ALL 3 2024+'!U322 -> 2.1008865 | J70: ='ALL 3 2024+'!V322 -> 2.023438 | K70: ='ALL 3 2024+'!W322 -> 4.2510116 | M70: =E70*K70 -> 91.6093 | N70: =J70*F70 -> 91.459397 | O70: =G70 -> 91.91 | Q70: =M70-M69 -> -0.38365694 | R70: =N70-N69 -> -0.33729678 | S70: =O70-O69 -> -0.04 | U70: =IF(M70=MAX($M70:$O70),-1,IF(M70=MIN($M70:$O70),1,0)) -> 0 | V70: =IF(N70=MAX($M70:$O70),-1,IF(N70=MIN($M70:$O70),1,0)) -> 1 | W70: =IF(O70=MAX($M70:$O70),-1,IF(O70=MIN($M70:$O70),1,0)) -> -1 | Y70: =U69*Q70 -> 0.38365694 | Z70: =V69*R70 -> -0.33729678 | AA70: =W69*S70 -> 0 | AC70: =SUM(Y70:AA70) -> 0.046360167
A71: ='ALL 3 2024+'!E323 -> 45761 | B71: ='ALL 3 2024+'!F323 -> 45761 | C71: ='ALL 3 2024+'!G323 -> 45761 | E71: ='ALL 3 2024+'!I323 -> 21.76 | F71: ='ALL 3 2024+'!J323 -> 45.73 | G71: ='ALL 3 2024+'!K323 -> 92.57 | I71: ='ALL 3 2024+'!U323 -> 2.1007118 | J71: ='ALL 3 2024+'!V323 -> 2.0237297 | K71: ='ALL 3 2024+'!W323 -> 4.2512702 | M71: =E71*K71 -> 92.50764 | N71: =J71*F71 -> 92.545158 | O71: =G71 -> 92.57 | Q71: =M71-M70 -> 0.89833964 | R71: =N71-N70 -> 1.0857615 | S71: =O71-O70 -> 0.66 | U71: =IF(M71=MAX($M71:$O71),-1,IF(M71=MIN($M71:$O71),1,0)) -> 1 | V71: =IF(N71=MAX($M71:$O71),-1,IF(N71=MIN($M71:$O71),1,0)) -> 0 | W71: =IF(O71=MAX($M71:$O71),-1,IF(O71=MIN($M71:$O71),1,0)) -> -1 | Y71: =U70*Q71 -> 0 | Z71: =V70*R71 -> 1.0857615 | AA71: =W70*S71 -> -0.66 | AC71: =SUM(Y71:AA71) -> 0.42576151
A72: ='ALL 3 2024+'!E324 -> 45762 | B72: ='ALL 3 2024+'!F324 -> 45762 | C72: ='ALL 3 2024+'!G324 -> 45762 | E72: ='ALL 3 2024+'!I324 -> 21.8 | F72: ='ALL 3 2024+'!J324 -> 45.8 | G72: ='ALL 3 2024+'!K324 -> 92.61 | I72: ='ALL 3 2024+'!U324 -> 2.1006635 | J72: ='ALL 3 2024+'!V324 -> 2.0238062 | K72: ='ALL 3 2024+'!W324 -> 4.2513334 | M72: =E72*K72 -> 92.679067 | N72: =J72*F72 -> 92.690324 | O72: =G72 -> 92.61 | Q72: =M72-M71 -> 0.17142753 | R72: =N72-N71 -> 0.14516643 | S72: =O72-O71 -> 0.04 | U72: =IF(M72=MAX($M72:$O72),-1,IF(M72=MIN($M72:$O72),1,0)) -> 0 | V72: =IF(N72=MAX($M72:$O72),-1,IF(N72=MIN($M72:$O72),1,0)) -> -1 | W72: =IF(O72=MAX($M72:$O72),-1,IF(O72=MIN($M72:$O72),1,0)) -> 1 | Y72: =U71*Q72 -> 0.17142753 | Z72: =V71*R72 -> 0 | AA72: =W71*S72 -> -0.04 | AC72: =SUM(Y72:AA72) -> 0.13142753
A73: ='ALL 3 2024+'!E325 -> 45763 | B73: ='ALL 3 2024+'!F325 -> 45763 | C73: ='ALL 3 2024+'!G325 -> 45763 | E73: ='ALL 3 2024+'!I325 -> 21.85 | F73: ='ALL 3 2024+'!J325 -> 45.92 | G73: ='ALL 3 2024+'!K325 -> 92.79 | I73: ='ALL 3 2024+'!U325 -> 2.1005986 | J73: ='ALL 3 2024+'!V325 -> 2.0238358 | K73: ='ALL 3 2024+'!W325 -> 4.2512644 | M73: =E73*K73 -> 92.890127 | N73: =J73*F73 -> 92.934539 | O73: =G73 -> 92.79 | Q73: =M73-M72 -> 0.21105952 | R73: =N73-N72 -> 0.2442142 | S73: =O73-O72 -> 0.18 | U73: =IF(M73=MAX($M73:$O73),-1,IF(M73=MIN($M73:$O73),1,0)) -> 0 | V73: =IF(N73=MAX($M73:$O73),-1,IF(N73=MIN($M73:$O73),1,0)) -> -1 | W73: =IF(O73=MAX($M73:$O73),-1,IF(O73=MIN($M73:$O73),1,0)) -> 1 | Y73: =U72*Q73 -> 0 | Z73: =V72*R73 -> -0.2442142 | AA73: =W72*S73 -> 0.18 | AC73: =SUM(Y73:AA73) -> -0.064214203
... A81: ='ALL 3 2024+'!E333 -> 45776 | B81: ='ALL 3 2024+'!F333 -> 45776 | C81: ='ALL 3 2024+'!G333 -> 45776 | E81: ='ALL 3 2024+'!I333 -> 22.03 | F81: ='ALL 3 2024+'!J333 -> 46.32 | G81: ='ALL 3 2024+'!K333 -> 93.76 | I81: ='ALL 3 2024+'!U333 -> 2.1006081 | J81: ='ALL 3 2024+'!V333 -> 2.0238074 | K81: ='ALL 3 2024+'!W333 -> 4.2512242 | M81: =E81*K81 -> 93.654469 | N81: =J81*F81 -> 93.742758 | O81: =G81 -> 93.76 | Q81: =M81-M80 -> 0.2153085 | R81: =N81-N80 -> 0.20179045 | S81: =O81-O80 -> 0.25 | U81: =IF(M81=MAX($M81:$O81),-1,IF(M81=MIN($M81:$O81),1,0)) -> 1 | V81: =IF(N81=MAX($M81:$O81),-1,IF(N81=MIN($M81:$O81),1,0)) -> 0 | W81: =IF(O81=MAX($M81:$O81),-1,IF(O81=MIN($M81:$O81),1,0)) -> -1 | Y81: =U80*Q81 -> 0.2153085 | Z81: =V80*R81 -> -0.20179045 | AA81: =W80*S81 -> 0 | AC81: =SUM(Y81:AA81) -> 0.013518051
A82: ='ALL 3 2024+'!E334 -> 45777 | B82: ='ALL 3 2024+'!F334 -> 45777 | C82: ='ALL 3 2024+'!G334 -> 45777 | E82: ='ALL 3 2024+'!I334 -> 22.04 | F82: ='ALL 3 2024+'!J334 -> 46.32 | G82: ='ALL 3 2024+'!K334 -> 93.79 | I82: ='ALL 3 2024+'!U334 -> 2.1006727 | J82: ='ALL 3 2024+'!V334 -> 2.0238355 | K82: ='ALL 3 2024+'!W334 -> 4.2514142 | M82: =E82*K82 -> 93.701168 | N82: =J82*F82 -> 93.74406 | O82: =G82 -> 93.79 | Q82: =M82-M81 -> 0.04669887 | R82: =N82-N81 -> 0.0013018746 | S82: =O82-O81 -> 0.03 | U82: 0 | V82: 0 | W82: 0 | Y82: =U81*Q82 -> 0.04669887 | Z82: =V81*R82 -> 0 | AA82: =W81*S82 -> -0.03 | AC82: =SUM(Y82:AA82) -> 0.01669887
A83: ='ALL 3 2024+'!E335 -> 45778 | B83: ='ALL 3 2024+'!F335 -> 45778 | C83: ='ALL 3 2024+'!G335 -> 45778 | E83: ='ALL 3 2024+'!I335 -> 21.93 | F83: ='ALL 3 2024+'!J335 -> 46.02 | G83: ='ALL 3 2024+'!K335 -> 93.13 | I83: ='ALL 3 2024+'!U335 -> 2.1006681 | J83: ='ALL 3 2024+'!V335 -> 2.0238452 | K83: ='ALL 3 2024+'!W335 -> 4.2514253 | M83: =E83*K83 -> 93.233756 | N83: =J83*F83 -> 93.137357 | O83: =G83 -> 93.13 | Q83: =M83-M82 -> -0.46741178 | R83: =N83-N82 -> -0.60670244 | S83: =O83-O82 -> -0.66 | U83: =IF(M83=MAX($M83:$O83),-1,IF(M83=MIN($M83:$O83),1,0)) -> -1 | V83: =IF(N83=MAX($M83:$O83),-1,IF(N83=MIN($M83:$O83),1,0)) -> 0 | W83: =IF(O83=MAX($M83:$O83),-1,IF(O83=MIN($M83:$O83),1,0)) -> 1 | Y83: =U82*Q83 -> 0 | Z83: =V82*R83 -> 0 | AA83: =W82*S83 -> 0 | AC83: =SUM(Y83:AA83) -> 0
A84: ='ALL 3 2024+'!E336 -> 45779 | B84: ='ALL 3 2024+'!F336 -> 45779 | C84: ='ALL 3 2024+'!G336 -> 45779 | E84: ='ALL 3 2024+'!I336 -> 21.8 | F84: ='ALL 3 2024+'!J336 -> 45.73 | G84: ='ALL 3 2024+'!K336 -> 92.62 | I84: ='ALL 3 2024+'!U336 -> 2.1005883 | J84: ='ALL 3 2024+'!V336 -> 2.0238732 | K84: ='ALL 3 2024+'!W336 -> 4.2513227 | M84: =E84*K84 -> 92.678834 | N84: =J84*F84 -> 92.551723 | O84: =G84 -> 92.62 | Q84: =M84-M83 -> -0.55492195 | R84: =N84-N83 -> -0.58563375 | S84: =O84-O83 -> -0.51 | U84: =IF(M84=MAX($M84:$O84),-1,IF(M84=MIN($M84:$O84),1,0)) -> -1 | V84: =IF(N84=MAX($M84:$O84),-1,IF(N84=MIN($M84:$O84),1,0)) -> 1 | W84: =IF(O84=MAX($M84:$O84),-1,IF(O84=MIN($M84:$O84),1,0)) -> 0 | Y84: =U83*Q84 -> 0.55492195 | Z84: =V83*R84 -> 0 | AA84: =W83*S84 -> -0.51 | AC84: =SUM(Y84:AA84) -> 0.044921948
A85: ='ALL 3 2024+'!E337 -> 45782 | B85: ='ALL 3 2024+'!F337 -> 45782 | C85: ='ALL 3 2024+'!G337 -> 45782 | E85: ='ALL 3 2024+'!I337 -> 21.74 | F85: ='ALL 3 2024+'!J337 -> 45.64 | G85: ='ALL 3 2024+'!K337 -> 92.41 | I85: ='ALL 3 2024+'!U337 -> 2.1005241 | J85: ='ALL 3 2024+'!V337 -> 2.0239432 | K85: ='ALL 3 2024+'!W337 -> 4.2513396 | M85: =E85*K85 -> 92.424122 | N85: =J85*F85 -> 92.372766 | O85: =G85 -> 92.41 | Q85: =M85-M84 -> -0.25471255 | R85: =N85-N84 -> -0.1789574 | S85: =O85-O84 -> -0.21 | U85: =IF(M85=MAX($M85:$O85),-1,IF(M85=MIN($M85:$O85),1,0)) -> -1 | V85: =IF(N85=MAX($M85:$O85),-1,IF(N85=MIN($M85:$O85),1,0)) -> 1 | W85: =IF(O85=MAX($M85:$O85),-1,IF(O85=MIN($M85:$O85),1,0)) -> 0 | Y85: =U84*Q85 -> 0.25471255 | Z85: =V84*R85 -> -0.1789574 | AA85: =W84*S85 -> 0 | AC85: =SUM(Y85:AA85) -> 0.07575515
A86: ='ALL 3 2024+'!E338 -> 45783 | B86: ='ALL 3 2024+'!F338 -> 45783 | C86: ='ALL 3 2024+'!G338 -> 45783 | E86: ='ALL 3 2024+'!I338 -> 21.83 | F86: ='ALL 3 2024+'!J338 -> 45.83 | G86: ='ALL 3 2024+'!K338 -> 92.8 | I86: ='ALL 3 2024+'!U338 -> 2.1004738 | J86: ='ALL 3 2024+'!V338 -> 2.02397 | K86: ='ALL 3 2024+'!W338 -> 4.251294 | M86: =E86*K86 -> 92.805748 | N86: =J86*F86 -> 92.758545 | O86: =G86 -> 92.8 | Q86: =M86-M85 -> 0.38162651 | R86: =N86-N85 -> 0.38577931 | S86: =O86-O85 -> 0.39 | U86: =IF(M86=MAX($M86:$O86),-1,IF(M86=MIN($M86:$O86),1,0)) -> -1 | V86: =IF(N86=MAX($M86:$O86),-1,IF(N86=MIN($M86:$O86),1,0)) -> 1 | W86: =IF(O86=MAX($M86:$O86),-1,IF(O86=MIN($M86:$O86),1,0)) -> 0 | Y86: =U85*Q86 -> -0.38162651 | Z86: =V85*R86 -> 0.38577931 | AA86: =W85*S86 -> 0 | AC86: =SUM(Y86:AA86) -> 0.0041528049
A87: ='ALL 3 2024+'!E339 -> 45784 | B87: ='ALL 3 2024+'!F339 -> 45784 | C87: ='ALL 3 2024+'!G339 -> 45784 | E87: ='ALL 3 2024+'!I339 -> 21.89 | F87: ='ALL 3 2024+'!J339 -> 45.94 | G87: ='ALL 3 2024+'!K339 -> 93.05 | I87: ='ALL 3 2024+'!U339 -> 2.1004271 | J87: ='ALL 3 2024+'!V339 -> 2.0240029 | K87: ='ALL 3 2024+'!W339 -> 4.2512687 | M87: =E87*K87 -> 93.060272 | N87: =J87*F87 -> 92.982695 | O87: =G87 -> 93.05 | Q87: =M87-M86 -> 0.25452333 | R87: =N87-N86 -> 0.22414945 | S87: =O87-O86 -> 0.25 | U87: =IF(M87=MAX($M87:$O87),-1,IF(M87=MIN($M87:$O87),1,0)) -> -1 | V87: =IF(N87=MAX($M87:$O87),-1,IF(N87=MIN($M87:$O87),1,0)) -> 1 | W87: =IF(O87=MAX($M87:$O87),-1,IF(O87=MIN($M87:$O87),1,0)) -> 0 | Y87: =U86*Q87 -> -0.25452333 | Z87: =V86*R87 -> 0.22414945 | AA87: =W86*S87 -> 0 | AC87: =SUM(Y87:AA87) -> -0.030373875
A88: ='ALL 3 2024+'!E340 -> 45785 | B88: ='ALL 3 2024+'!F340 -> 45785 | C88: ='ALL 3 2024+'!G340 -> 45785 | E88: ='ALL 3 2024+'!I340 -> 21.77 | F88: ='ALL 3 2024+'!J340 -> 45.65 | G88: ='ALL 3 2024+'!K340 -> 92.48 | I88: ='ALL 3 2024+'!U340 -> 2.1004236 | J88: ='ALL 3 2024+'!V340 -> 2.0240484 | K88: ='ALL 3 2024+'!W340 -> 4.251357 | M88: =E88*K88 -> 92.552042 | N88: =J88*F88 -> 92.397809 | O88: =G88 -> 92.48 | Q88: =M88-M87 -> -0.50823012 | R88: =N88-N87 -> -0.58488535 | S88: =O88-O87 -> -0.57 | U88: =IF(M88=MAX($M88:$O88),-1,IF(M88=MIN($M88:$O88),1,0)) -> -1 | V88: =IF(N88=MAX($M88:$O88),-1,IF(N88=MIN($M88:$O88),1,0)) -> 1 | W88: =IF(O88=MAX($M88:$O88),-1,IF(O88=MIN($M88:$O88),1,0)) -> 0 | Y88: =U87*Q88 -> 0.50823012 | Z88: =V87*R88 -> -0.58488535 | AA88: =W87*S88 -> 0 | AC88: =SUM(Y88:AA88) -> -0.076655231
A89: ='ALL 3 2024+'!E341 -> 45786 | B89: ='ALL 3 2024+'!F341 -> 45786 | C89: ='ALL 3 2024+'!G341 -> 45786 | E89: ='ALL 3 2024+'!I341 -> 21.8 | F89: ='ALL 3 2024+'!J341 -> 45.74 | G89: ='ALL 3 2024+'!K341 -> 92.68 | I89: ='ALL 3 2024+'!U341 -> 2.1002872 | J89: ='ALL 3 2024+'!V341 -> 2.0241022 | K89: ='ALL 3 2024+'!W341 -> 4.2511939 | M89: =E89*K89 -> 92.676027 | N89: =J89*F89 -> 92.582436 | O89: =G89 -> 92.68 | Q89: =M89-M88 -> 0.12398589 | R89: =N89-N88 -> 0.18462654 | S89: =O89-O88 -> 0.2 | U89: =IF(M89=MAX($M89:$O89),-1,IF(M89=MIN($M89:$O89),1,0)) -> 0 | V89: =IF(N89=MAX($M89:$O89),-1,IF(N89=MIN($M89:$O89),1,0)) -> 1 | W89: =IF(O89=MAX($M89:$O89),-1,IF(O89=MIN($M89:$O89),1,0)) -> -1 | Y89: =U88*Q89 -> -0.12398589 | Z89: =V88*R89 -> 0.18462654 | AA89: =W88*S89 -> 0 | AC89: =SUM(Y89:AA89) -> 0.060640652
A90: ='ALL 3 2024+'!E342 -> 45789 | B90: ='ALL 3 2024+'!F342 -> 45789 | C90: ='ALL 3 2024+'!G342 -> 45789 | E90: ='ALL 3 2024+'!I342 -> 21.71 | F90: ='ALL 3 2024+'!J342 -> 45.5 | G90: ='ALL 3 2024+'!K342 -> 92.16 | I90: ='ALL 3 2024+'!U342 -> 2.1001182 | J90: ='ALL 3 2024+'!V342 -> 2.0242163 | K90: ='ALL 3 2024+'!W342 -> 4.2510915 | M90: =E90*K90 -> 92.291196 | N90: =J90*F90 -> 92.101841 | O90: =G90 -> 92.16 | Q90: =M90-M89 -> -0.38483181 | R90: =N90-N89 -> -0.48059518 | S90: =O90-O89 -> -0.52 | U90: =IF(M90=MAX($M90:$O90),-1,IF(M90=MIN($M90:$O90),1,0)) -> -1 | V90: =IF(N90=MAX($M90:$O90),-1,IF(N90=MIN($M90:$O90),1,0)) -> 1 | W90: =IF(O90=MAX($M90:$O90),-1,IF(O90=MIN($M90:$O90),1,0)) -> 0 | Y90: =U89*Q90 -> 0 | Z90: =V89*R90 -> -0.48059518 | AA90: =W89*S90 -> 0.52 | AC90: =SUM(Y90:AA90) -> 0.039404824
A91: ='ALL 3 2024+'!E343 -> 45790 | B91: ='ALL 3 2024+'!F343 -> 45790 | C91: ='ALL 3 2024+'!G343 -> 45790 | E91: ='ALL 3 2024+'!I343 -> 21.69 | F91: ='ALL 3 2024+'!J343 -> 45.5 | G91: ='ALL 3 2024+'!K343 -> 92.07 | I91: ='ALL 3 2024+'!U343 -> 2.1000009 | J91: ='ALL 3 2024+'!V343 -> 2.0242882 | K91: ='ALL 3 2024+'!W343 -> 4.2510048 | M91: =E91*K91 -> 92.204294 | N91: =J91*F91 -> 92.105112 | O91: =G91 -> 92.07 | Q91: =M91-M90 -> -0.086901777 | R91: =N91-N90 -> 0.0032714224 | S91: =O91-O90 -> -0.09 | U91: =IF(M91=MAX($M91:$O91),-1,IF(M91=MIN($M91:$O91),1,0)) -> -1 | V91: =IF(N91=MAX($M91:$O91),-1,IF(N91=MIN($M91:$O91),1,0)) -> 0 | W91: =IF(O91=MAX($M91:$O91),-1,IF(O91=MIN($M91:$O91),1,0)) -> 1 | Y91: =U90*Q91 -> 0.086901777 | Z91: =V90*R91 -> 0.0032714224 | AA91: =W90*S91 -> 0 | AC91: =SUM(Y91:AA91) -> 0.090173199
