Workbook

Sheet Summary
B1: Implied | C1: Highest Bid to Hit After Commissions | J1: 46042.313 | K1: = now | L1: Lowest Ask to Lift After Commissions | R1: Implied
B2: Rate | C2: Venue | D2: Mkt_Price | E2: Mkt_Size | F2: Crypto_Price | G2: Crypto_Size | H2: Cashflow | I2: type | J2: nyc_settlement_time | K2: days_fwd | L2: Cashflow | M2: Crypto_Size | N2: Crypto_Price | O2: Mkt_Price | P2: Mkt_Size | Q2: Venue | R2: Rate
A3: Buy | I3: Native | J3: 46042 | S3: Sell
A4: Sell | I4: Contract | J4: 46043.125 | S4: Buy
I5: ETF | J5: =J3+1 -> 46043
I6: Contract | J6: 46044.125
I7: Contract | J7: 46045.125
I8: Contract | J8: 46046.125
I9: Contract | J9: 46052.125
I10: Contract | J10: 46059.125
I11: Contract | J11: 46080.125
I12: Contract | J12: 46108.167
I13: Contract | J13: 46199.167
I14: Contract | J14: 46290.167
I15: Contract | J15: 46381.125
I18: Contract could be future or options combo

Sheet Native
A1: Product | B1: Settle_Date | C1: Ratio | D1: Est_Comm_per_Share | E1: Mkt_Bid_Size | F1: Mkt_Bid_Price | G1: Mkt_Ask_Price | H1: Mkt_Ask_Size | I1: Unit_Bid_Size | J1: Unit_Bid_Price | K1: Unit_Hit_Bid_CF | L1: Unit_Lift_Ask_CF | M1: Unit_Ask_Price | N1: Unit_Ask_Size | O1: Est_Comm_per_Unit
A2: Binance | B2: =Summary!J4 -> 46043.125 | C2: 1 | D2: 0.0025 | F2: =ETF!I3 -> 89646.41 | G2: =ETF!L3 -> 89676.533 | I2: =E2 -> 0 | J2: =F2 -> 89646.41 | K2: =J2-O2 -> 89422.256 | L2: =-M2-O2 -> -89900.687 | M2: =G2 -> 89676.533 | N2: =H2 -> 0 | O2: =AVERAGE(F2:G2)*D2 -> 224.15368
A3: Bitfinex | B3: =B2 -> 46043.125 | C3: 1 | D3: 0.0025 | F3: =ETF!I4 -> 89632.602 | G3: =ETF!L4 -> 89651.008 | I3: =E3 -> 0 | J3: =F3 -> 89632.602 | K3: =J3-O3 -> 89408.498 | L3: =-M3-O3 -> -89875.112 | M3: =G3 -> 89651.008 | N3: =H3 -> 0 | O3: =AVERAGE(F3:G3)*D3 -> 224.10451
A4: Bitget | B4: =B3 -> 46043.125 | C4: 1 | D4: 0.0025 | F4: =ETF!I5 -> 89634.509 | G4: =ETF!L5 -> 89669.938 | I4: =E4 -> 0 | J4: =F4 -> 89634.509 | K4: =J4-O4 -> 89410.378 | L4: =-M4-O4 -> -89894.068 | M4: =G4 -> 89669.938 | N4: =H4 -> 0 | O4: =AVERAGE(F4:G4)*D4 -> 224.13056
A5: Bitstamp | B5: =B4 -> 46043.125 | C5: 1 | D5: 0.0025 | F5: =ETF!I6 -> 89650.937 | G5: =ETF!L6 -> 89673.537 | I5: =E5 -> 0 | J5: =F5 -> 89650.937 | K5: =J5-O5 -> 89426.782 | L5: =-M5-O5 -> -89897.692 | M5: =G5 -> 89673.537 | N5: =H5 -> 0 | O5: =AVERAGE(F5:G5)*D5 -> 224.15559
A6: ByBit | B6: =B5 -> 46043.125 | C6: 1 | D6: 0.0025 | F6: =ETF!I7 -> 89666.231 | G6: =ETF!L7 -> 89741.834 | I6: =E6 -> 0 | J6: =F6 -> 89666.231 | K6: =J6-O6 -> 89441.97 | L6: =-M6-O6 -> -89966.095 | M6: =G6 -> 89741.834 | N6: =H6 -> 0 | O6: =AVERAGE(F6:G6)*D6 -> 224.26008
A7: Coinbase | B7: =B6 -> 46043.125 | C7: 1 | D7: 0.0025 | F7: =ETF!I8 -> 89631.104 | G7: =ETF!L8 -> 89682.974 | I7: =E7 -> 0 | J7: =F7 -> 89631.104 | K7: =J7-O7 -> 89406.962 | L7: =-M7-O7 -> -89907.117 | M7: =G7 -> 89682.974 | N7: =H7 -> 0 | O7: =AVERAGE(F7:G7)*D7 -> 224.1426
A8: Huobi | B8: =B7 -> 46043.125 | C8: 1 | D8: 0.0025 | F8: =ETF!I9 -> 89656.517 | G8: =ETF!L9 -> 89667.997 | I8: =E8 -> 0 | J8: =F8 -> 89656.517 | K8: =J8-O8 -> 89432.362 | L8: =-M8-O8 -> -89892.153 | M8: =G8 -> 89667.997 | N8: =H8 -> 0 | O8: =AVERAGE(F8:G8)*D8 -> 224.15564
A9: Kraken | B9: =B8 -> 46043.125 | C9: 1 | D9: 0.0025 | F9: =ETF!I10 -> 89629.392 | G9: =ETF!L10 -> 89642.199 | I9: =E9 -> 0 | J9: =F9 -> 89629.392 | K9: =J9-O9 -> 89405.302 | L9: =-M9-O9 -> -89866.289 | M9: =G9 -> 89642.199 | N9: =H9 -> 0 | O9: =AVERAGE(F9:G9)*D9 -> 224.08949
A10: LMAX Digital | B10: =B9 -> 46043.125 | C10: 1 | D10: 0.0025 | F10: =ETF!I11 -> 89580.446 | G10: =ETF!L11 -> 89598.07 | I10: =E10 -> 0 | J10: =F10 -> 89580.446 | K10: =J10-O10 -> 89356.473 | L10: =-M10-O10 -> -89822.043 | M10: =G10 -> 89598.07 | N10: =H10 -> 0 | O10: =AVERAGE(F10:G10)*D10 -> 223.97315
A11: OKX | B11: =B10 -> 46043.125 | C11: 1 | D11: 0.0025 | F11: =F8 -> 89656.517 | G11: =G10 -> 89598.07 | I11: =E11 -> 0 | J11: =F11 -> 89656.517 | K11: =J11-O11 -> 89432.449 | L11: =-M11-O11 -> -89822.138 | M11: =G11 -> 89598.07 | N11: =H11 -> 0 | O11: =AVERAGE(F11:G11)*D11 -> 224.06823

Sheet ETF
B1: market_data | F1: input_data | H1: unit_data | O1: settlement_interest_adjustment_per_unit | U1: same_day_settle_cf_equiv
A2: product | B2: bid_size | C2: bid_price | D2: ask_price | E2: ask_size | F2: Scalar | G2: comm / sh | H2: =B2 -> bid_size | I2: =C2 -> bid_price | J2: hit_bid_cf | K2: lift_ask_cf | L2: =D2 -> ask_price | M2: =E2 -> ask_size | N2: comm / unit | O2: bid_rate | P2: ask_rate | Q2: settle_date | R2: days_to_settle | S2: settle_adj_bid | T2: settle_ad_ask | U2: =J2 -> hit_bid_cf | V2: =K2 -> lift_ask_cf
A3: ARKB | B3: 67 | C3: 29.76 | D3: 29.77 | E3: 493 | F3: =1004.10405621845*3 -> 3012.3122 | G3: 0.002 | H3: =100*B3/F3 -> 2.2242051 | I3: =C3*F3 -> 89646.41 | J3: =I3-N3 -> 89640.386 | K3: =-L3-N3 -> -89682.558 | L3: =D3*F3 -> 89676.533 | M3: =100*E3/F3 -> 16.366166 | N3: =F3*G3 -> 6.0246243 | O3: =3.64%+0.5% -> 0.0414 | P3: =3.64%-0.5% -> 0.0314 | Q3: 46048 | R3: =Q3-TODAY() -> 3 | S3: =-I3*O3*R3/360 -> -30.928011 | T3: =L3*P3*R3/360 -> 23.46536 | U3: =J3+S3 -> 89609.458 | V3: =K3+T3 -> -89659.093
A4: BITB | B4: 10 | C4: 48.7 | D4: 48.71 | E4: 27 | F4: 1840.5052 | G4: =G3 -> 0.002 | H4: =100*B4/F4 -> 0.54332909 | I4: =C4*F4 -> 89632.602 | J4: =I4-N4 -> 89628.921 | K4: =-L4-N4 -> -89654.689 | L4: =D4*F4 -> 89651.008 | M4: =100*E4/F4 -> 1.4669885 | N4: =F4*G4 -> 3.6810104 | O4: =O3 -> 0.0414 | P4: =P3 -> 0.0314 | Q4: =Q3 -> 46048 | R4: =Q4-TODAY() -> 3 | S4: =-I4*O4*R4/360 -> -30.923248 | T4: =L4*P4*R4/360 -> 23.45868 | U4: =J4+S4 -> 89597.998 | V4: =K4+T4 -> -89631.23
A5: BRRR | B5: 35 | C5: 25.3 | D5: 25.31 | E5: 35 | F5: 3542.866 | G5: =G4 -> 0.002 | H5: =100*B5/F5 -> 0.98790077 | I5: =C5*F5 -> 89634.509 | J5: =I5-N5 -> 89627.423 | K5: =-L5-N5 -> -89677.023 | L5: =D5*F5 -> 89669.938 | M5: =100*E5/F5 -> 0.98790077 | N5: =F5*G5 -> 7.0857319 | O5: =O4 -> 0.0414 | P5: =P4 -> 0.0314 | Q5: =Q4 -> 46048 | R5: =Q5-TODAY() -> 3 | S5: =-I5*O5*R5/360 -> -30.923906 | T5: =L5*P5*R5/360 -> 23.463634 | U5: =J5+S5 -> 89596.499 | V5: =K5+T5 -> -89653.56
A6: BTC | B6: 170 | C6: 39.67 | D6: 39.68 | E6: 156 | F6: 2259.9178 | G6: =G5 -> 0.002 | H6: =100*B6/F6 -> 7.5223976 | I6: =C6*F6 -> 89650.937 | J6: =I6-N6 -> 89646.418 | K6: =-L6-N6 -> -89678.056 | L6: =D6*F6 -> 89673.537 | M6: =100*E6/F6 -> 6.9029061 | N6: =F6*G6 -> 4.5198355 | O6: =O5 -> 0.0414 | P6: =P5 -> 0.0314 | Q6: =Q5 -> 46048 | R6: =Q6-TODAY() -> 3 | S6: =-I6*O6*R6/360 -> -30.929573 | T6: =L6*P6*R6/360 -> 23.464575 | U6: =J6+S6 -> 89615.488 | V6: =K6+T6 -> -89654.592
A7: BTCW | B7: 6 | C7: 94.88 | D7: 94.96 | E7: 26 | F7: 945.0488 | G7: =G6 -> 0.002 | H7: =100*B7/F7 -> 0.63488785 | I7: =C7*F7 -> 89666.231 | J7: =I7-N7 -> 89664.34 | K7: =-L7-N7 -> -89743.725 | L7: =D7*F7 -> 89741.834 | M7: =100*E7/F7 -> 2.7511807 | N7: =F7*G7 -> 1.8900976 | O7: =O6 -> 0.0414 | P7: =P6 -> 0.0314 | Q7: =Q6 -> 46048 | R7: =Q7-TODAY() -> 3 | S7: =-I7*O7*R7/360 -> -30.93485 | T7: =L7*P7*R7/360 -> 23.482447 | U7: =J7+S7 -> 89633.406 | V7: =K7+T7 -> -89720.242
A8: EZBC | B8: 5 | C8: 51.84 | D8: 51.87 | E8: 16 | F8: 1728.9951 | G8: =G7 -> 0.002 | H8: =100*B8/F8 -> 0.28918532 | I8: =C8*F8 -> 89631.104 | J8: =I8-N8 -> 89627.646 | K8: =-L8-N8 -> -89686.432 | L8: =D8*F8 -> 89682.974 | M8: =100*E8/F8 -> 0.92539304 | N8: =F8*G8 -> 3.4579901 | O8: =O7 -> 0.0414 | P8: =P7 -> 0.0314 | Q8: =Q7 -> 46048 | R8: =Q8-TODAY() -> 3 | S8: =-I8*O8*R8/360 -> -30.922731 | T8: =L8*P8*R8/360 -> 23.467045 | U8: =J8+S8 -> 89596.724 | V8: =K8+T8 -> -89662.965
A9: FBTC | B9: 5 | C9: 78.1 | D9: 78.11 | E9: 2 | F9: 1147.9708 | G9: =G8 -> 0.002 | H9: =100*B9/F9 -> 0.43555116 | I9: =C9*F9 -> 89656.517 | J9: =I9-N9 -> 89654.221 | K9: =-L9-N9 -> -89670.293 | L9: =D9*F9 -> 89667.997 | M9: =100*E9/F9 -> 0.17422046 | N9: =F9*G9 -> 2.2959415 | O9: =O8 -> 0.0414 | P9: =P8 -> 0.0314 | Q9: =Q8 -> 46048 | R9: =Q9-TODAY() -> 3 | S9: =-I9*O9*R9/360 -> -30.931499 | T9: =L9*P9*R9/360 -> 23.463126 | U9: =J9+S9 -> 89623.29 | V9: =K9+T9 -> -89646.83
A10: GBTC | B10: 7 | C10: 69.98 | D10: 69.99 | E10: 10 | F10: 1280.7858 | G10: =G9 -> 0.002 | H10: =100*B10/F10 -> 0.54653947 | I10: =C10*F10 -> 89629.392 | J10: =I10-N10 -> 89626.83 | K10: =-L10-N10 -> -89644.761 | L10: =D10*F10 -> 89642.199 | M10: =100*E10/F10 -> 0.78077067 | N10: =F10*G10 -> 2.5615716 | O10: =O9 -> 0.0414 | P10: =P9 -> 0.0314 | Q10: =Q9 -> 46048 | R10: =Q10-TODAY() -> 3 | S10: =-I10*O10*R10/360 -> -30.92214 | T10: =L10*P10*R10/360 -> 23.456375 | U10: =J10+S10 -> 89595.908 | V10: =K10+T10 -> -89621.305
A11: IBIT | B11: 592 | C11: 50.83 | D11: 50.84 | E11: 5 | F11: 1762.3539 | G11: =G10 -> 0.002 | H11: =100*B11/F11 -> 33.591438 | I11: =C11*F11 -> 89580.446 | J11: =I11-N11 -> 89576.922 | K11: =-L11-N11 -> -89601.595 | L11: =D11*F11 -> 89598.07 | M11: =100*E11/F11 -> 0.28371147 | N11: =F11*G11 -> 3.5247077 | O11: =O10 -> 0.0414 | P11: =P10 -> 0.0314 | Q11: =Q10 -> 46048 | R11: =Q11-TODAY() -> 3 | S11: =-I11*O11*R11/360 -> -30.905254 | T11: =L11*P11*R11/360 -> 23.444828 | U11: =J11+S11 -> 89546.017 | V11: =K11+T11 -> -89578.15
J13: =MAX(J3:J11) -> 89664.34 | K13: =MAX(K3:K11) -> -89601.595 | L13: =+J13+K13 -> 62.745747 | U13: =MAX(U3:U11) -> 89633.406 | V13: =MAX(V3:V11) -> -89578.15 | W13: =+U13+V13 -> 55.255725

Sheet CME-Fut
A1: Product | B1: Settle_Date | C1: Scalar | D1: Est_Comm_per_Share | E1: Mkt_Bid_Size | F1: Mkt_Bid_Price | G1: Mkt_Ask_Price | H1: Mkt_Ask_Size | I1: Unit_Bid_Size | J1: Unit_Bid_Price | K1: Unit_Hit_Bid_CF | L1: Unit_Lift_Ask_CF | M1: Unit_Ask_Price | N1: Unit_Ask_Size | O1: Est_Comm_per_Unit
A2: CME-Fut | B2: =Summary!J6 -> 46044.125 | C2: =1/5 -> 0.2 | D2: 5 | I2: =E2/C2 -> 0 | J2: =F2 -> 0 | K2: =J2-O2 -> -1 | L2: =-M2-O2 -> -1 | M2: =G2 -> 0 | N2: =H2/C2 -> 0 | O2: =C2*D2 -> 1
A3: CME-Fut | B3: =B2 -> 46044.125 | C3: =1/5 -> 0.2 | D3: 5 | I3: =E3/C3 -> 0 | J3: =F3 -> 0 | K3: =J3-O3 -> -1 | L3: =-M3-O3 -> -1 | M3: =G3 -> 0 | N3: =H3/C3 -> 0 | O3: =C3*D3 -> 1
A4: CME-Fut | B4: =B3 -> 46044.125 | C4: =1/5 -> 0.2 | D4: 5 | I4: =E4/C4 -> 0 | J4: =F4 -> 0 | K4: =J4-O4 -> -1 | L4: =-M4-O4 -> -1 | M4: =G4 -> 0 | N4: =H4/C4 -> 0 | O4: =C4*D4 -> 1

Sheet CME-Combo
A1: Product | B1: Settle_Date | C1: Scalar | D1: Est_Comm_per_Share | E1: Mkt_Bid_Size | F1: Mkt_Bid_Price | G1: Mkt_Ask_Price | H1: Mkt_Ask_Size | I1: Unit_Bid_Size | J1: Unit_Bid_Price | K1: Unit_Hit_Bid_CF | L1: Unit_Lift_Ask_CF | M1: Unit_Ask_Price | N1: Unit_Ask_Size | O1: Est_Comm_per_Unit | P1: Strike
A2: CME-Fut | B2: =Summary!J6 -> 46044.125 | C2: =1/5 -> 0.2 | D2: 10 | I2: =E2/C2 -> 0 | J2: =F2 -> 0 | K2: =J2-O2 -> -2 | L2: =-M2-O2 -> -2 | M2: =G2 -> 0 | N2: =H2/C2 -> 0 | O2: =C2*D2 -> 2
A3: CME-Combo | B3: =B2 -> 46044.125 | C3: =1/5 -> 0.2 | D3: 10 | I3: =E3/C3 -> 0 | J3: =F3 -> 0 | K3: =J3-O3 -> -2 | L3: =-M3-O3 -> -2 | M3: =G3 -> 0 | N3: =H3/C3 -> 0 | O3: =C3*D3 -> 2
A4: CME-Combo | B4: =B3 -> 46044.125 | C4: =1/5 -> 0.2 | D4: 10 | I4: =E4/C4 -> 0 | J4: =F4 -> 0 | K4: =J4-O4 -> -2 | L4: =-M4-O4 -> -2 | M4: =G4 -> 0 | N4: =H4/C4 -> 0 | O4: =C4*D4 -> 2
A5: CME-Combo | B5: =B4 -> 46044.125 | C5: =1/5 -> 0.2 | D5: 10 | I5: =E5/C5 -> 0 | J5: =F5 -> 0 | K5: =J5-O5 -> -2 | L5: =-M5-O5 -> -2 | M5: =G5 -> 0 | N5: =H5/C5 -> 0 | O5: =C5*D5 -> 2
A6: CME-Combo | B6: =B5 -> 46044.125 | C6: =1/5 -> 0.2 | D6: 10 | I6: =E6/C6 -> 0 | J6: =F6 -> 0 | K6: =J6-O6 -> -2 | L6: =-M6-O6 -> -2 | M6: =G6 -> 0 | N6: =H6/C6 -> 0 | O6: =C6*D6 -> 2
A7: CME-Combo | B7: =B6 -> 46044.125 | C7: =1/5 -> 0.2 | D7: 10 | I7: =E7/C7 -> 0 | J7: =F7 -> 0 | K7: =J7-O7 -> -2 | L7: =-M7-O7 -> -2 | M7: =G7 -> 0 | N7: =H7/C7 -> 0 | O7: =C7*D7 -> 2
A8: CME-Combo | B8: =B7 -> 46044.125 | C8: =1/5 -> 0.2 | D8: 10 | I8: =E8/C8 -> 0 | J8: =F8 -> 0 | K8: =J8-O8 -> -2 | L8: =-M8-O8 -> -2 | M8: =G8 -> 0 | N8: =H8/C8 -> 0 | O8: =C8*D8 -> 2
A9: CME-Combo | B9: =B8 -> 46044.125 | C9: =1/5 -> 0.2 | D9: 10 | I9: =E9/C9 -> 0 | J9: =F9 -> 0 | K9: =J9-O9 -> -2 | L9: =-M9-O9 -> -2 | M9: =G9 -> 0 | N9: =H9/C9 -> 0 | O9: =C9*D9 -> 2
A10: CME-Combo | B10: =B9 -> 46044.125 | C10: =1/5 -> 0.2 | D10: 10 | I10: =E10/C10 -> 0 | J10: =F10 -> 0 | K10: =J10-O10 -> -2 | L10: =-M10-O10 -> -2 | M10: =G10 -> 0 | N10: =H10/C10 -> 0 | O10: =C10*D10 -> 2
A11: CME-Combo | B11: =B10 -> 46044.125 | C11: =1/5 -> 0.2 | D11: 10 | I11: =E11/C11 -> 0 | J11: =F11 -> 0 | K11: =J11-O11 -> -2 | L11: =-M11-O11 -> -2 | M11: =G11 -> 0 | N11: =H11/C11 -> 0 | O11: =C11*D11 -> 2
A12: CME-Combo | B12: =B11 -> 46044.125 | C12: =1/5 -> 0.2 | D12: 10 | I12: =E12/C12 -> 0 | J12: =F12 -> 0 | K12: =J12-O12 -> -2 | L12: =-M12-O12 -> -2 | M12: =G12 -> 0 | N12: =H12/C12 -> 0 | O12: =C12*D12 -> 2

Sheet IBIT-Combo
A1: Product | B1: Settle_Date | C1: Scalar | D1: Est_Comm_per_Share | E1: Mkt_Bid_Size | F1: Mkt_Bid_Price | G1: Mkt_Ask_Price | H1: Mkt_Ask_Size | I1: Unit_Bid_Size | J1: Unit_Bid_Price | K1: Unit_Hit_Bid_CF | L1: Unit_Lift_Ask_CF | M1: Unit_Ask_Price | N1: Unit_Ask_Size | O1: Est_Comm_per_Unit | P1: Strike
A2: IBIT-Combo | B2: =Summary!J6 -> 46044.125 | C2: =ETF!F3 -> 3012.3122 | O2: =C2*D2 -> 0
A3: IBIT-Combo | B3: =B2 -> 46044.125 | C3: =ETF!F4 -> 1840.5052 | O3: =C3*D3 -> 0
A4: IBIT-Combo | B4: =B3 -> 46044.125 | C4: =ETF!F5 -> 3542.866 | O4: =C4*D4 -> 0
A5: IBIT-Combo | B5: =B4 -> 46044.125 | C5: =ETF!F6 -> 2259.9178 | O5: =C5*D5 -> 0
A6: IBIT-Combo | B6: =B5 -> 46044.125 | C6: =ETF!#REF! -> #REF! | O6: =C6*D6 -> #REF!
A7: IBIT-Combo | B7: =B6 -> 46044.125 | C7: =ETF!F7 -> 945.0488 | O7: =C7*D7 -> 0
A8: IBIT-Combo | B8: =B7 -> 46044.125 | C8: =ETF!F8 -> 1728.9951 | O8: =C8*D8 -> 0
A9: IBIT-Combo | B9: =B8 -> 46044.125 | C9: =ETF!F9 -> 1147.9708 | O9: =C9*D9 -> 0
A10: IBIT-Combo | B10: =B9 -> 46044.125 | C10: =ETF!F10 -> 1280.7858 | O10: =C10*D10 -> 0
A11: IBIT-Combo | B11: =B10 -> 46044.125 | C11: =ETF!#REF! -> #REF!
A12: IBIT-Combo | B12: =B11 -> 46044.125 | C12: =ETF!F11 -> 1762.3539
