Workbook
Name clearRange: CODE!$B$12

Sheet BINANCE
J1: DAYS IN DISCOUNT RATE | K1: 360 | P1: =MAX(P6:P12) -> 36381.617 | V1: =MAX(V6:V12) -> -35810.623 | W1: =P1+V1 -> 570.9941 | X1: =W1/P1 -> 0.015694577
M2: HIT | N2: LIFT | P2: EQUIV | S2: LIFT | T2: HIT | V2: EQUIV
A3: DAYS TO | B3: EXPIRATION | D3: CALL | E3: CALL | G3: PUT | H3: PUT | J3: DISCOUNT | K3: PV OF | M3: CALL | N3: PUT | O3: NET | P3: SELL | S3: CALL | T3: PUT | U3: NET | V3: BUY
A4: EXPIRY | B4: DATE | D4: BID | E4: ASK | F4: STRIKE | G4: BID | H4: ASK | J4: RATE | K4: STRIKE | M4: BID | N4: ASK | O4: PV | P4: SPOT | R4: DAYS | S4: ASK | T4: BID | U4: PV | V4: SPOT
A6: =B6-TODAY() -> -1674 | B6: 44372 | D6: 4211.78 | E6: 4416.05 | F6: 32000 | G6: 680 | H6: 688.57 | J6: 0.0005 | K6: =F6/(1+J6*A6/K$1) -> 32074.573 | M6: =D6 -> 4211.78 | N6: =-H6 -> -688.57 | O6: =M6+N6 -> 3523.21 | P6: =O6+K6 -> 35597.783 | S6: =-E6 -> -4416.05 | T6: =G6 -> 680 | U6: =S6+T6 -> -3736.05 | V6: =U6-K6 -> -35810.623
A7: =B7-TODAY() -> -1674 | B7: 44372 | D7: 1576.71 | E7: 1667.43 | F7: =F6+4000 -> 36000 | G7: 1487.9 | H7: 1887 | J7: 0.0005 | K7: =F7/(1+J7*A7/K$1) -> 36083.895 | M7: =D7 -> 1576.71 | N7: =-H7 -> -1887 | O7: =M7+N7 -> -310.29 | P7: =O7+K7 -> 35773.605 | S7: =-E7 -> -1667.43 | T7: =G7 -> 1487.9 | U7: =S7+T7 -> -179.53 | V7: =U7-K7 -> -36263.425
A8: =B8-TODAY() -> -1674 | B8: 44372 | D8: 505.15 | E8: 586.14 | F8: =F7+4000 -> 40000 | G8: 4344.76 | H8: 4833.68 | J8: 0.0005 | K8: =F8/(1+J8*A8/K$1) -> 40093.217 | M8: =D8 -> 505.15 | N8: =-H8 -> -4833.68 | O8: =M8+N8 -> -4328.53 | P8: =O8+K8 -> 35764.687 | S8: =-E8 -> -586.14 | T8: =G8 -> 4344.76 | U8: =S8+T8 -> 3758.62 | V8: =U8-K8 -> -36334.597
A10: =B10-TODAY() -> -1639 | B10: 44407 | D10: 7604.17 | E10: 8064.95 | F10: 30000 | G10: 1100 | H10: 1291 | J10: 0.0005 | K10: =F10/(1+J10*A10/K$1) -> 30068.447 | M10: =D10 -> 7604.17 | N10: =-H10 -> -1291 | O10: =M10+N10 -> 6313.17 | P10: =O10+K10 -> 36381.617 | S10: =-E10 -> -8064.95 | T10: =G10 -> 1100 | U10: =S10+T10 -> -6964.95 | V10: =U10-K10 -> -37033.397
A11: =B11-TODAY() -> -1639 | B11: 44407 | D11: 4653.06 | E11: 4899.55 | F11: 35000 | G11: 3530.23 | H11: 3718.91 | J11: 0.0005 | K11: =F11/(1+J11*A11/K$1) -> 35079.855 | M11: =D11 -> 4653.06 | N11: =-H11 -> -3718.91 | O11: =M11+N11 -> 934.15 | P11: =O11+K11 -> 36014.005 | S11: =-E11 -> -4899.55 | T11: =G11 -> 3530.23 | U11: =S11+T11 -> -1369.32 | V11: =U11-K11 -> -36449.175
A12: =B12-TODAY() -> -1639 | B12: 44407 | D12: 2685.65 | E12: 2819.41 | F12: 40000 | G12: 5299.99 | H12: 7300 | J12: 0.0005 | K12: =F12/(1+J12*A12/K$1) -> 40091.263 | M12: =D12 -> 2685.65 | N12: =-H12 -> -7300 | O12: =M12+N12 -> -4614.35 | P12: =O12+K12 -> 35476.913 | S12: =-E12 -> -2819.41 | T12: =G12 -> 5299.99 | U12: =S12+T12 -> 2480.58 | V12: =U12-K12 -> -37610.683

Sheet CODE
A1: instructionRange | B1: =_xlfn.CONCAT("$A$2:$B$",D1) -> $A$2:$B$12 | C1: rows = | D1: =ROW(clearRange) -> 12
A2: workbookName | B2: CryptoBestBidAsk.xlsx
A3: myAssetAbbreviation | B3: BTC/USD
A4: exchInfoRange | B4: =CONCATENATE("$A$1:",ADDRESS(D4,F4)) -> $A$1:$F$20 | C4: rows = | D4: =COUNTA('Exch Info'!A:A) -> 20 | E4: cols = | F4: =COUNTA('Exch Info'!1:1) -> 6
A5: inputRange1 | B5: =CONCATENATE("$A$1:",ADDRESS(D5,F5)) -> $A$1:$N$11 | C5: rows = | D5: =COUNTA(ACTIVE!E:E) -> 11 | E5: cols = | F5: =COUNTA(ACTIVE!1:1) -> 14
A6: inputWorksheet2 | B6: INACTIVE
A7: inputRange2 | B7: =CONCATENATE("$A$1:",ADDRESS(D7,F7)) -> $A$1:$K$22 | C7: rows = | D7: =COUNTA(INACTIVE!E:E) -> 22 | E7: cols = | F7: =COUNTA(INACTIVE!1:1) -> 11
A8: timerInterval | B8: 5
A9: headerRows | B9: 1
A10: outputWorksheet | B10: PRICES
A11: timeCell | B11: A4
A12: outputCells | B12: A8:F28 | C12: clearRange
A15: Command Line Code | B15: CryptoPriceGrabber
A16: cd "crypto"
A17: cd "onedrive/crypto"
A19: =_xlfn.CONCAT("python3 '",B15,".py'") -> python3 'CryptoPriceGrabber.py'
A20: =_xlfn.CONCAT("jupyter nbconvert --to script '",B15,".ipynb'") -> jupyter nbconvert --to script 'CryptoPriceGrabber.ipynb'

Sheet INACTIVE
A1: Spot | B1: Spot Opts | C1: Futures | D1: Fut Opts | E1: EXCHANGE | F1: T/F | G1: USA | H1: Websocket | I1: Complete | J1: LogIn | K1: P/W
B2: TRUE | C2: TRUE | E2: Binance | F2: FALSE | G2: FALSE | H2: webLink | I2: TRUE | J2: - | K2: - | N2: TRUE | O2: 1 | P2: 1 | Q2: X
E3: Bitfinex | F3: FALSE | G3: FALSE | J3: - | K3: - | O3: 6 | P3: 25
E4: Bithumb | F4: FALSE | O4: 7
E5: BitMex | F5: FALSE | G5: FALSE | J5: - | K5: - | Q5: X
E6: BitStamp | F6: FALSE | O6: 10
E7: Bittrex | F7: FALSE | O7: 15
E8: Bybit | F8: FALSE | G8: FALSE | J8: - | K8: - | P8: 4
A9: FALSE | B9: FALSE | C9: TRUE | E9: CME | F9: FALSE | G9: TRUE | H9: https://www.cmegroup.com/markets/cryptocurrencies/bitcoin/bitcoin.settlements.html
E10: CoinTiger | F10: FALSE | P10: 5
E11: Crypto.com | F11: FALSE | G11: NFTs | Q11: X
B12: TRUE | E12: Deribit | F12: FALSE | G12: FALSE | J12: - | K12: - | P12: 16
B13: TRUE | E13: FTX | F13: FALSE | G13: FALSE | J13: - | K13: - | P13: 6 | Q13: X
E14: Gate.io | F14: FALSE | O14: 8
E15: HitBTC | F15: FALSE | Q15: X
E16: Huobi Global | F16: FALSE | G16: FALSE | J16: - | K16: - | O16: 3 | P16: 3
B17: BINARY | E17: IQ Option | F17: FALSE | G17: FALSE | J17: - | K17: -
E18: itBit | F18: FALSE
E19: KuCoin | F19: FALSE | I19: pending | O19: 5 | P19: 13
E20: OKEx | F20: FALSE | G20: FALSE | I20: pending | J20: - | K20: - | O20: 16 | P20: 2
A21: FALSE | B21: FALSE | C21: CME | E21: TD Ameritrade | F21: FALSE | G21: TRUE | N21: Futures | O21: Spot | P21: Derivs | Q21: Lucas
E22: BAAKT | H22: https://www.theice.com/products/72035464/Bakkt-Bitcoin-USD-Monthly-Futures/data?marketId=6428465
C23: https://www.theblockcrypto.com/data/crypto-markets/futures | H23: https://www.theice.com/products/72948304/Option-on-Bakkt-Bitcoin-USD-Monthly-Futures
B24: https://www.theblockcrypto.com/data/crypto-markets/options
K25: new google accoutn
C26: XBT | D26: CBOE | K26: mikes.btc.accts@gmail.com
C27: BTC | D27: CME | K27: chatham#1

Sheet ACTIVE
A1: Spot | B1: Spot Opts | C1: Futures | D1: Fut Opts | E1: EXCHANGE | F1: T/F | G1: Funded | H1: LogIn | I1: P/W | J1: Website SignIn | K1: Maker | L1: Taker | M1: Deposit | N1: Withdrawl
E2: BAKKT
E3: Binance.US | F3: FALSE | H3: GMAIL | I3: Iam53yearsold | J3: https://www.binance.us/en/home
E4: CME
A5: CONNECTED | B5: FALSE | C5: FALSE | D5: FALSE | E5: CoinBase | F5: TRUE | H5: GMAIL | I5: KatieMaggieTom2021 | J5: https://www.coinbase.com/signin
A6: CONNECTED | B6: FALSE | C6: FALSE | D6: FALSE | E6: FTX.US | F6: TRUE | H6: GMAIL | I6: CarolynIs#1Beauty | J6: https://ftx.us/ | K6: 0.001 | L6: 0.004 | M6: None | N6: None
A7: CONNECTED | B7: FALSE | C7: FALSE | D7: FALSE | E7: Gemini | F7: TRUE | H7: GMAIL | I7: Junehas30days | J7: https://exchange.gemini.com/signin | K7: 0.25% va API | L7: 0.35% via API | M7: Free | N7: Free
A8: CONNECTED | B8: FALSE | C8: NOT USA | D8: FALSE | E8: Kraken | F8: TRUE | H8: mike-crypto | I8: Iamthe#1crypo | J8: https://www.kraken.com/sign-in | M8: None | N8: $4/cash & 0.00015/BTC
A9: SWAPS | B9: CONNECTED | C9: CONNECTED | D9: FALSE | E9: LedgerX | F9: FALSE | G9: 10 | H9: GMAIL | I9: IliveinChathamNJ07928 | J9: https://app.ledgerx.com/login | K9: $0.15/option & $0.05/future | L9: same as Maker | M9: None | N9: $0/cash & 0.001/BTC
A10: TRUE | B10: FALSE | C10: FALSE | D10: FALSE | E10: Okcoin | F10: FALSE | H10: GMAIL | I10: CarolynIs#1HotBabe | J10: https://www.okcoin.com/us/account/login
A11: TETHER | B11: FALSE | C11: PERPETUALS | D11: FALSE | E11: Phemex | F11: FALSE | H11: YMAIL | I11: Iliketobe#1 | J11: https://phemex.com/
I13: GMAIL ADDRESS | J13: mikes.btc.accts@gmail.com
I14: GMAIL PASSWORD | J14: chatham#1
I19: Iliveat10WickhamWay

Sheet PRICES
B1: LX-SPOT | C1: LX BEST BID | D1: LX BEST ASK | E1: LX-SPOT
B2: =C2-C6 -> -4995.8 | C2: 44220 | D2: 44210 | E2: =D2-D6 -> -4997
A4: 44473.662
A5: =AVERAGE(C6:D6) -> 49211.4 | C5: BID PRICE | D5: ASK PRICE | E5: BID-ASK % | F5: ASK-BID
C6: =MAX(C9:C19) -> 49215.8 | D6: =MIN(D9:D19) -> 49207 | E6: =-F6/A5 -> 0.00017882035 | F6: =D6-C6 -> -8.8
A8: EXCHANGE | B8: BID SIZE | C8: BID PRICE | D8: ASK PRICE | E8: ASK SIZE | F8: ASK - BID
A9: CoinBase | C9: 49205.85 | D9: 49210.24 | F9: 4.39
A10: FTX.US | B10: 1.1745 | C10: 49200 | D10: 49207 | E10: 0.768 | F10: 7
A11: Gemini | B11: 0.096 | C11: 49210.1 | D11: 49218.34 | E11: 0.02041 | F11: 8.24
A12: Kraken | B12: 0.09627095 | C12: 49215.8 | D12: 49215.9 | E12: 11.033887 | F12: 0.1

Sheet Exch Info
A1: infoRange | B1: variableName | C1: CB | D1: FTXUS | E1: GEM | F1: KK
A2: TRUE | B2: useExch | C2: FALSE | D2: TRUE | E2: FALSE | F2: FALSE
A3: TRUE | B3: exchName | C3: CoinBase | D3: FTX.US | E3: Gemini | F3: Kraken
A4: TRUE | B4: exchAbbr | C4: CB | D4: FTXUS | E4: GEM | F4: KK
A5: TRUE
A6: TRUE | B6: bitcoinCode | C6: BTC-USD | D6: BTC/USD | E6: BTC-USD
A7: TRUE | B7: wsURL | C7: wss://ws-feed.pro.coinbase.com/ | D7: wss://ftx.us/ws/ | F7: wss://ws.kraken.com/
A8: TRUE | B8: string1 | C8: { "type":"subscribe", "product_ids":"", "channels":["ticker"] } | D8: {"op": "login", "args": {"key": "<api_key>", "sign": "<signature>", "time": timeStamp}} | E8: wss://api.gemini.com/v1/marketdata/ | F8: {"event":"subscribe", "subscription":{"name":"ticker"}, "pair":[pair]}
A9: TRUE | B9: string2 | C9: {} | D9: {"op":"subscribe", "channel":"ticker", "market":pair} | E9: ?top_of_book=true
A10: TRUE | B10: newNames | C10: [] | D10: [bidSize, bid, ask, askSize] | E10: [] | F10: []
A11: TRUE
A12: TRUE | B12: makerFee | D12: 0.001 | E12: 0.0025
A13: TRUE | B13: takerFee | D13: 0.004 | E13: 0.0035
A14: TRUE | B14: depositFee | D14: 0 | E14: 0 | F14: 0
A15: TRUE | B15: usdWithdrawlFee | F15: 4
A16: TRUE | B16: btcWithdrawlFee | D16: 0 | E16: 0 | F16: 0.00015
A17: TRUE
A18: TRUE | B18: signinURL | C18: https://www.coinbase.com/signin | D18: https://ftx.us/ | E18: https://exchange.gemini.com/signin | F18: https://www.kraken.com/sign-in
A19: TRUE | B19: userName | C19: GMAIL | D19: GMAIL | E19: GMAIL | F19: mike-crypto
A20: TRUE | B20: passWord | C20: KatieMaggieTom2021 | D20: CarolynIs#1Beauty | E20: Junehas30days | F20: Iamthe#1crypo
