Workbook

Sheet ETF_2026-06-22
A1: my_fi_name | B1: price_screen_bid | C1: price_screen_ask | D1: time | E1: scalar | F1: adj | G1: adj scalar | H1: unit bid | I1: unit ask
A2: ARKB | B2: 21.56 | C2: 21.58 | D2: 2026-06-22_09-17-08 | E2: 3014.9488 | F2: =Sheet1!L3 -> 0 | G2: =E2+F2 -> 3014.9488 | H2: =B2*G2 -> 65002.296 | I2: =C2*G2 -> 65062.595
A3: BITB | B3: 35.29 | C3: 35.33 | D3: 2026-06-22_09-17-08 | E3: 1842.1205 | F3: =Sheet1!L4 -> 0 | G3: =E3+F3 -> 1842.1205 | H3: =B3*G3 -> 65008.432 | I3: =C3*G3 -> 65082.117
A4: BRRR | B4: 18.32 | C4: 18.35 | D4: 2026-06-22_09-17-08 | E4: 3546.5865 | F4: =Sheet1!L5 -> 0 | G4: =E4+F4 -> 3546.5865 | H4: =B4*G4 -> 64973.465 | I4: =C4*G4 -> 65079.862
A5: BTC | B5: 28.75 | C5: 28.8 | D5: 2026-06-22_09-17-08 | E5: 2261.3416 | F5: =Sheet1!L6 -> -0.1 | G5: =E5+F5 -> 2261.2416 | H5: =B5*G5 -> 65010.696 | I5: =C5*G5 -> 65123.758
A6: BTCW | B6: 68.54 | C6: 69.1 | D6: 2026-06-22_09-17-08 | E6: 946.1364 | F6: =Sheet1!L7 -> 0 | G6: =E6+F6 -> 946.1364 | H6: =B6*G6 -> 64848.189 | I6: =C6*G6 -> 65378.025
A7: EZBC | B7: 37.56 | C7: 37.66 | D7: 2026-06-22_09-17-08 | E7: 1730.2278 | F7: =Sheet1!L8 -> 0 | G7: =E7+F7 -> 1730.2278 | H7: =B7*G7 -> 64987.356 | I7: =C7*G7 -> 65160.379
A8: FBTC | B8: 56.59 | C8: 56.62 | D8: 2026-06-22_09-17-08 | E8: 1148.8532 | F8: =Sheet1!L9 -> 0 | G8: =E8+F8 -> 1148.8532 | H8: =B8*G8 -> 65013.603 | I8: =C8*G8 -> 65048.068
A9: GBTC | B9: 50.45 | C9: 50.48 | D9: 2026-06-22_09-17-08 | E9: 1289.0615 | F9: =Sheet1!L10 -> 0.05 | G9: =E9+F9 -> 1289.1115 | H9: =B9*G9 -> 65035.675 | I9: =C9*G9 -> 65074.349
A10: HODL | B10: 18.38 | C10: 18.41 | D10: 2026-06-22_09-17-08 | E10: 3535.8029 | F10: =Sheet1!L11 -> 0 | G10: =E10+F10 -> 3535.8029 | H10: =B10*G10 -> 64988.057 | I10: =C10*G10 -> 65094.131
A11: IBIT | B11: 36.84 | C11: 36.85 | D11: 2026-06-22_09-17-08 | E11: 1765.0593 | F11: =Sheet1!L12 -> 0 | G11: =E11+F11 -> 1765.0593 | H11: =B11*G11 -> 65024.785 | I11: =C11*G11 -> 65042.435
A12: ARKB | B12: 21.56 | C12: 21.57 | D12: 2026-06-22_09-32-08 | E12: =E2 -> 3014.9488 | F12: =F2 -> 0 | G12: =E12+F12 -> 3014.9488 | H12: =B12*G12 -> 65002.296 | I12: =C12*G12 -> 65032.446
A13: BITB | B13: 35.29 | C13: 35.3 | D13: 2026-06-22_09-32-08 | E13: =E3 -> 1842.1205 | F13: =F3 -> 0 | G13: =E13+F13 -> 1842.1205 | H13: =B13*G13 -> 65008.432 | I13: =C13*G13 -> 65026.854
A14: BRRR | B14: 18.33 | C14: 18.34 | D14: 2026-06-22_09-32-08 | E14: =E4 -> 3546.5865 | F14: =F4 -> 0 | G14: =E14+F14 -> 3546.5865 | H14: =B14*G14 -> 65008.931 | I14: =C14*G14 -> 65044.396
A15: BTC | B15: 28.76 | C15: 28.76 | D15: 2026-06-22_09-32-08 | E15: =E5 -> 2261.3416 | F15: =F5 -> -0.1 | G15: =E15+F15 -> 2261.2416 | H15: =B15*G15 -> 65033.308 | I15: =C15*G15 -> 65033.308
A16: BTCW | B16: 68.7 | C16: 68.84 | D16: 2026-06-22_09-32-08 | E16: =E6 -> 946.1364 | F16: =F6 -> 0 | G16: =E16+F16 -> 946.1364 | H16: =B16*G16 -> 64999.571 | I16: =C16*G16 -> 65132.03
A17: EZBC | B17: 37.56 | C17: 37.59 | D17: 2026-06-22_09-32-08 | E17: =E7 -> 1730.2278 | F17: =F7 -> 0 | G17: =E17+F17 -> 1730.2278 | H17: =B17*G17 -> 64987.356 | I17: =C17*G17 -> 65039.263
A18: FBTC | B18: 56.59 | C18: 56.6 | D18: 2026-06-22_09-32-08 | E18: =E8 -> 1148.8532 | F18: =F8 -> 0 | G18: =E18+F18 -> 1148.8532 | H18: =B18*G18 -> 65013.603 | I18: =C18*G18 -> 65025.091
A19: GBTC | B19: 50.44 | C19: 50.45 | D19: 2026-06-22_09-32-08 | E19: =E9 -> 1289.0615 | F19: =F9 -> 0.05 | G19: =E19+F19 -> 1289.1115 | H19: =B19*G19 -> 65022.784 | I19: =C19*G19 -> 65035.675
A20: HODL | B20: 18.38 | C20: 18.39 | D20: 2026-06-22_09-32-08 | E20: =E10 -> 3535.8029 | F20: =F10 -> 0 | G20: =E20+F20 -> 3535.8029 | H20: =B20*G20 -> 64988.057 | I20: =C20*G20 -> 65023.415
A21: IBIT | B21: 36.83 | C21: 36.84 | D21: 2026-06-22_09-32-08 | E21: =E11 -> 1765.0593 | F21: =F11 -> 0 | G21: =E21+F21 -> 1765.0593 | H21: =B21*G21 -> 65007.134 | I21: =C21*G21 -> 65024.785
A22: ARKB | B22: 21.68 | C22: 21.69 | D22: 2026-06-22_09-47-08 | E22: =E12 -> 3014.9488 | F22: =F12 -> 0 | G22: =E22+F22 -> 3014.9488 | H22: =B22*G22 -> 65364.09 | I22: =C22*G22 -> 65394.239
A23: BITB | B23: 35.5 | C23: 35.51 | D23: 2026-06-22_09-47-08 | E23: =E13 -> 1842.1205 | F23: =F13 -> 0 | G23: =E23+F23 -> 1842.1205 | H23: =B23*G23 -> 65395.278 | I23: =C23*G23 -> 65413.699
... A271: IBIT | B271: 36.39 | C271: 36.4 | D271: 2026-06-22_15-47-09 | E271: =E261 -> 1765.0593 | F271: =F261 -> 0 | G271: =E271+F271 -> 1765.0593 | H271: =B271*G271 -> 64230.508 | I271: =C271*G271 -> 64248.159

Sheet Sheet1
A1: Row Labels | B1: Max of unit bid | C1: Min of unit ask | D1: net | E1: bid name | F1: ask name
A2: 2026-06-22_09-17-08 | B2: 65035.675 | C2: 65042.435 | D2: =B2-C2 -> -6.76003 | E2: =_xlfn.XLOOKUP(B2,Table1[unit bid],Table1[my_fi_name]) -> GBTC | F2: =_xlfn.XLOOKUP(C2,Table1[unit ask],Table1[my_fi_name]) -> IBIT | I2: hit bid | J2: lift ask | K2: net | L2: diff | M2: price | N2: $ diff
A3: 2026-06-22_09-32-08 | B3: 65033.308 | C3: 65023.415 | D3: =B3-C3 -> 9.893085 | E3: =_xlfn.XLOOKUP(B3,Table1[unit bid],Table1[my_fi_name]) -> BTC | F3: =_xlfn.XLOOKUP(C3,Table1[unit ask],Table1[my_fi_name]) -> HODL | H3: ARKB | I3: =COUNTIF(E:E,H3) -> 0 | J3: =COUNTIF(F:F,H3) -> 0 | K3: =I3-J3 -> 0 | M3: ='ETF_2026-06-22'!C2 -> 21.58 | N3: =L3*M3 -> 0 | O3: =N3/C3 -> 0
A4: 2026-06-22_09-47-08 | B4: 65396.626 | C4: 65381.236 | D4: =B4-C4 -> 15.390783 | E4: =_xlfn.XLOOKUP(B4,Table1[unit bid],Table1[my_fi_name]) -> GBTC | F4: =_xlfn.XLOOKUP(C4,Table1[unit ask],Table1[my_fi_name]) -> FBTC | H4: BITB | I4: =COUNTIF(E:E,H4) -> 6 | J4: =COUNTIF(F:F,H4) -> 0 | K4: =I4-J4 -> 6 | M4: ='ETF_2026-06-22'!C3 -> 35.33 | N4: =L4*M4 -> 0 | O4: =N4/C4 -> 0
A5: 2026-06-22_10-02-08 | B5: 65383.735 | C5: 65369.747 | D5: =B5-C5 -> 13.9882 | E5: =_xlfn.XLOOKUP(B5,Table1[unit bid],Table1[my_fi_name]) -> GBTC | F5: =_xlfn.XLOOKUP(C5,Table1[unit ask],Table1[my_fi_name]) -> FBTC | H5: BRRR | I5: =COUNTIF(E:E,H5) -> 1 | J5: =COUNTIF(F:F,H5) -> 0 | K5: =I5-J5 -> 1 | M5: ='ETF_2026-06-22'!C4 -> 18.35 | N5: =L5*M5 -> 0 | O5: =N5/C5 -> 0
A6: 2026-06-22_10-17-08 | B6: 65160.414 | C6: 65151.465 | D6: =B6-C6 -> 8.948896 | E6: =_xlfn.XLOOKUP(B6,Table1[unit bid],Table1[my_fi_name]) -> BTCW | F6: =_xlfn.XLOOKUP(C6,Table1[unit ask],Table1[my_fi_name]) -> FBTC | H6: BTC | I6: =COUNTIF(E:E,H6) -> 3 | J6: =COUNTIF(F:F,H6) -> 0 | K6: =I6-J6 -> 3 | L6: -0.1 | M6: ='ETF_2026-06-22'!C5 -> 28.8 | N6: =L6*M6 -> -2.88 | O6: =N6/C6 -> -4.4204685e-05
A7: 2026-06-22_10-32-08 | B7: 64842.642 | C7: 64829.786 | D7: =B7-C7 -> 12.855524 | E7: =_xlfn.XLOOKUP(B7,Table1[unit bid],Table1[my_fi_name]) -> BITB | F7: =_xlfn.XLOOKUP(C7,Table1[unit ask],Table1[my_fi_name]) -> FBTC | H7: BTCW | I7: =COUNTIF(E:E,H7) -> 1 | J7: =COUNTIF(F:F,H7) -> 0 | K7: =I7-J7 -> 1 | M7: ='ETF_2026-06-22'!C6 -> 69.1 | N7: =L7*M7 -> 0 | O7: =N7/C7 -> 0
A8: 2026-06-22_10-47-08 | B8: 64868.091 | C8: 64864.252 | D8: =B8-C8 -> 3.839008 | E8: =_xlfn.XLOOKUP(B8,Table1[unit bid],Table1[my_fi_name]) -> GBTC | F8: =_xlfn.XLOOKUP(C8,Table1[unit ask],Table1[my_fi_name]) -> FBTC | H8: EZBC | I8: =COUNTIF(E:E,H8) -> 0 | J8: =COUNTIF(F:F,H8) -> 0 | K8: =I8-J8 -> 0 | M8: ='ETF_2026-06-22'!C7 -> 37.66 | N8: =L8*M8 -> 0 | O8: =N8/C8 -> 0
A9: 2026-06-22_11-02-08 | B9: 65009.893 | C9: 64990.626 | D9: =B9-C9 -> 19.267421 | E9: =_xlfn.XLOOKUP(B9,Table1[unit bid],Table1[my_fi_name]) -> GBTC | F9: =_xlfn.XLOOKUP(C9,Table1[unit ask],Table1[my_fi_name]) -> FBTC | H9: FBTC | I9: =COUNTIF(E:E,H9) -> 0 | J9: =COUNTIF(F:F,H9) -> 13 | K9: =I9-J9 -> -13 | M9: ='ETF_2026-06-22'!C8 -> 56.62 | N9: =L9*M9 -> 0 | O9: =N9/C9 -> 0
A10: 2026-06-22_11-17-08 | B10: 64971.22 | C10: 64956.16 | D10: =B10-C10 -> 15.059672 | E10: =_xlfn.XLOOKUP(B10,Table1[unit bid],Table1[my_fi_name]) -> GBTC | F10: =_xlfn.XLOOKUP(C10,Table1[unit ask],Table1[my_fi_name]) -> FBTC | H10: GBTC | I10: =COUNTIF(E:E,H10) -> 16 | J10: =COUNTIF(F:F,H10) -> 0 | K10: =I10-J10 -> 16 | L10: 0.05 | M10: ='ETF_2026-06-22'!C9 -> 50.48 | N10: =L10*M10 -> 2.524 | O10: =N10/C10 -> 3.8856977e-05
A11: 2026-06-22_11-32-08 | B11: 64973.465 | C11: 64967.648 | D11: =B11-C11 -> 5.81622 | E11: =_xlfn.XLOOKUP(B11,Table1[unit bid],Table1[my_fi_name]) -> BRRR | F11: =_xlfn.XLOOKUP(C11,Table1[unit ask],Table1[my_fi_name]) -> FBTC | H11: HODL | I11: =COUNTIF(E:E,H11) -> 0 | J11: =COUNTIF(F:F,H11) -> 1 | K11: =I11-J11 -> -1 | M11: ='ETF_2026-06-22'!C10 -> 18.41 | N11: =L11*M11 -> 0 | O11: =N11/C11 -> 0
A12: 2026-06-22_11-47-09 | B12: 64965.471 | C12: 64944.671 | D12: =B12-C12 -> 20.799772 | E12: =_xlfn.XLOOKUP(B12,Table1[unit bid],Table1[my_fi_name]) -> BTC | F12: =_xlfn.XLOOKUP(C12,Table1[unit ask],Table1[my_fi_name]) -> FBTC | H12: IBIT | I12: =COUNTIF(E:E,H12) -> 0 | J12: =COUNTIF(F:F,H12) -> 13 | K12: =I12-J12 -> -13 | M12: ='ETF_2026-06-22'!C11 -> 36.85 | N12: =L12*M12 -> 0 | O12: =N12/C12 -> 0
A13: 2026-06-22_12-02-09 | B13: 64694.122 | C13: 64680.435 | D13: =B13-C13 -> 13.687016 | E13: =_xlfn.XLOOKUP(B13,Table1[unit bid],Table1[my_fi_name]) -> BTC | F13: =_xlfn.XLOOKUP(C13,Table1[unit ask],Table1[my_fi_name]) -> FBTC | I13: =SUM(I3:I12) -> 27 | J13: =SUM(J3:J12) -> 27 | K13: =SUM(K3:K12) -> 0
A14: 2026-06-22_12-17-09 | B14: 64584.745 | C14: 64577.038 | D14: =B14-C14 -> 7.706358 | E14: =_xlfn.XLOOKUP(B14,Table1[unit bid],Table1[my_fi_name]) -> BITB | F14: =_xlfn.XLOOKUP(C14,Table1[unit ask],Table1[my_fi_name]) -> FBTC
A15: 2026-06-22_12-32-09 | B15: 64584.745 | C15: 64583.52 | D15: =B15-C15 -> 1.224943 | E15: =_xlfn.XLOOKUP(B15,Table1[unit bid],Table1[my_fi_name]) -> BITB | F15: =_xlfn.XLOOKUP(C15,Table1[unit ask],Table1[my_fi_name]) -> IBIT
A16: 2026-06-22_12-47-09 | B16: 64494.248 | C16: 64477.616 | D16: =B16-C16 -> 16.632116 | E16: =_xlfn.XLOOKUP(B16,Table1[unit bid],Table1[my_fi_name]) -> GBTC | F16: =_xlfn.XLOOKUP(C16,Table1[unit ask],Table1[my_fi_name]) -> IBIT
A17: 2026-06-22_13-02-09 | B17: 64597.377 | C17: 64577.038 | D17: =B17-C17 -> 20.338893 | E17: =_xlfn.XLOOKUP(B17,Table1[unit bid],Table1[my_fi_name]) -> GBTC | F17: =_xlfn.XLOOKUP(C17,Table1[unit ask],Table1[my_fi_name]) -> FBTC
A18: 2026-06-22_13-17-09 | B18: 64597.377 | C18: 64583.52 | D18: =B18-C18 -> 13.857478 | E18: =_xlfn.XLOOKUP(B18,Table1[unit bid],Table1[my_fi_name]) -> GBTC | F18: =_xlfn.XLOOKUP(C18,Table1[unit ask],Table1[my_fi_name]) -> IBIT
A19: 2026-06-22_13-32-09 | B19: 64345.269 | C19: 64335.779 | D19: =B19-C19 -> 9.489865 | E19: =_xlfn.XLOOKUP(B19,Table1[unit bid],Table1[my_fi_name]) -> BITB | F19: =_xlfn.XLOOKUP(C19,Table1[unit ask],Table1[my_fi_name]) -> FBTC
A20: 2026-06-22_13-47-09 | B20: 64429.793 | C20: 64407.014 | D20: =B20-C20 -> 22.778913 | E20: =_xlfn.XLOOKUP(B20,Table1[unit bid],Table1[my_fi_name]) -> GBTC | F20: =_xlfn.XLOOKUP(C20,Table1[unit ask],Table1[my_fi_name]) -> IBIT
A21: 2026-06-22_14-02-09 | B21: 64545.813 | C21: 64530.568 | D21: =B21-C21 -> 15.244797 | E21: =_xlfn.XLOOKUP(B21,Table1[unit bid],Table1[my_fi_name]) -> GBTC | F21: =_xlfn.XLOOKUP(C21,Table1[unit ask],Table1[my_fi_name]) -> IBIT
A22: 2026-06-22_14-17-09 | B22: 64648.942 | C22: 64618.821 | D22: =B22-C22 -> 30.120752 | E22: =_xlfn.XLOOKUP(B22,Table1[unit bid],Table1[my_fi_name]) -> GBTC | F22: =_xlfn.XLOOKUP(C22,Table1[unit ask],Table1[my_fi_name]) -> IBIT
A23: 2026-06-22_14-32-09 | B23: 64545.813 | C23: 64530.568 | D23: =B23-C23 -> 15.244797 | E23: =_xlfn.XLOOKUP(B23,Table1[unit bid],Table1[my_fi_name]) -> GBTC | F23: =_xlfn.XLOOKUP(C23,Table1[unit ask],Table1[my_fi_name]) -> IBIT
A24: 2026-06-22_14-47-09 | B24: 64326.848 | C24: 64318.761 | D24: =B24-C24 -> 8.086968 | E24: =_xlfn.XLOOKUP(B24,Table1[unit bid],Table1[my_fi_name]) -> BITB | F24: =_xlfn.XLOOKUP(C24,Table1[unit ask],Table1[my_fi_name]) -> IBIT
A25: 2026-06-22_15-02-09 | B25: 64275.099 | C25: 64265.809 | D25: =B25-C25 -> 9.290277 | E25: =_xlfn.XLOOKUP(B25,Table1[unit bid],Table1[my_fi_name]) -> GBTC | F25: =_xlfn.XLOOKUP(C25,Table1[unit ask],Table1[my_fi_name]) -> IBIT
... A28: 2026-06-22_15-47-09 | B28: 64275.099 | C28: 64248.159 | D28: =B28-C28 -> 26.94087 | E28: =_xlfn.XLOOKUP(B28,Table1[unit bid],Table1[my_fi_name]) -> GBTC | F28: =_xlfn.XLOOKUP(C28,Table1[unit ask],Table1[my_fi_name]) -> IBIT
D29: =SUM(D2:D28) -> 363.22921
