Workbook

Sheet ETF_2026-06-16
A1: my_fi_name | B1: price_screen_bid | C1: price_screen_ask | D1: time | E1: scalar | F1: adj | G1: adj scalar | H1: unit bid | I1: unit ask
A2: ARKB | B2: 21.93 | C2: 21.94 | D2: 2026-06-16_09-49-36 | E2: 3014.845 | F2: =Sheet1!L3 -> 0.1 | G2: =E2-F2 -> 3014.745 | H2: =Table1[[#This Row],[price_screen_bid]]*G2 -> 66113.358 | I2: =Table1[[#This Row],[price_screen_ask]]*G2 -> 66143.505
A3: BITB | B3: 35.9 | C3: 35.91 | D3: 2026-06-16_09-49-36 | E3: 1842.0499 | F3: =Sheet1!L4 -> -0.1 | G3: =E3-F3 -> 1842.1499 | H3: =Table1[[#This Row],[price_screen_bid]]*G3 -> 66133.181 | I3: =Table1[[#This Row],[price_screen_ask]]*G3 -> 66151.603
A4: BRRR | B4: 18.65 | C4: 18.66 | D4: 2026-06-16_09-49-36 | E4: 3546.4557 | F4: =Sheet1!L5 -> 0 | G4: =E4-F4 -> 3546.4557 | H4: =Table1[[#This Row],[price_screen_bid]]*G4 -> 66141.399 | I4: =Table1[[#This Row],[price_screen_ask]]*G4 -> 66176.863
A5: BTC | B5: 29.25 | C5: 29.26 | D5: 2026-06-16_09-49-36 | E5: 2261.2858 | F5: =Sheet1!L6 -> 0 | G5: =E5-F5 -> 2261.2858 | H5: =Table1[[#This Row],[price_screen_bid]]*G5 -> 66142.61 | I5: =Table1[[#This Row],[price_screen_ask]]*G5 -> 66165.223
A6: BTCW | B6: 69.83 | C6: 69.95 | D6: 2026-06-16_09-49-36 | E6: 946.0974 | F6: =Sheet1!L7 -> 0 | G6: =E6-F6 -> 946.0974 | H6: =Table1[[#This Row],[price_screen_bid]]*G6 -> 66065.981 | I6: =Table1[[#This Row],[price_screen_ask]]*G6 -> 66179.513
A7: EZBC | B7: 38.21 | C7: 38.23 | D7: 2026-06-16_09-49-36 | E7: 1730.0738 | F7: =Sheet1!L8 -> 0.2 | G7: =E7-F7 -> 1729.8738 | H7: =Table1[[#This Row],[price_screen_bid]]*G7 -> 66098.478 | I7: =Table1[[#This Row],[price_screen_ask]]*G7 -> 66133.075
A8: FBTC | B8: 57.57 | C8: 57.58 | D8: 2026-06-16_09-49-36 | E8: 1148.8058 | F8: =Sheet1!L9 -> -0.05 | G8: =E8-F8 -> 1148.8558 | H8: =Table1[[#This Row],[price_screen_bid]]*G8 -> 66139.628 | I8: =Table1[[#This Row],[price_screen_ask]]*G8 -> 66151.117
A9: GBTC | B9: 51.31 | C9: 51.32 | D9: 2026-06-16_09-49-36 | E9: 1288.7435 | F9: =Sheet1!L10 -> -0.15 | G9: =E9-F9 -> 1288.8935 | H9: =Table1[[#This Row],[price_screen_bid]]*G9 -> 66133.125 | I9: =Table1[[#This Row],[price_screen_ask]]*G9 -> 66146.014
A10: HODL | B10: 18.7 | C10: 18.71 | D10: 2026-06-16_09-49-36 | E10: 3535.8029 | F10: =Sheet1!L11 -> 0 | G10: =E10-F10 -> 3535.8029 | H10: =Table1[[#This Row],[price_screen_bid]]*G10 -> 66119.514 | I10: =Table1[[#This Row],[price_screen_ask]]*G10 -> 66154.872
A11: IBIT | B11: 37.47 | C11: 37.48 | D11: 2026-06-16_09-49-36 | E11: 1764.9867 | F11: =Sheet1!L12 -> 0 | G11: =E11-F11 -> 1764.9867 | H11: =Table1[[#This Row],[price_screen_bid]]*G11 -> 66134.052 | I11: =Table1[[#This Row],[price_screen_ask]]*G11 -> 66151.702
A12: ARKB | B12: 21.94 | C12: 21.95 | D12: 2026-06-16_10-04-32 | E12: 3014.845 | F12: =F2 -> 0.1 | G12: =E12-F12 -> 3014.745 | H12: =Table1[[#This Row],[price_screen_bid]]*G12 -> 66143.505 | I12: =Table1[[#This Row],[price_screen_ask]]*G12 -> 66173.653
A13: BITB | B13: 35.91 | C13: 35.92 | D13: 2026-06-16_10-04-32 | E13: 1842.0499 | F13: =F3 -> -0.1 | G13: =E13-F13 -> 1842.1499 | H13: =Table1[[#This Row],[price_screen_bid]]*G13 -> 66151.603 | I13: =Table1[[#This Row],[price_screen_ask]]*G13 -> 66170.024
A14: BRRR | B14: 18.65 | C14: 18.66 | D14: 2026-06-16_10-04-32 | E14: 3546.4557 | F14: =F4 -> 0 | G14: =E14-F14 -> 3546.4557 | H14: =Table1[[#This Row],[price_screen_bid]]*G14 -> 66141.399 | I14: =Table1[[#This Row],[price_screen_ask]]*G14 -> 66176.863
A15: BTC | B15: 29.25 | C15: 29.26 | D15: 2026-06-16_10-04-32 | E15: 2261.2858 | F15: =F5 -> 0 | G15: =E15-F15 -> 2261.2858 | H15: =Table1[[#This Row],[price_screen_bid]]*G15 -> 66142.61 | I15: =Table1[[#This Row],[price_screen_ask]]*G15 -> 66165.223
A16: BTCW | B16: 69.89 | C16: 69.99 | D16: 2026-06-16_10-04-32 | E16: 946.0974 | F16: =F6 -> 0 | G16: =E16-F16 -> 946.0974 | H16: =Table1[[#This Row],[price_screen_bid]]*G16 -> 66122.747 | I16: =Table1[[#This Row],[price_screen_ask]]*G16 -> 66217.357
A17: EZBC | B17: 38.21 | C17: 38.26 | D17: 2026-06-16_10-04-32 | E17: 1730.0738 | F17: =F7 -> 0.2 | G17: =E17-F17 -> 1729.8738 | H17: =Table1[[#This Row],[price_screen_bid]]*G17 -> 66098.478 | I17: =Table1[[#This Row],[price_screen_ask]]*G17 -> 66184.972
A18: FBTC | B18: 57.59 | C18: 57.6 | D18: 2026-06-16_10-04-32 | E18: 1148.8058 | F18: =F8 -> -0.05 | G18: =E18-F18 -> 1148.8558 | H18: =Table1[[#This Row],[price_screen_bid]]*G18 -> 66162.606 | I18: =Table1[[#This Row],[price_screen_ask]]*G18 -> 66174.094
A19: GBTC | B19: 51.32 | C19: 51.33 | D19: 2026-06-16_10-04-32 | E19: 1288.7435 | F19: =F9 -> -0.15 | G19: =E19-F19 -> 1288.8935 | H19: =Table1[[#This Row],[price_screen_bid]]*G19 -> 66146.014 | I19: =Table1[[#This Row],[price_screen_ask]]*G19 -> 66158.903
A20: HODL | B20: 18.7 | C20: 18.71 | D20: 2026-06-16_10-04-32 | E20: 3535.8029 | F20: =F10 -> 0 | G20: =E20-F20 -> 3535.8029 | H20: =Table1[[#This Row],[price_screen_bid]]*G20 -> 66119.514 | I20: =Table1[[#This Row],[price_screen_ask]]*G20 -> 66154.872
A21: IBIT | B21: 37.48 | C21: 37.49 | D21: 2026-06-16_10-04-32 | E21: 1764.9867 | F21: =F11 -> 0 | G21: =E21-F21 -> 1764.9867 | H21: =Table1[[#This Row],[price_screen_bid]]*G21 -> 66151.702 | I21: =Table1[[#This Row],[price_screen_ask]]*G21 -> 66169.351
A22: ARKB | B22: 21.76 | C22: 21.77 | D22: 2026-06-16_10-26-35 | E22: 3014.845 | F22: =F12 -> 0.1 | G22: =E22-F22 -> 3014.745 | H22: =Table1[[#This Row],[price_screen_bid]]*G22 -> 65600.851 | I22: =Table1[[#This Row],[price_screen_ask]]*G22 -> 65630.999
A23: BITB | B23: 35.63 | C23: 35.64 | D23: 2026-06-16_10-26-35 | E23: 1842.0499 | F23: =F13 -> -0.1 | G23: =E23-F23 -> 1842.1499 | H23: =Table1[[#This Row],[price_screen_bid]]*G23 -> 65635.801 | I23: =Table1[[#This Row],[price_screen_ask]]*G23 -> 65654.222
... A251: IBIT | B251: 37.12 | C251: 37.13 | D251: 2026-06-16_15-57-42 | E251: 1764.9867 | F251: =F241 -> 0 | G251: =E251-F251 -> 1764.9867 | H251: =Table1[[#This Row],[price_screen_bid]]*G251 -> 65516.306 | I251: =Table1[[#This Row],[price_screen_ask]]*G251 -> 65533.956

Sheet Sheet1
A1: Row Labels | B1: Max of unit bid | C1: Min of unit ask | D1: net | E1: bid name | F1: ask name
A2: 2026-06-16_09-49-36 | B2: 66142.61 | C2: 66133.075 | D2: =B2-C2 -> 9.534276 | E2: =_xlfn.XLOOKUP(B2,Table1[unit bid],Table1[my_fi_name]) -> BTC | F2: =_xlfn.XLOOKUP(C2,Table1[unit ask],Table1[my_fi_name]) -> EZBC | I2: hit bid | J2: lift ask | K2: net | L2: diff | M2: price | N2: $ diff
A3: 2026-06-16_10-04-32 | B3: 66162.606 | C3: 66154.872 | D3: =B3-C3 -> 7.733263 | E3: =_xlfn.XLOOKUP(B3,Table1[unit bid],Table1[my_fi_name]) -> FBTC | F3: =_xlfn.XLOOKUP(C3,Table1[unit ask],Table1[my_fi_name]) -> HODL | H3: ARKB | I3: =COUNTIF(E:E,H3) -> 0 | J3: =COUNTIF(F:F,H3) -> 6 | K3: =I3-J3 -> -6 | L3: 0.1 | M3: ='ETF_2026-06-16'!C2 -> 21.94 | N3: =L3*M3 -> 2.194 | O3: =N3/C3 -> 3.3164602e-05
A4: 2026-06-16_10-26-35 | B4: 65644.895 | C4: 65630.999 | D4: =B4-C4 -> 13.896357 | E4: =_xlfn.XLOOKUP(B4,Table1[unit bid],Table1[my_fi_name]) -> BRRR | F4: =_xlfn.XLOOKUP(C4,Table1[unit ask],Table1[my_fi_name]) -> ARKB | H4: BITB | I4: =COUNTIF(E:E,H4) -> 5 | J4: =COUNTIF(F:F,H4) -> 0 | K4: =I4-J4 -> 5 | L4: -0.1 | M4: ='ETF_2026-06-16'!C3 -> 35.91 | N4: =L4*M4 -> -3.591 | O4: =N4/C4 -> -5.4714999e-05
A5: 2026-06-16_11-08-41 | B5: 65758.191 | C5: 65745.755 | D5: =B5-C5 -> 12.436489 | E5: =_xlfn.XLOOKUP(B5,Table1[unit bid],Table1[my_fi_name]) -> BTC | F5: =_xlfn.XLOOKUP(C5,Table1[unit ask],Table1[my_fi_name]) -> IBIT | H5: BRRR | I5: =COUNTIF(E:E,H5) -> 4 | J5: =COUNTIF(F:F,H5) -> 1 | K5: =I5-J5 -> 3 | L5: 0 | M5: ='ETF_2026-06-16'!C4 -> 18.66 | N5: =L5*M5 -> 0 | O5: =N5/C5 -> 0
A6: 2026-06-16_11-22-27 | B6: 65690.352 | C6: 65682.013 | D6: =B6-C6 -> 8.33973 | E6: =_xlfn.XLOOKUP(B6,Table1[unit bid],Table1[my_fi_name]) -> BTC | F6: =_xlfn.XLOOKUP(C6,Table1[unit ask],Table1[my_fi_name]) -> GBTC | H6: BTC | I6: =COUNTIF(E:E,H6) -> 12 | J6: =COUNTIF(F:F,H6) -> 0 | K6: =I6-J6 -> 12 | L6: 0 | M6: ='ETF_2026-06-16'!C5 -> 29.26 | N6: =L6*M6 -> 0 | O6: =N6/C6 -> 0
A7: 2026-06-16_11-36-13 | B7: 65916.481 | C7: 65914.014 | D7: =B7-C7 -> 2.46748 | E7: =_xlfn.XLOOKUP(B7,Table1[unit bid],Table1[my_fi_name]) -> BTC | F7: =_xlfn.XLOOKUP(C7,Table1[unit ask],Table1[my_fi_name]) -> GBTC | H7: BTCW | I7: =COUNTIF(E:E,H7) -> 1 | J7: =COUNTIF(F:F,H7) -> 0 | K7: =I7-J7 -> 1 | L7: 0 | M7: ='ETF_2026-06-16'!C6 -> 69.95 | N7: =L7*M7 -> 0 | O7: =N7/C7 -> 0
A8: 2026-06-16_11-49-59 | B8: 65764.751 | C8: 65759.346 | D8: =B8-C8 -> 5.40506 | E8: =_xlfn.XLOOKUP(B8,Table1[unit bid],Table1[my_fi_name]) -> BITB | F8: =_xlfn.XLOOKUP(C8,Table1[unit ask],Table1[my_fi_name]) -> GBTC | H8: EZBC | I8: =COUNTIF(E:E,H8) -> 0 | J8: =COUNTIF(F:F,H8) -> 3 | K8: =I8-J8 -> -3 | L8: 0.2 | M8: ='ETF_2026-06-16'!C7 -> 38.23 | N8: =L8*M8 -> 7.646 | O8: =N8/C8 -> 0.00011627245
A9: 2026-06-16_12-03-46 | B9: 65875.392 | C9: 65872.008 | D9: =B9-C9 -> 3.383545 | E9: =_xlfn.XLOOKUP(B9,Table1[unit bid],Table1[my_fi_name]) -> FBTC | F9: =_xlfn.XLOOKUP(C9,Table1[unit ask],Table1[my_fi_name]) -> HODL | H9: FBTC | I9: =COUNTIF(E:E,H9) -> 3 | J9: =COUNTIF(F:F,H9) -> 0 | K9: =I9-J9 -> 3 | L9: -0.05 | M9: ='ETF_2026-06-16'!C8 -> 57.58 | N9: =L9*M9 -> -2.879 | O9: =N9/C9 -> -4.370597e-05
A10: 2026-06-16_12-17-32 | B10: 65691.065 | C10: 65682.013 | D10: =B10-C10 -> 9.052674 | E10: =_xlfn.XLOOKUP(B10,Table1[unit bid],Table1[my_fi_name]) -> BITB | F10: =_xlfn.XLOOKUP(C10,Table1[unit ask],Table1[my_fi_name]) -> GBTC | H10: GBTC | I10: =COUNTIF(E:E,H10) -> 0 | J10: =COUNTIF(F:F,H10) -> 9 | K10: =I10-J10 -> -9 | L10: -0.15 | M10: ='ETF_2026-06-16'!C9 -> 51.32 | N10: =L10*M10 -> -7.698 | O10: =N10/C10 -> -0.00011720104
A11: 2026-06-16_12-31-18 | B11: 65690.352 | C11: 65680.36 | D11: =B11-C11 -> 9.992926 | E11: =_xlfn.XLOOKUP(B11,Table1[unit bid],Table1[my_fi_name]) -> BTC | F11: =_xlfn.XLOOKUP(C11,Table1[unit ask],Table1[my_fi_name]) -> BRRR | H11: HODL | I11: =COUNTIF(E:E,H11) -> 0 | J11: =COUNTIF(F:F,H11) -> 2 | K11: =I11-J11 -> -2 | L11: 0 | M11: ='ETF_2026-06-16'!C10 -> 18.71 | N11: =L11*M11 -> 0 | O11: =N11/C11 -> 0
A12: 2026-06-16_12-45-03 | B12: 65764.751 | C12: 65763.404 | D12: =B12-C12 -> 1.346988 | E12: =_xlfn.XLOOKUP(B12,Table1[unit bid],Table1[my_fi_name]) -> BITB | F12: =_xlfn.XLOOKUP(C12,Table1[unit ask],Table1[my_fi_name]) -> IBIT | H12: IBIT | I12: =COUNTIF(E:E,H12) -> 0 | J12: =COUNTIF(F:F,H12) -> 4 | K12: =I12-J12 -> -4 | L12: 0 | M12: ='ETF_2026-06-16'!C11 -> 37.48 | N12: =L12*M12 -> 0 | O12: =N12/C12 -> 0
A13: 2026-06-16_12-58-49 | B13: 65715.925 | C13: 65720.68 | D13: =B13-C13 -> -4.754161 | E13: =_xlfn.XLOOKUP(B13,Table1[unit bid],Table1[my_fi_name]) -> BTCW | F13: =_xlfn.XLOOKUP(C13,Table1[unit ask],Table1[my_fi_name]) -> GBTC | I13: =SUM(I3:I12) -> 25 | J13: =SUM(J3:J12) -> 25 | K13: =SUM(K3:K12) -> 0
A14: 2026-06-16_13-12-33 | B14: 65758.191 | C14: 65745.755 | D14: =B14-C14 -> 12.436489 | E14: =_xlfn.XLOOKUP(B14,Table1[unit bid],Table1[my_fi_name]) -> BTC | F14: =_xlfn.XLOOKUP(C14,Table1[unit ask],Table1[my_fi_name]) -> IBIT
A15: 2026-06-16_13-26-18 | B15: 65712.965 | C15: 65707.791 | D15: =B15-C15 -> 5.174718 | E15: =_xlfn.XLOOKUP(B15,Table1[unit bid],Table1[my_fi_name]) -> BTC | F15: =_xlfn.XLOOKUP(C15,Table1[unit ask],Table1[my_fi_name]) -> GBTC
A16: 2026-06-16_13-40-03 | B16: 65672.644 | C16: 65661.146 | D16: =B16-C16 -> 11.497835 | E16: =_xlfn.XLOOKUP(B16,Table1[unit bid],Table1[my_fi_name]) -> BITB | F16: =_xlfn.XLOOKUP(C16,Table1[unit ask],Table1[my_fi_name]) -> ARKB
A17: 2026-06-16_13-53-55 | B17: 65928.611 | C17: 65925.491 | D17: =B17-C17 -> 3.120945 | E17: =_xlfn.XLOOKUP(B17,Table1[unit bid],Table1[my_fi_name]) -> BRRR | F17: =_xlfn.XLOOKUP(C17,Table1[unit ask],Table1[my_fi_name]) -> EZBC
A18: 2026-06-16_14-07-39 | B18: 66035.005 | C18: 66029.283 | D18: =B18-C18 -> 5.722188 | E18: =_xlfn.XLOOKUP(B18,Table1[unit bid],Table1[my_fi_name]) -> BRRR | F18: =_xlfn.XLOOKUP(C18,Table1[unit ask],Table1[my_fi_name]) -> EZBC
A19: 2026-06-16_14-21-25 | B19: 65944.323 | C19: 65932.473 | D19: =B19-C19 -> 11.84977 | E19: =_xlfn.XLOOKUP(B19,Table1[unit bid],Table1[my_fi_name]) -> FBTC | F19: =_xlfn.XLOOKUP(C19,Table1[unit ask],Table1[my_fi_name]) -> ARKB
A20: 2026-06-16_14-35-10 | B20: 65848.642 | C20: 65842.031 | D20: =B20-C20 -> 6.611696 | E20: =_xlfn.XLOOKUP(B20,Table1[unit bid],Table1[my_fi_name]) -> BTC | F20: =_xlfn.XLOOKUP(C20,Table1[unit ask],Table1[my_fi_name]) -> ARKB
A21: 2026-06-16_14-48-56 | B21: 65848.642 | C21: 65834.004 | D21: =B21-C21 -> 14.638586 | E21: =_xlfn.XLOOKUP(B21,Table1[unit bid],Table1[my_fi_name]) -> BTC | F21: =_xlfn.XLOOKUP(C21,Table1[unit ask],Table1[my_fi_name]) -> IBIT
A22: 2026-06-16_15-02-43 | B22: 65645.127 | C22: 65630.457 | D22: =B22-C22 -> 14.669754 | E22: =_xlfn.XLOOKUP(B22,Table1[unit bid],Table1[my_fi_name]) -> BTC | F22: =_xlfn.XLOOKUP(C22,Table1[unit ask],Table1[my_fi_name]) -> GBTC
A23: 2026-06-16_15-16-28 | B23: 65532.062 | C23: 65510.409 | D23: =B23-C23 -> 21.653634 | E23: =_xlfn.XLOOKUP(B23,Table1[unit bid],Table1[my_fi_name]) -> BTC | F23: =_xlfn.XLOOKUP(C23,Table1[unit ask],Table1[my_fi_name]) -> ARKB
A24: 2026-06-16_15-30-13 | B24: 65645.127 | C24: 65643.346 | D24: =B24-C24 -> 1.780819 | E24: =_xlfn.XLOOKUP(B24,Table1[unit bid],Table1[my_fi_name]) -> BTC | F24: =_xlfn.XLOOKUP(C24,Table1[unit ask],Table1[my_fi_name]) -> GBTC
A25: 2026-06-16_15-43-58 | B25: 65580.536 | C25: 65570.704 | D25: =B25-C25 -> 9.83269 | E25: =_xlfn.XLOOKUP(B25,Table1[unit bid],Table1[my_fi_name]) -> BITB | F25: =_xlfn.XLOOKUP(C25,Table1[unit ask],Table1[my_fi_name]) -> ARKB
A26: 2026-06-16_15-57-42 | B26: 65538.501 | C26: 65527.346 | D26: =B26-C26 -> 11.155796 | E26: =_xlfn.XLOOKUP(B26,Table1[unit bid],Table1[my_fi_name]) -> BRRR | F26: =_xlfn.XLOOKUP(C26,Table1[unit ask],Table1[my_fi_name]) -> GBTC
D27: =SUM(D2:D26) -> 208.97955
