Workbook

Sheet ETF_2026-06-15
A1: my_fi_name | B1: price_screen_bid | C1: price_screen_ask | D1: time | E1: scalar | F1: adj | G1: adj scalar | H1: unit bid | I1: unit ask
A2: ARKB | B2: 22.28 | C2: 22.29 | D2: 2026-06-15_12-35-12 | E2: 3014.8277 | F2: =Sheet1!L3 -> 0.1 | G2: =E2-F2 -> 3014.7277 | H2: =Table1[[#This Row],[price_screen_bid]]*G2 -> 67168.133 | I2: =Table1[[#This Row],[price_screen_ask]]*G2 -> 67198.28
A3: BITB | B3: 36.47 | C3: 36.48 | D3: 2026-06-15_12-35-12 | E3: 1842.0398 | F3: =Sheet1!L4 -> -0.1 | G3: =E3-F3 -> 1842.1398 | H3: =Table1[[#This Row],[price_screen_bid]]*G3 -> 67182.839 | I3: =Table1[[#This Row],[price_screen_ask]]*G3 -> 67201.26
A4: BRRR | B4: 18.94 | C4: 18.95 | D4: 2026-06-15_12-35-12 | E4: 3546.4314 | F4: =Sheet1!L5 -> 0 | G4: =E4-F4 -> 3546.4314 | H4: =Table1[[#This Row],[price_screen_bid]]*G4 -> 67169.411 | I4: =Table1[[#This Row],[price_screen_ask]]*G4 -> 67204.875
A5: BTC | B5: 29.71 | C5: 29.72 | D5: 2026-06-15_12-35-12 | E5: 2261.2765 | F5: =Sheet1!L6 -> -0.2 | G5: =E5-F5 -> 2261.4765 | H5: =Table1[[#This Row],[price_screen_bid]]*G5 -> 67188.467 | I5: =Table1[[#This Row],[price_screen_ask]]*G5 -> 67211.082
A6: BTCW | B6: 70.95 | C6: 71.07 | D6: 2026-06-15_12-35-12 | E6: 946.0909 | F6: =Sheet1!L7 -> 0 | G6: =E6-F6 -> 946.0909 | H6: =Table1[[#This Row],[price_screen_bid]]*G6 -> 67125.149 | I6: =Table1[[#This Row],[price_screen_ask]]*G6 -> 67238.68
A7: EZBC | B7: 38.81 | C7: 38.84 | D7: 2026-06-15_12-35-12 | E7: 1730.0648 | F7: =Sheet1!L8 -> 0.2 | G7: =E7-F7 -> 1729.8648 | H7: =Table1[[#This Row],[price_screen_bid]]*G7 -> 67136.053 | I7: =Table1[[#This Row],[price_screen_ask]]*G7 -> 67187.949
A8: FBTC | B8: 58.47 | C8: 58.48 | D8: 2026-06-15_12-35-12 | E8: 1148.7979 | F8: =Sheet1!L9 -> -0.05 | G8: =E8-F8 -> 1148.8479 | H8: =Table1[[#This Row],[price_screen_bid]]*G8 -> 67173.137 | I8: =Table1[[#This Row],[price_screen_ask]]*G8 -> 67184.625
A9: GBTC | B9: 52.12 | C9: 52.13 | D9: 2026-06-15_12-35-12 | E9: 1288.6905 | F9: =Sheet1!L10 -> 0.05 | G9: =E9-F9 -> 1288.6405 | H9: =Table1[[#This Row],[price_screen_bid]]*G9 -> 67163.943 | I9: =Table1[[#This Row],[price_screen_ask]]*G9 -> 67176.829
A10: HODL | B10: 18.99 | C10: 19 | D10: 2026-06-15_12-35-12 | E10: 3535.8029 | F10: =Sheet1!L11 -> 0 | G10: =E10-F10 -> 3535.8029 | H10: =Table1[[#This Row],[price_screen_bid]]*G10 -> 67144.897 | I10: =Table1[[#This Row],[price_screen_ask]]*G10 -> 67180.255
A11: IBIT | B11: 38.06 | C11: 38.07 | D11: 2026-06-15_12-35-12 | E11: 1764.9746 | F11: =Sheet1!L12 -> 0 | G11: =E11-F11 -> 1764.9746 | H11: =Table1[[#This Row],[price_screen_bid]]*G11 -> 67174.933 | I11: =Table1[[#This Row],[price_screen_ask]]*G11 -> 67192.583
A12: ARKB | B12: 22.25 | C12: 22.26 | D12: 2026-06-15_12-50-12 | E12: 3014.8277 | F12: =F2 -> 0.1 | G12: =E12-F12 -> 3014.7277 | H12: =Table1[[#This Row],[price_screen_bid]]*G12 -> 67077.691 | I12: =Table1[[#This Row],[price_screen_ask]]*G12 -> 67107.839
A13: BITB | B13: 36.41 | C13: 36.42 | D13: 2026-06-15_12-50-12 | E13: 1842.0398 | F13: =F3 -> -0.1 | G13: =E13-F13 -> 1842.1398 | H13: =Table1[[#This Row],[price_screen_bid]]*G13 -> 67072.31 | I13: =Table1[[#This Row],[price_screen_ask]]*G13 -> 67090.732
A14: BRRR | B14: 18.91 | C14: 18.92 | D14: 2026-06-15_12-50-12 | E14: 3546.4314 | F14: =F4 -> 0 | G14: =E14-F14 -> 3546.4314 | H14: =Table1[[#This Row],[price_screen_bid]]*G14 -> 67063.018 | I14: =Table1[[#This Row],[price_screen_ask]]*G14 -> 67098.482
A15: BTC | B15: 29.67 | C15: 29.68 | D15: 2026-06-15_12-50-12 | E15: 2261.2765 | F15: =F5 -> -0.2 | G15: =E15-F15 -> 2261.4765 | H15: =Table1[[#This Row],[price_screen_bid]]*G15 -> 67098.008 | I15: =Table1[[#This Row],[price_screen_ask]]*G15 -> 67120.623
A16: BTCW | B16: 70.84 | C16: 70.96 | D16: 2026-06-15_12-50-12 | E16: 946.0909 | F16: =F6 -> 0 | G16: =E16-F16 -> 946.0909 | H16: =Table1[[#This Row],[price_screen_bid]]*G16 -> 67021.079 | I16: =Table1[[#This Row],[price_screen_ask]]*G16 -> 67134.61
A17: EZBC | B17: 38.75 | C17: 38.78 | D17: 2026-06-15_12-50-12 | E17: 1730.0648 | F17: =F7 -> 0.2 | G17: =E17-F17 -> 1729.8648 | H17: =Table1[[#This Row],[price_screen_bid]]*G17 -> 67032.261 | I17: =Table1[[#This Row],[price_screen_ask]]*G17 -> 67084.157
A18: FBTC | B18: 58.39 | C18: 58.4 | D18: 2026-06-15_12-50-12 | E18: 1148.7979 | F18: =F8 -> -0.05 | G18: =E18-F18 -> 1148.8479 | H18: =Table1[[#This Row],[price_screen_bid]]*G18 -> 67081.229 | I18: =Table1[[#This Row],[price_screen_ask]]*G18 -> 67092.717
A19: GBTC | B19: 52.05 | C19: 52.06 | D19: 2026-06-15_12-50-12 | E19: 1288.6905 | F19: =F9 -> 0.05 | G19: =E19-F19 -> 1288.6405 | H19: =Table1[[#This Row],[price_screen_bid]]*G19 -> 67073.738 | I19: =Table1[[#This Row],[price_screen_ask]]*G19 -> 67086.624
A20: HODL | B20: 18.97 | C20: 18.98 | D20: 2026-06-15_12-50-12 | E20: 3535.8029 | F20: =F10 -> 0 | G20: =E20-F20 -> 3535.8029 | H20: =Table1[[#This Row],[price_screen_bid]]*G20 -> 67074.181 | I20: =Table1[[#This Row],[price_screen_ask]]*G20 -> 67109.539
A21: IBIT | B21: 38 | C21: 38.01 | D21: 2026-06-15_12-50-12 | E21: 1764.9746 | F21: =F11 -> 0 | G21: =E21-F21 -> 1764.9746 | H21: =Table1[[#This Row],[price_screen_bid]]*G21 -> 67069.035 | I21: =Table1[[#This Row],[price_screen_ask]]*G21 -> 67086.685
A22: ARKB | B22: 22.17 | C22: 22.18 | D22: 2026-06-15_13-05-12 | E22: 3014.8277 | F22: =F12 -> 0.1 | G22: =E22-F22 -> 3014.7277 | H22: =Table1[[#This Row],[price_screen_bid]]*G22 -> 66836.513 | I22: =Table1[[#This Row],[price_screen_ask]]*G22 -> 66866.66
A23: BITB | B23: 36.29 | C23: 36.3 | D23: 2026-06-15_13-05-12 | E23: 1842.0398 | F23: =F13 -> -0.1 | G23: =E23-F23 -> 1842.1398 | H23: =Table1[[#This Row],[price_screen_bid]]*G23 -> 66851.253 | I23: =Table1[[#This Row],[price_screen_ask]]*G23 -> 66869.675
... A141: IBIT | B141: 37.71 | C141: 37.72 | D141: 2026-06-15_15-50-13 | E141: 1764.9746 | F141: =F131 -> 0 | G141: =E141-F141 -> 1764.9746 | H141: =Table1[[#This Row],[price_screen_bid]]*G141 -> 66557.192 | I141: =Table1[[#This Row],[price_screen_ask]]*G141 -> 66574.842

Sheet Sheet1
A1: Row Labels | B1: Max of unit bid | C1: Min of unit ask | D1: net | E1: bid name | F1: ask name
A2: 2026-06-15_12-35-12 | B2: 67188.467 | C2: 67176.829 | D2: =B2-C2 -> 11.63755 | E2: =_xlfn.XLOOKUP(B2,Table1[unit bid],Table1[my_fi_name]) -> BTC | F2: =_xlfn.XLOOKUP(C2,Table1[unit ask],Table1[my_fi_name]) -> GBTC | I2: hit bid | J2: lift ask | K2: net | L2: diff | M2: price | N2: $ diff
A3: 2026-06-15_12-50-12 | B3: 67098.008 | C3: 67084.157 | D3: =B3-C3 -> 13.850811 | E3: =_xlfn.XLOOKUP(B3,Table1[unit bid],Table1[my_fi_name]) -> BTC | F3: =_xlfn.XLOOKUP(C3,Table1[unit ask],Table1[my_fi_name]) -> EZBC | H3: ARKB | I3: =COUNTIF(E:E,H3) -> 0 | J3: =COUNTIF(F:F,H3) -> 0 | K3: =I3-J3 -> 0 | L3: 0.1 | M3: ='ETF_2026-06-15'!C2 -> 22.29 | N3: =L3*M3 -> 2.229 | O3: =N3/C3 -> 3.3226921e-05
A4: 2026-06-15_13-05-12 | B4: 66871.86 | C4: 66854.669 | D4: =B4-C4 -> 17.190965 | E4: =_xlfn.XLOOKUP(B4,Table1[unit bid],Table1[my_fi_name]) -> BTC | F4: =_xlfn.XLOOKUP(C4,Table1[unit ask],Table1[my_fi_name]) -> GBTC | H4: BITB | I4: =COUNTIF(E:E,H4) -> 1 | J4: =COUNTIF(F:F,H4) -> 0 | K4: =I4-J4 -> 1 | L4: -0.1 | M4: ='ETF_2026-06-15'!C3 -> 36.48 | N4: =L4*M4 -> -3.648 | O4: =N4/C4 -> -5.4566122e-05
A5: 2026-06-15_13-20-12 | B5: 66826.631 | C5: 66816.01 | D5: =B5-C5 -> 10.62065 | E5: =_xlfn.XLOOKUP(B5,Table1[unit bid],Table1[my_fi_name]) -> BTC | F5: =_xlfn.XLOOKUP(C5,Table1[unit ask],Table1[my_fi_name]) -> GBTC | H5: BRRR | I5: =COUNTIF(E:E,H5) -> 3 | J5: =COUNTIF(F:F,H5) -> 0 | K5: =I5-J5 -> 3 | L5: 0 | M5: ='ETF_2026-06-15'!C4 -> 18.95 | N5: =L5*M5 -> 0 | O5: =N5/C5 -> 0
A6: 2026-06-15_13-35-12 | B6: 66743.839 | C6: 66725.086 | D6: =B6-C6 -> 18.752916 | E6: =_xlfn.XLOOKUP(B6,Table1[unit bid],Table1[my_fi_name]) -> BRRR | F6: =_xlfn.XLOOKUP(C6,Table1[unit ask],Table1[my_fi_name]) -> FBTC | H6: BTC | I6: =COUNTIF(E:E,H6) -> 10 | J6: =COUNTIF(F:F,H6) -> 0 | K6: =I6-J6 -> 10 | L6: -0.2 | M6: ='ETF_2026-06-15'!C5 -> 29.72 | N6: =L6*M6 -> -5.944 | O6: =N6/C6 -> -8.9081938e-05
A7: 2026-06-15_13-50-12 | B7: 66885.696 | C7: 66867.556 | D7: =B7-C7 -> 18.140659 | E7: =_xlfn.XLOOKUP(B7,Table1[unit bid],Table1[my_fi_name]) -> BRRR | F7: =_xlfn.XLOOKUP(C7,Table1[unit ask],Table1[my_fi_name]) -> GBTC | H7: BTCW | I7: =COUNTIF(E:E,H7) -> 0 | J7: =COUNTIF(F:F,H7) -> 0 | K7: =I7-J7 -> 0 | L7: 0 | M7: ='ETF_2026-06-15'!C6 -> 71.07 | N7: =L7*M7 -> 0 | O7: =N7/C7 -> 0
A8: 2026-06-15_14-05-12 | B8: 66759.146 | C8: 66751.578 | D8: =B8-C8 -> 7.568452 | E8: =_xlfn.XLOOKUP(B8,Table1[unit bid],Table1[my_fi_name]) -> BITB | F8: =_xlfn.XLOOKUP(C8,Table1[unit ask],Table1[my_fi_name]) -> GBTC | H8: EZBC | I8: =COUNTIF(E:E,H8) -> 0 | J8: =COUNTIF(F:F,H8) -> 1 | K8: =I8-J8 -> -1 | L8: 0.2 | M8: ='ETF_2026-06-15'!C7 -> 38.84 | N8: =L8*M8 -> 7.768 | O8: =N8/C8 -> 0.00011637178
A9: 2026-06-15_14-20-12 | B9: 66804.016 | C9: 66790.237 | D9: =B9-C9 -> 13.778695 | E9: =_xlfn.XLOOKUP(B9,Table1[unit bid],Table1[my_fi_name]) -> BTC | F9: =_xlfn.XLOOKUP(C9,Table1[unit ask],Table1[my_fi_name]) -> GBTC | H9: FBTC | I9: =COUNTIF(E:E,H9) -> 0 | J9: =COUNTIF(F:F,H9) -> 1 | K9: =I9-J9 -> -1 | L9: -0.05 | M9: ='ETF_2026-06-15'!C8 -> 58.48 | N9: =L9*M9 -> -2.924 | O9: =N9/C9 -> -4.3778853e-05
A10: 2026-06-15_14-35-12 | B10: 66804.016 | C10: 66777.351 | D10: =B10-C10 -> 26.6651 | E10: =_xlfn.XLOOKUP(B10,Table1[unit bid],Table1[my_fi_name]) -> BTC | F10: =_xlfn.XLOOKUP(C10,Table1[unit ask],Table1[my_fi_name]) -> GBTC | H10: GBTC | I10: =COUNTIF(E:E,H10) -> 0 | J10: =COUNTIF(F:F,H10) -> 12 | K10: =I10-J10 -> -12 | L10: 0.05 | M10: ='ETF_2026-06-15'!C9 -> 52.13 | N10: =L10*M10 -> 2.6065 | O10: =N10/C10 -> 3.9032696e-05
A11: 2026-06-15_14-50-12 | B11: 66885.696 | C11: 66867.556 | D11: =B11-C11 -> 18.140659 | E11: =_xlfn.XLOOKUP(B11,Table1[unit bid],Table1[my_fi_name]) -> BRRR | F11: =_xlfn.XLOOKUP(C11,Table1[unit ask],Table1[my_fi_name]) -> GBTC | H11: HODL | I11: =COUNTIF(E:E,H11) -> 0 | J11: =COUNTIF(F:F,H11) -> 0 | K11: =I11-J11 -> 0 | L11: 0 | M11: ='ETF_2026-06-15'!C10 -> 19 | N11: =L11*M11 -> 0 | O11: =N11/C11 -> 0
A12: 2026-06-15_15-05-12 | B12: 66804.016 | C12: 66803.124 | D12: =B12-C12 -> 0.89229 | E12: =_xlfn.XLOOKUP(B12,Table1[unit bid],Table1[my_fi_name]) -> BTC | F12: =_xlfn.XLOOKUP(C12,Table1[unit ask],Table1[my_fi_name]) -> GBTC | H12: IBIT | I12: =COUNTIF(E:E,H12) -> 0 | J12: =COUNTIF(F:F,H12) -> 0 | K12: =I12-J12 -> 0 | L12: 0 | M12: ='ETF_2026-06-15'!C11 -> 38.07 | N12: =L12*M12 -> 0 | O12: =N12/C12 -> 0
A13: 2026-06-15_15-20-12 | B13: 66487.409 | C13: 66468.077 | D13: =B13-C13 -> 19.33211 | E13: =_xlfn.XLOOKUP(B13,Table1[unit bid],Table1[my_fi_name]) -> BTC | F13: =_xlfn.XLOOKUP(C13,Table1[unit ask],Table1[my_fi_name]) -> GBTC | I13: =SUM(I3:I12) -> 14 | J13: =SUM(J3:J12) -> 14 | K13: =SUM(K3:K12) -> 0
A14: 2026-06-15_15-35-12 | B14: 66645.712 | C14: 66635.6 | D14: =B14-C14 -> 10.1122 | E14: =_xlfn.XLOOKUP(B14,Table1[unit bid],Table1[my_fi_name]) -> BTC | F14: =_xlfn.XLOOKUP(C14,Table1[unit ask],Table1[my_fi_name]) -> GBTC
A15: 2026-06-15_15-50-13 | B15: 66577.868 | C15: 66558.282 | D15: =B15-C15 -> 19.586335 | E15: =_xlfn.XLOOKUP(B15,Table1[unit bid],Table1[my_fi_name]) -> BTC | F15: =_xlfn.XLOOKUP(C15,Table1[unit ask],Table1[my_fi_name]) -> GBTC
D16: =SUM(D2:D15) -> 206.26939
