Workbook

Sheet ETF_2026-06-18
A1: my_fi_name | B1: price_screen_bid | C1: price_screen_ask | D1: time | E1: scalar | F1: adj | G1: adj scalar | H1: unit bid | I1: unit ask
A2: ARKB | B2: 21.34 | C2: 21.35 | D2: 2026-06-18_09-21-25 | E2: 3014.9315 | F2: =Sheet1!L3 -> 0 | G2: =E2+F2 -> 3014.9315 | H2: =B2*G2 -> 64338.638 | I2: =C2*G2 -> 64368.788
A3: BITB | B3: 34.92 | C3: 34.94 | D3: 2026-06-18_09-21-25 | E3: 1842.1104 | F3: =Sheet1!L4 -> 0 | G3: =E3+F3 -> 1842.1104 | H3: =B3*G3 -> 64326.495 | I3: =C3*G3 -> 64363.337
A4: BRRR | B4: 18.14 | C4: 18.15 | D4: 2026-06-18_09-21-25 | E4: 3546.5622 | F4: =Sheet1!L5 -> 0 | G4: =E4+F4 -> 3546.5622 | H4: =B4*G4 -> 64334.638 | I4: =C4*G4 -> 64370.104
A5: BTC | B5: 28.45 | C5: 28.47 | D5: 2026-06-18_09-21-25 | E5: 2261.3323 | F5: =Sheet1!L6 -> -0.1 | G5: =E5+F5 -> 2261.2323 | H5: =B5*G5 -> 64332.059 | I5: =C5*G5 -> 64377.284
A6: BTCW | B6: 67.66 | C6: 68.36 | D6: 2026-06-18_09-21-25 | E6: 946.1299 | F6: =Sheet1!L7 -> 0 | G6: =E6+F6 -> 946.1299 | H6: =B6*G6 -> 64015.149 | I6: =C6*G6 -> 64677.44
A7: EZBC | B7: 37.17 | C7: 37.2 | D7: 2026-06-18_09-21-25 | E7: 1730.2188 | F7: =Sheet1!L8 -> 0 | G7: =E7+F7 -> 1730.2188 | H7: =B7*G7 -> 64312.233 | I7: =C7*G7 -> 64364.139
A8: FBTC | B8: 55.98 | C8: 56.02 | D8: 2026-06-18_09-21-25 | E8: 1148.8453 | F8: =Sheet1!L9 -> 0 | G8: =E8+F8 -> 1148.8453 | H8: =B8*G8 -> 64312.36 | I8: =C8*G8 -> 64358.314
A9: GBTC | B9: 49.9 | C9: 49.93 | D9: 2026-06-18_09-21-25 | E9: 1289.0085 | F9: =Sheet1!L10 -> 0.05 | G9: =E9+F9 -> 1289.0585 | H9: =B9*G9 -> 64324.019 | I9: =C9*G9 -> 64362.691
A10: HODL | B10: 18.19 | C10: 18.2 | D10: 2026-06-18_09-21-25 | E10: 3535.8029 | F10: =Sheet1!L11 -> 0 | G10: =E10+F10 -> 3535.8029 | H10: =B10*G10 -> 64316.255 | I10: =C10*G10 -> 64351.613
A11: IBIT | B11: 36.44 | C11: 36.44 | D11: 2026-06-18_09-21-25 | E11: 1765.0472 | F11: =Sheet1!L12 -> 0 | G11: =E11+F11 -> 1765.0472 | H11: =B11*G11 -> 64318.32 | I11: =C11*G11 -> 64318.32
A12: ARKB | B12: 21.22 | C12: 21.23 | D12: 2026-06-18_09-36-25 | E12: =E2 -> 3014.9315 | F12: =F2 -> 0 | G12: =E12+F12 -> 3014.9315 | H12: =B12*G12 -> 63976.846 | I12: =C12*G12 -> 64006.996
A13: BITB | B13: 34.73 | C13: 34.74 | D13: 2026-06-18_09-36-25 | E13: =E3 -> 1842.1104 | F13: =F3 -> 0 | G13: =E13+F13 -> 1842.1104 | H13: =B13*G13 -> 63976.494 | I13: =C13*G13 -> 63994.915
A14: BRRR | B14: 18.04 | C14: 18.05 | D14: 2026-06-18_09-36-25 | E14: =E4 -> 3546.5622 | F14: =F4 -> 0 | G14: =E14+F14 -> 3546.5622 | H14: =B14*G14 -> 63979.982 | I14: =C14*G14 -> 64015.448
A15: BTC | B15: 28.29 | C15: 28.3 | D15: 2026-06-18_09-36-25 | E15: =E5 -> 2261.3323 | F15: =F5 -> -0.1 | G15: =E15+F15 -> 2261.2323 | H15: =B15*G15 -> 63970.262 | I15: =C15*G15 -> 63992.874
A16: BTCW | B16: 67.61 | C16: 67.68 | D16: 2026-06-18_09-36-25 | E16: =E6 -> 946.1299 | F16: =F6 -> 0 | G16: =E16+F16 -> 946.1299 | H16: =B16*G16 -> 63967.843 | I16: =C16*G16 -> 64034.072
A17: EZBC | B17: 36.98 | C17: 36.99 | D17: 2026-06-18_09-36-25 | E17: =E7 -> 1730.2188 | F17: =F7 -> 0 | G17: =E17+F17 -> 1730.2188 | H17: =B17*G17 -> 63983.491 | I17: =C17*G17 -> 64000.793
A18: FBTC | B18: 55.69 | C18: 55.71 | D18: 2026-06-18_09-36-25 | E18: =E8 -> 1148.8453 | F18: =F8 -> 0 | G18: =E18+F18 -> 1148.8453 | H18: =B18*G18 -> 63979.195 | I18: =C18*G18 -> 64002.172
A19: GBTC | B19: 49.65 | C19: 49.66 | D19: 2026-06-18_09-36-25 | E19: =E9 -> 1289.0085 | F19: =F9 -> 0.05 | G19: =E19+F19 -> 1289.0585 | H19: =B19*G19 -> 64001.755 | I19: =C19*G19 -> 64014.645
A20: HODL | B20: 18.09 | C20: 18.1 | D20: 2026-06-18_09-36-25 | E20: =E10 -> 3535.8029 | F20: =F10 -> 0 | G20: =E20+F20 -> 3535.8029 | H20: =B20*G20 -> 63962.674 | I20: =C20*G20 -> 63998.032
A21: IBIT | B21: 36.24 | C21: 36.25 | D21: 2026-06-18_09-36-25 | E21: =E11 -> 1765.0472 | F21: =F11 -> 0 | G21: =E21+F21 -> 1765.0472 | H21: =B21*G21 -> 63965.311 | I21: =C21*G21 -> 63982.961
A22: ARKB | B22: 21.24 | C22: 21.25 | D22: 2026-06-18_09-51-25 | E22: =E12 -> 3014.9315 | F22: =F12 -> 0 | G22: =E22+F22 -> 3014.9315 | H22: =B22*G22 -> 64037.145 | I22: =C22*G22 -> 64067.294
A23: BITB | B23: 34.77 | C23: 34.78 | D23: 2026-06-18_09-51-25 | E23: =E13 -> 1842.1104 | F23: =F13 -> 0 | G23: =E23+F23 -> 1842.1104 | H23: =B23*G23 -> 64050.179 | I23: =C23*G23 -> 64068.6
... A271: IBIT | B271: 35.62 | C271: 35.63 | D271: 2026-06-18_15-51-25 | E271: =E261 -> 1765.0472 | F271: =F261 -> 0 | G271: =E271+F271 -> 1765.0472 | H271: =B271*G271 -> 62870.981 | I271: =C271*G271 -> 62888.632

Sheet Sheet1
A1: Row Labels | B1: Max of unit bid | C1: Min of unit ask | D1: net | E1: bid name | F1: ask name
A2: 2026-06-18_09-21-25 | B2: 64338.638 | C2: 64318.32 | D2: =B2-C2 -> 20.318242 | E2: =_xlfn.XLOOKUP(B2,Table1[unit bid],Table1[my_fi_name]) -> ARKB | F2: =_xlfn.XLOOKUP(C2,Table1[unit ask],Table1[my_fi_name]) -> IBIT | I2: hit bid | J2: lift ask | K2: net | L2: diff | M2: price | N2: $ diff
A3: 2026-06-18_09-36-25 | B3: 64001.755 | C3: 63982.961 | D3: =B3-C3 -> 18.793525 | E3: =_xlfn.XLOOKUP(B3,Table1[unit bid],Table1[my_fi_name]) -> GBTC | F3: =_xlfn.XLOOKUP(C3,Table1[unit ask],Table1[my_fi_name]) -> IBIT | H3: ARKB | I3: =COUNTIF(E:E,H3) -> 1 | J3: =COUNTIF(F:F,H3) -> 0 | K3: =I3-J3 -> 1 | M3: ='ETF_2026-06-18'!C2 -> 21.35 | N3: =L3*M3 -> 0 | O3: =N3/C3 -> 0
A4: 2026-06-18_09-51-25 | B4: 64066.207 | C4: 64035.912 | D4: =B4-C4 -> 30.295034 | E4: =_xlfn.XLOOKUP(B4,Table1[unit bid],Table1[my_fi_name]) -> GBTC | F4: =_xlfn.XLOOKUP(C4,Table1[unit ask],Table1[my_fi_name]) -> IBIT | H4: BITB | I4: =COUNTIF(E:E,H4) -> 4 | J4: =COUNTIF(F:F,H4) -> 0 | K4: =I4-J4 -> 4 | M4: ='ETF_2026-06-18'!C3 -> 34.94 | N4: =L4*M4 -> 0 | O4: =N4/C4 -> 0
A5: 2026-06-18_10-06-25 | B5: 63885.739 | C5: 63859.408 | D5: =B5-C5 -> 26.331564 | E5: =_xlfn.XLOOKUP(B5,Table1[unit bid],Table1[my_fi_name]) -> GBTC | F5: =_xlfn.XLOOKUP(C5,Table1[unit ask],Table1[my_fi_name]) -> IBIT | H5: BRRR | I5: =COUNTIF(E:E,H5) -> 0 | J5: =COUNTIF(F:F,H5) -> 6 | K5: =I5-J5 -> -6 | M5: ='ETF_2026-06-18'!C4 -> 18.15 | N5: =L5*M5 -> 0 | O5: =N5/C5 -> 0
A6: 2026-06-18_10-21-25 | B6: 63925.037 | C6: 63912.359 | D6: =B6-C6 -> 12.678009 | E6: =_xlfn.XLOOKUP(B6,Table1[unit bid],Table1[my_fi_name]) -> BTC | F6: =_xlfn.XLOOKUP(C6,Table1[unit ask],Table1[my_fi_name]) -> IBIT | H6: BTC | I6: =COUNTIF(E:E,H6) -> 3 | J6: =COUNTIF(F:F,H6) -> 0 | K6: =I6-J6 -> 3 | L6: -0.1 | M6: ='ETF_2026-06-18'!C5 -> 28.47 | N6: =L6*M6 -> -2.847 | O6: =N6/C6 -> -4.4545375e-05
A7: 2026-06-18_10-36-25 | B7: 63810.704 | C7: 63785.884 | D7: =B7-C7 -> 24.81994 | E7: =_xlfn.XLOOKUP(B7,Table1[unit bid],Table1[my_fi_name]) -> BITB | F7: =_xlfn.XLOOKUP(C7,Table1[unit ask],Table1[my_fi_name]) -> HODL | H7: BTCW | I7: =COUNTIF(E:E,H7) -> 0 | J7: =COUNTIF(F:F,H7) -> 0 | K7: =I7-J7 -> 0 | M7: ='ETF_2026-06-18'!C6 -> 68.36 | N7: =L7*M7 -> 0 | O7: =N7/C7 -> 0
A8: 2026-06-18_10-51-25 | B8: 63773.862 | C8: 63760.914 | D8: =B8-C8 -> 12.947898 | E8: =_xlfn.XLOOKUP(B8,Table1[unit bid],Table1[my_fi_name]) -> BITB | F8: =_xlfn.XLOOKUP(C8,Table1[unit ask],Table1[my_fi_name]) -> FBTC | H8: EZBC | I8: =COUNTIF(E:E,H8) -> 0 | J8: =COUNTIF(F:F,H8) -> 0 | K8: =I8-J8 -> 0 | M8: ='ETF_2026-06-18'!C7 -> 37.2 | N8: =L8*M8 -> 0 | O8: =N8/C8 -> 0
A9: 2026-06-18_11-06-25 | B9: 63576.365 | C9: 63554.122 | D9: =B9-C9 -> 22.243224 | E9: =_xlfn.XLOOKUP(B9,Table1[unit bid],Table1[my_fi_name]) -> GBTC | F9: =_xlfn.XLOOKUP(C9,Table1[unit ask],Table1[my_fi_name]) -> FBTC | H9: FBTC | I9: =COUNTIF(E:E,H9) -> 0 | J9: =COUNTIF(F:F,H9) -> 7 | K9: =I9-J9 -> -7 | M9: ='ETF_2026-06-18'!C8 -> 56.02 | N9: =L9*M9 -> 0 | O9: =N9/C9 -> 0
A10: 2026-06-18_11-21-25 | B10: 63318.554 | C10: 63294.593 | D10: =B10-C10 -> 23.960928 | E10: =_xlfn.XLOOKUP(B10,Table1[unit bid],Table1[my_fi_name]) -> GBTC | F10: =_xlfn.XLOOKUP(C10,Table1[unit ask],Table1[my_fi_name]) -> IBIT | H10: GBTC | I10: =COUNTIF(E:E,H10) -> 17 | J10: =COUNTIF(F:F,H10) -> 0 | K10: =I10-J10 -> 17 | L10: 0.05 | M10: ='ETF_2026-06-18'!C9 -> 49.93 | N10: =L10*M10 -> 2.4965 | O10: =N10/C10 -> 3.9442548e-05
A11: 2026-06-18_11-36-25 | B11: 63099.414 | C11: 63082.787 | D11: =B11-C11 -> 16.626647 | E11: =_xlfn.XLOOKUP(B11,Table1[unit bid],Table1[my_fi_name]) -> GBTC | F11: =_xlfn.XLOOKUP(C11,Table1[unit ask],Table1[my_fi_name]) -> IBIT | H11: HODL | I11: =COUNTIF(E:E,H11) -> 2 | J11: =COUNTIF(F:F,H11) -> 2 | K11: =I11-J11 -> 0 | M11: ='ETF_2026-06-18'!C10 -> 18.2 | N11: =L11*M11 -> 0 | O11: =N11/C11 -> 0
A12: 2026-06-18_11-51-25 | B12: 62558.009 | C12: 62525.892 | D12: =B12-C12 -> 32.117419 | E12: =_xlfn.XLOOKUP(B12,Table1[unit bid],Table1[my_fi_name]) -> GBTC | F12: =_xlfn.XLOOKUP(C12,Table1[unit ask],Table1[my_fi_name]) -> BRRR | H12: IBIT | I12: =COUNTIF(E:E,H12) -> 0 | J12: =COUNTIF(F:F,H12) -> 12 | K12: =I12-J12 -> -12 | M12: ='ETF_2026-06-18'!C11 -> 36.44 | N12: =L12*M12 -> 0 | O12: =N12/C12 -> 0
A13: 2026-06-18_12-06-25 | B13: 62570.9 | C13: 62561.357 | D13: =B13-C13 -> 9.542382 | E13: =_xlfn.XLOOKUP(B13,Table1[unit bid],Table1[my_fi_name]) -> GBTC | F13: =_xlfn.XLOOKUP(C13,Table1[unit ask],Table1[my_fi_name]) -> BRRR | I13: =SUM(I3:I12) -> 27 | J13: =SUM(J3:J12) -> 27 | K13: =SUM(K3:K12) -> 0
A14: 2026-06-18_12-21-25 | B14: 62622.462 | C14: 62612.069 | D14: =B14-C14 -> 10.39308 | E14: =_xlfn.XLOOKUP(B14,Table1[unit bid],Table1[my_fi_name]) -> GBTC | F14: =_xlfn.XLOOKUP(C14,Table1[unit ask],Table1[my_fi_name]) -> FBTC
A15: 2026-06-18_12-36-25 | B15: 62558.069 | C15: 62553.273 | D15: =B15-C15 -> 4.796416 | E15: =_xlfn.XLOOKUP(B15,Table1[unit bid],Table1[my_fi_name]) -> BITB | F15: =_xlfn.XLOOKUP(C15,Table1[unit ask],Table1[my_fi_name]) -> IBIT
A16: 2026-06-18_12-51-25 | B16: 62596.681 | C16: 62577.603 | D16: =B16-C16 -> 19.077269 | E16: =_xlfn.XLOOKUP(B16,Table1[unit bid],Table1[my_fi_name]) -> GBTC | F16: =_xlfn.XLOOKUP(C16,Table1[unit ask],Table1[my_fi_name]) -> FBTC
A17: 2026-06-18_13-06-25 | B17: 62506.447 | C17: 62490.426 | D17: =B17-C17 -> 16.020701 | E17: =_xlfn.XLOOKUP(B17,Table1[unit bid],Table1[my_fi_name]) -> GBTC | F17: =_xlfn.XLOOKUP(C17,Table1[unit ask],Table1[my_fi_name]) -> BRRR
A18: 2026-06-18_13-21-25 | B18: 62523.073 | C18: 62517.972 | D18: =B18-C18 -> 5.101271 | E18: =_xlfn.XLOOKUP(B18,Table1[unit bid],Table1[my_fi_name]) -> BTC | F18: =_xlfn.XLOOKUP(C18,Table1[unit ask],Table1[my_fi_name]) -> IBIT
A19: 2026-06-18_13-36-25 | B19: 62596.681 | C19: 62588.574 | D19: =B19-C19 -> 8.107048 | E19: =_xlfn.XLOOKUP(B19,Table1[unit bid],Table1[my_fi_name]) -> GBTC | F19: =_xlfn.XLOOKUP(C19,Table1[unit ask],Table1[my_fi_name]) -> IBIT
A20: 2026-06-18_13-51-25 | B20: 62622.462 | C20: 62596.823 | D20: =B20-C20 -> 25.6391 | E20: =_xlfn.XLOOKUP(B20,Table1[unit bid],Table1[my_fi_name]) -> GBTC | F20: =_xlfn.XLOOKUP(C20,Table1[unit ask],Table1[my_fi_name]) -> BRRR
A21: 2026-06-18_14-06-25 | B21: 62622.462 | C21: 62596.823 | D21: =B21-C21 -> 25.6391 | E21: =_xlfn.XLOOKUP(B21,Table1[unit bid],Table1[my_fi_name]) -> GBTC | F21: =_xlfn.XLOOKUP(C21,Table1[unit ask],Table1[my_fi_name]) -> BRRR
A22: 2026-06-18_14-21-25 | B22: 62828.711 | C22: 62809.617 | D22: =B22-C22 -> 19.094728 | E22: =_xlfn.XLOOKUP(B22,Table1[unit bid],Table1[my_fi_name]) -> GBTC | F22: =_xlfn.XLOOKUP(C22,Table1[unit ask],Table1[my_fi_name]) -> BRRR
A23: 2026-06-18_14-36-25 | B23: 62726.584 | C23: 62725.143 | D23: =B23-C23 -> 1.440556 | E23: =_xlfn.XLOOKUP(B23,Table1[unit bid],Table1[my_fi_name]) -> BTC | F23: =_xlfn.XLOOKUP(C23,Table1[unit ask],Table1[my_fi_name]) -> HODL
A24: 2026-06-18_14-51-25 | B24: 62751.368 | C24: 62738.442 | D24: =B24-C24 -> 12.925947 | E24: =_xlfn.XLOOKUP(B24,Table1[unit bid],Table1[my_fi_name]) -> GBTC | F24: =_xlfn.XLOOKUP(C24,Table1[unit ask],Table1[my_fi_name]) -> FBTC
A25: 2026-06-18_15-06-25 | B25: 62596.681 | C25: 62588.574 | D25: =B25-C25 -> 8.107048 | E25: =_xlfn.XLOOKUP(B25,Table1[unit bid],Table1[my_fi_name]) -> GBTC | F25: =_xlfn.XLOOKUP(C25,Table1[unit ask],Table1[my_fi_name]) -> IBIT
... A28: 2026-06-18_15-51-25 | B28: 62901.934 | C28: 62876.303 | D28: =B28-C28 -> 25.630322 | E28: =_xlfn.XLOOKUP(B28,Table1[unit bid],Table1[my_fi_name]) -> HODL | F28: =_xlfn.XLOOKUP(C28,Table1[unit ask],Table1[my_fi_name]) -> FBTC
D29: =SUM(D2:D28) -> 456.29406
