Workbook

Sheet ETF_2026-06-11
A1: my_fi_name | B1: price_mkt_bid | C1: price_mkt_ask | D1: time | E1: scalar | F1: adj | G1: adj scalar | H1: unit bid | I1: unit ask
A2: ARKB | B2: 20.76 | C2: 20.77 | D2: 2026-06-11_09-32-32 | E2: 3014.7585 | F2: =Sheet1!L3 -> -0.1 | G2: =Table1[[#This Row],[scalar]]-Table1[[#This Row],[adj]] -> 3014.8585 | H2: =Table1[[#This Row],[price_mkt_bid]]*Table1[[#This Row],[adj scalar]] -> 62588.462 | I2: =Table1[[#This Row],[price_mkt_ask]]*Table1[[#This Row],[adj scalar]] -> 62618.611
A3: BITB | B3: 33.98 | C3: 33.99 | D3: 2026-06-11_09-32-32 | E3: =1841.9994-0.2393 -> 1841.7601 | F3: =Sheet1!L4 -> 0.1 | G3: =Table1[[#This Row],[scalar]]-Table1[[#This Row],[adj]] -> 1841.6601 | H3: =Table1[[#This Row],[price_mkt_bid]]*Table1[[#This Row],[adj scalar]] -> 62579.61 | I3: =Table1[[#This Row],[price_mkt_ask]]*Table1[[#This Row],[adj scalar]] -> 62598.027
A4: BRRR | B4: 17.65 | C4: 17.66 | D4: 2026-06-11_09-32-32 | E4: 3546.3342 | F4: =Sheet1!L5 -> 0 | G4: =Table1[[#This Row],[scalar]]-Table1[[#This Row],[adj]] -> 3546.3342 | H4: =Table1[[#This Row],[price_mkt_bid]]*Table1[[#This Row],[adj scalar]] -> 62592.799 | I4: =Table1[[#This Row],[price_mkt_ask]]*Table1[[#This Row],[adj scalar]] -> 62628.262
A5: BTC | B5: 27.69 | C5: 27.7 | D5: 2026-06-11_09-32-32 | E5: =2261.2393-0.03 -> 2261.2093 | F5: =Sheet1!L6 -> 0.2 | G5: =Table1[[#This Row],[scalar]]-Table1[[#This Row],[adj]] -> 2261.0093 | H5: =Table1[[#This Row],[price_mkt_bid]]*Table1[[#This Row],[adj scalar]] -> 62607.348 | I5: =Table1[[#This Row],[price_mkt_ask]]*Table1[[#This Row],[adj scalar]] -> 62629.958
A6: BTCW | B6: 66.15 | C6: 66.26 | D6: 2026-06-11_09-32-32 | E6: 946.0649 | F6: =Sheet1!L7 -> 0 | G6: =Table1[[#This Row],[scalar]]-Table1[[#This Row],[adj]] -> 946.0649 | H6: =Table1[[#This Row],[price_mkt_bid]]*Table1[[#This Row],[adj scalar]] -> 62582.193 | I6: =Table1[[#This Row],[price_mkt_ask]]*Table1[[#This Row],[adj scalar]] -> 62686.26
A7: EZBC | B7: 36.17 | C7: 36.18 | D7: 2026-06-11_09-32-32 | E7: 1730.0288 | F7: =Sheet1!L8 -> -0.2 | G7: =Table1[[#This Row],[scalar]]-Table1[[#This Row],[adj]] -> 1730.2288 | H7: =Table1[[#This Row],[price_mkt_bid]]*Table1[[#This Row],[adj scalar]] -> 62582.376 | I7: =Table1[[#This Row],[price_mkt_ask]]*Table1[[#This Row],[adj scalar]] -> 62599.678
A8: FBTC | B8: 54.48 | C8: 54.49 | D8: 2026-06-11_09-32-32 | E8: 1148.7663 | F8: =Sheet1!L9 -> 0.05 | G8: =Table1[[#This Row],[scalar]]-Table1[[#This Row],[adj]] -> 1148.7163 | H8: =Table1[[#This Row],[price_mkt_bid]]*Table1[[#This Row],[adj scalar]] -> 62582.064 | I8: =Table1[[#This Row],[price_mkt_ask]]*Table1[[#This Row],[adj scalar]] -> 62593.551
A9: GBTC | B9: 48.57 | C9: 48.59 | D9: 2026-06-11_09-32-32 | E9: 1288.4785 | F9: =Sheet1!L10 -> -0.05 | G9: =Table1[[#This Row],[scalar]]-Table1[[#This Row],[adj]] -> 1288.5285 | H9: =Table1[[#This Row],[price_mkt_bid]]*Table1[[#This Row],[adj scalar]] -> 62583.829 | I9: =Table1[[#This Row],[price_mkt_ask]]*Table1[[#This Row],[adj scalar]] -> 62609.6
A10: HODL | B10: 17.7 | C10: 17.71 | D10: 2026-06-11_09-32-32 | E10: 3535.8029 | F10: =Sheet1!L11 -> 0 | G10: =Table1[[#This Row],[scalar]]-Table1[[#This Row],[adj]] -> 3535.8029 | H10: =Table1[[#This Row],[price_mkt_bid]]*Table1[[#This Row],[adj scalar]] -> 62583.711 | I10: =Table1[[#This Row],[price_mkt_ask]]*Table1[[#This Row],[adj scalar]] -> 62619.069
A11: IBIT | B11: 35.45 | C11: 35.46 | D11: 2026-06-11_09-32-32 | E11: 1764.9262 | F11: =Sheet1!L12 -> 0 | G11: =Table1[[#This Row],[scalar]]-Table1[[#This Row],[adj]] -> 1764.9262 | H11: =Table1[[#This Row],[price_mkt_bid]]*Table1[[#This Row],[adj scalar]] -> 62566.634 | I11: =Table1[[#This Row],[price_mkt_ask]]*Table1[[#This Row],[adj scalar]] -> 62584.283
A12: ARKB | B12: 20.88 | C12: 20.89 | D12: 2026-06-11_09-47-32 | E12: 3014.7585 | F12: =F2 -> -0.1 | G12: =Table1[[#This Row],[scalar]]-Table1[[#This Row],[adj]] -> 3014.8585 | H12: =Table1[[#This Row],[price_mkt_bid]]*Table1[[#This Row],[adj scalar]] -> 62950.245 | I12: =Table1[[#This Row],[price_mkt_ask]]*Table1[[#This Row],[adj scalar]] -> 62980.394
A13: BITB | B13: 34.19 | C13: 34.2 | D13: 2026-06-11_09-47-32 | E13: =1841.9994-0.2393 -> 1841.7601 | F13: =F3 -> 0.1 | G13: =Table1[[#This Row],[scalar]]-Table1[[#This Row],[adj]] -> 1841.6601 | H13: =Table1[[#This Row],[price_mkt_bid]]*Table1[[#This Row],[adj scalar]] -> 62966.359 | I13: =Table1[[#This Row],[price_mkt_ask]]*Table1[[#This Row],[adj scalar]] -> 62984.775
A14: BRRR | B14: 17.76 | C14: 17.77 | D14: 2026-06-11_09-47-32 | E14: 3546.3342 | F14: =F4 -> 0 | G14: =Table1[[#This Row],[scalar]]-Table1[[#This Row],[adj]] -> 3546.3342 | H14: =Table1[[#This Row],[price_mkt_bid]]*Table1[[#This Row],[adj scalar]] -> 62982.895 | I14: =Table1[[#This Row],[price_mkt_ask]]*Table1[[#This Row],[adj scalar]] -> 63018.359
A15: BTC | B15: 27.85 | C15: 27.86 | D15: 2026-06-11_09-47-32 | E15: =2261.2393-0.03 -> 2261.2093 | F15: =F5 -> 0.2 | G15: =Table1[[#This Row],[scalar]]-Table1[[#This Row],[adj]] -> 2261.0093 | H15: =Table1[[#This Row],[price_mkt_bid]]*Table1[[#This Row],[adj scalar]] -> 62969.109 | I15: =Table1[[#This Row],[price_mkt_ask]]*Table1[[#This Row],[adj scalar]] -> 62991.719
A16: BTCW | B16: 66.53 | C16: 66.64 | D16: 2026-06-11_09-47-32 | E16: 946.0649 | F16: =F6 -> 0 | G16: =Table1[[#This Row],[scalar]]-Table1[[#This Row],[adj]] -> 946.0649 | H16: =Table1[[#This Row],[price_mkt_bid]]*Table1[[#This Row],[adj scalar]] -> 62941.698 | I16: =Table1[[#This Row],[price_mkt_ask]]*Table1[[#This Row],[adj scalar]] -> 63045.765
A17: EZBC | B17: 36.39 | C17: 36.41 | D17: 2026-06-11_09-47-32 | E17: 1730.0288 | F17: =F7 -> -0.2 | G17: =Table1[[#This Row],[scalar]]-Table1[[#This Row],[adj]] -> 1730.2288 | H17: =Table1[[#This Row],[price_mkt_bid]]*Table1[[#This Row],[adj scalar]] -> 62963.026 | I17: =Table1[[#This Row],[price_mkt_ask]]*Table1[[#This Row],[adj scalar]] -> 62997.631
A18: FBTC | B18: 54.82 | C18: 54.83 | D18: 2026-06-11_09-47-32 | E18: 1148.7663 | F18: =F8 -> 0.05 | G18: =Table1[[#This Row],[scalar]]-Table1[[#This Row],[adj]] -> 1148.7163 | H18: =Table1[[#This Row],[price_mkt_bid]]*Table1[[#This Row],[adj scalar]] -> 62972.628 | I18: =Table1[[#This Row],[price_mkt_ask]]*Table1[[#This Row],[adj scalar]] -> 62984.115
A19: GBTC | B19: 48.87 | C19: 48.88 | D19: 2026-06-11_09-47-32 | E19: 1288.4785 | F19: =F9 -> -0.05 | G19: =Table1[[#This Row],[scalar]]-Table1[[#This Row],[adj]] -> 1288.5285 | H19: =Table1[[#This Row],[price_mkt_bid]]*Table1[[#This Row],[adj scalar]] -> 62970.388 | I19: =Table1[[#This Row],[price_mkt_ask]]*Table1[[#This Row],[adj scalar]] -> 62983.273
A20: HODL | B20: 17.81 | C20: 17.82 | D20: 2026-06-11_09-47-32 | E20: 3535.8029 | F20: =F10 -> 0 | G20: =Table1[[#This Row],[scalar]]-Table1[[#This Row],[adj]] -> 3535.8029 | H20: =Table1[[#This Row],[price_mkt_bid]]*Table1[[#This Row],[adj scalar]] -> 62972.65 | I20: =Table1[[#This Row],[price_mkt_ask]]*Table1[[#This Row],[adj scalar]] -> 63008.008
A21: IBIT | B21: 35.68 | C21: 35.69 | D21: 2026-06-11_09-47-32 | E21: 1764.9262 | F21: =F11 -> 0 | G21: =Table1[[#This Row],[scalar]]-Table1[[#This Row],[adj]] -> 1764.9262 | H21: =Table1[[#This Row],[price_mkt_bid]]*Table1[[#This Row],[adj scalar]] -> 62972.567 | I21: =Table1[[#This Row],[price_mkt_ask]]*Table1[[#This Row],[adj scalar]] -> 62990.216
A22: ARKB | B22: 20.87 | C22: 20.88 | D22: 2026-06-11_10-25-57 | E22: 3014.7585 | F22: =F12 -> -0.1 | G22: =Table1[[#This Row],[scalar]]-Table1[[#This Row],[adj]] -> 3014.8585 | H22: =Table1[[#This Row],[price_mkt_bid]]*Table1[[#This Row],[adj scalar]] -> 62920.097 | I22: =Table1[[#This Row],[price_mkt_ask]]*Table1[[#This Row],[adj scalar]] -> 62950.245
A23: BITB | B23: 34.16 | C23: 34.17 | D23: 2026-06-11_10-25-57 | E23: =1841.9994-0.2393 -> 1841.7601 | F23: =F13 -> 0.1 | G23: =Table1[[#This Row],[scalar]]-Table1[[#This Row],[adj]] -> 1841.6601 | H23: =Table1[[#This Row],[price_mkt_bid]]*Table1[[#This Row],[adj scalar]] -> 62911.109 | I23: =Table1[[#This Row],[price_mkt_ask]]*Table1[[#This Row],[adj scalar]] -> 62929.526
A24: BRRR | B24: 17.74 | C24: 17.75 | D24: 2026-06-11_10-25-57 | E24: 3546.3342 | F24: =F14 -> 0 | G24: =Table1[[#This Row],[scalar]]-Table1[[#This Row],[adj]] -> 3546.3342 | H24: =Table1[[#This Row],[price_mkt_bid]]*Table1[[#This Row],[adj scalar]] -> 62911.969 | I24: =Table1[[#This Row],[price_mkt_ask]]*Table1[[#This Row],[adj scalar]] -> 62947.432
A25: BTC | B25: 27.83 | C25: 27.84 | D25: 2026-06-11_10-25-57 | E25: =2261.2393-0.03 -> 2261.2093 | F25: =F15 -> 0.2 | G25: =Table1[[#This Row],[scalar]]-Table1[[#This Row],[adj]] -> 2261.0093 | H25: =Table1[[#This Row],[price_mkt_bid]]*Table1[[#This Row],[adj scalar]] -> 62923.889 | I25: =Table1[[#This Row],[price_mkt_ask]]*Table1[[#This Row],[adj scalar]] -> 62946.499
A26: BTCW | B26: 66.51 | C26: 66.66 | D26: 2026-06-11_10-25-57 | E26: 946.0649 | F26: =F16 -> 0 | G26: =Table1[[#This Row],[scalar]]-Table1[[#This Row],[adj]] -> 946.0649 | H26: =Table1[[#This Row],[price_mkt_bid]]*Table1[[#This Row],[adj scalar]] -> 62922.776 | I26: =Table1[[#This Row],[price_mkt_ask]]*Table1[[#This Row],[adj scalar]] -> 63064.686
A27: EZBC | B27: 36.36 | C27: 36.38 | D27: 2026-06-11_10-25-57 | E27: 1730.0288 | F27: =F17 -> -0.2 | G27: =Table1[[#This Row],[scalar]]-Table1[[#This Row],[adj]] -> 1730.2288 | H27: =Table1[[#This Row],[price_mkt_bid]]*Table1[[#This Row],[adj scalar]] -> 62911.119 | I27: =Table1[[#This Row],[price_mkt_ask]]*Table1[[#This Row],[adj scalar]] -> 62945.724
A28: FBTC | B28: 54.77 | C28: 54.78 | D28: 2026-06-11_10-25-57 | E28: 1148.7663 | F28: =F18 -> 0.05 | G28: =Table1[[#This Row],[scalar]]-Table1[[#This Row],[adj]] -> 1148.7163 | H28: =Table1[[#This Row],[price_mkt_bid]]*Table1[[#This Row],[adj scalar]] -> 62915.192 | I28: =Table1[[#This Row],[price_mkt_ask]]*Table1[[#This Row],[adj scalar]] -> 62926.679
A29: GBTC | B29: 48.83 | C29: 48.84 | D29: 2026-06-11_10-25-57 | E29: 1288.4785 | F29: =F19 -> -0.05 | G29: =Table1[[#This Row],[scalar]]-Table1[[#This Row],[adj]] -> 1288.5285 | H29: =Table1[[#This Row],[price_mkt_bid]]*Table1[[#This Row],[adj scalar]] -> 62918.847 | I29: =Table1[[#This Row],[price_mkt_ask]]*Table1[[#This Row],[adj scalar]] -> 62931.732
A30: HODL | B30: 17.79 | C30: 17.8 | D30: 2026-06-11_10-25-57 | E30: 3535.8029 | F30: =F20 -> 0 | G30: =Table1[[#This Row],[scalar]]-Table1[[#This Row],[adj]] -> 3535.8029 | H30: =Table1[[#This Row],[price_mkt_bid]]*Table1[[#This Row],[adj scalar]] -> 62901.934 | I30: =Table1[[#This Row],[price_mkt_ask]]*Table1[[#This Row],[adj scalar]] -> 62937.292
A31: IBIT | B31: 35.65 | C31: 35.66 | D31: 2026-06-11_10-25-57 | E31: 1764.9262 | F31: =F21 -> 0 | G31: =Table1[[#This Row],[scalar]]-Table1[[#This Row],[adj]] -> 1764.9262 | H31: =Table1[[#This Row],[price_mkt_bid]]*Table1[[#This Row],[adj scalar]] -> 62919.619 | I31: =Table1[[#This Row],[price_mkt_ask]]*Table1[[#This Row],[adj scalar]] -> 62937.268
A32: ARKB | B32: 20.84 | C32: 20.85 | D32: 2026-06-11_10-40-57 | E32: 3014.7585 | F32: =F22 -> -0.1 | G32: =Table1[[#This Row],[scalar]]-Table1[[#This Row],[adj]] -> 3014.8585 | H32: =Table1[[#This Row],[price_mkt_bid]]*Table1[[#This Row],[adj scalar]] -> 62829.651 | I32: =Table1[[#This Row],[price_mkt_ask]]*Table1[[#This Row],[adj scalar]] -> 62859.8
A33: BITB | B33: 34.12 | C33: 34.13 | D33: 2026-06-11_10-40-57 | E33: =1841.9994-0.2393 -> 1841.7601 | F33: =F23 -> 0.1 | G33: =Table1[[#This Row],[scalar]]-Table1[[#This Row],[adj]] -> 1841.6601 | H33: =Table1[[#This Row],[price_mkt_bid]]*Table1[[#This Row],[adj scalar]] -> 62837.443 | I33: =Table1[[#This Row],[price_mkt_ask]]*Table1[[#This Row],[adj scalar]] -> 62855.859
A34: BRRR | B34: 17.72 | C34: 17.73 | D34: 2026-06-11_10-40-57 | E34: 3546.3342 | F34: =F24 -> 0 | G34: =Table1[[#This Row],[scalar]]-Table1[[#This Row],[adj]] -> 3546.3342 | H34: =Table1[[#This Row],[price_mkt_bid]]*Table1[[#This Row],[adj scalar]] -> 62841.042 | I34: =Table1[[#This Row],[price_mkt_ask]]*Table1[[#This Row],[adj scalar]] -> 62876.505
A35: BTC | B35: 27.8 | C35: 27.81 | D35: 2026-06-11_10-40-57 | E35: =2261.2393-0.03 -> 2261.2093 | F35: =F25 -> 0.2 | G35: =Table1[[#This Row],[scalar]]-Table1[[#This Row],[adj]] -> 2261.0093 | H35: =Table1[[#This Row],[price_mkt_bid]]*Table1[[#This Row],[adj scalar]] -> 62856.059 | I35: =Table1[[#This Row],[price_mkt_ask]]*Table1[[#This Row],[adj scalar]] -> 62878.669
A36: BTCW | B36: 66.4 | C36: 66.5 | D36: 2026-06-11_10-40-57 | E36: 946.0649 | F36: =F26 -> 0 | G36: =Table1[[#This Row],[scalar]]-Table1[[#This Row],[adj]] -> 946.0649 | H36: =Table1[[#This Row],[price_mkt_bid]]*Table1[[#This Row],[adj scalar]] -> 62818.709 | I36: =Table1[[#This Row],[price_mkt_ask]]*Table1[[#This Row],[adj scalar]] -> 62913.316
A37: EZBC | B37: 36.32 | C37: 36.33 | D37: 2026-06-11_10-40-57 | E37: 1730.0288 | F37: =F27 -> -0.2 | G37: =Table1[[#This Row],[scalar]]-Table1[[#This Row],[adj]] -> 1730.2288 | H37: =Table1[[#This Row],[price_mkt_bid]]*Table1[[#This Row],[adj scalar]] -> 62841.91 | I37: =Table1[[#This Row],[price_mkt_ask]]*Table1[[#This Row],[adj scalar]] -> 62859.212
A38: FBTC | B38: 54.71 | C38: 54.72 | D38: 2026-06-11_10-40-57 | E38: 1148.7663 | F38: =F28 -> 0.05 | G38: =Table1[[#This Row],[scalar]]-Table1[[#This Row],[adj]] -> 1148.7163 | H38: =Table1[[#This Row],[price_mkt_bid]]*Table1[[#This Row],[adj scalar]] -> 62846.269 | I38: =Table1[[#This Row],[price_mkt_ask]]*Table1[[#This Row],[adj scalar]] -> 62857.756
A39: GBTC | B39: 48.77 | C39: 48.78 | D39: 2026-06-11_10-40-57 | E39: 1288.4785 | F39: =F29 -> -0.05 | G39: =Table1[[#This Row],[scalar]]-Table1[[#This Row],[adj]] -> 1288.5285 | H39: =Table1[[#This Row],[price_mkt_bid]]*Table1[[#This Row],[adj scalar]] -> 62841.535 | I39: =Table1[[#This Row],[price_mkt_ask]]*Table1[[#This Row],[adj scalar]] -> 62854.42
A40: HODL | B40: 17.77 | C40: 17.78 | D40: 2026-06-11_10-40-57 | E40: 3535.8029 | F40: =F30 -> 0 | G40: =Table1[[#This Row],[scalar]]-Table1[[#This Row],[adj]] -> 3535.8029 | H40: =Table1[[#This Row],[price_mkt_bid]]*Table1[[#This Row],[adj scalar]] -> 62831.218 | I40: =Table1[[#This Row],[price_mkt_ask]]*Table1[[#This Row],[adj scalar]] -> 62866.576
A41: IBIT | B41: 35.6 | C41: 35.61 | D41: 2026-06-11_10-40-57 | E41: 1764.9262 | F41: =F31 -> 0 | G41: =Table1[[#This Row],[scalar]]-Table1[[#This Row],[adj]] -> 1764.9262 | H41: =Table1[[#This Row],[price_mkt_bid]]*Table1[[#This Row],[adj scalar]] -> 62831.373 | I41: =Table1[[#This Row],[price_mkt_ask]]*Table1[[#This Row],[adj scalar]] -> 62849.022
A42: ARKB | B42: 20.83 | C42: 20.84 | D42: 2026-06-11_10-55-57 | E42: 3014.7585 | F42: =F32 -> -0.1 | G42: =Table1[[#This Row],[scalar]]-Table1[[#This Row],[adj]] -> 3014.8585 | H42: =Table1[[#This Row],[price_mkt_bid]]*Table1[[#This Row],[adj scalar]] -> 62799.503 | I42: =Table1[[#This Row],[price_mkt_ask]]*Table1[[#This Row],[adj scalar]] -> 62829.651
A43: BITB | B43: 34.1 | C43: 34.11 | D43: 2026-06-11_10-55-57 | E43: =1841.9994-0.2393 -> 1841.7601 | F43: =F33 -> 0.1 | G43: =Table1[[#This Row],[scalar]]-Table1[[#This Row],[adj]] -> 1841.6601 | H43: =Table1[[#This Row],[price_mkt_bid]]*Table1[[#This Row],[adj scalar]] -> 62800.609 | I43: =Table1[[#This Row],[price_mkt_ask]]*Table1[[#This Row],[adj scalar]] -> 62819.026
A44: BRRR | B44: 17.71 | C44: 17.72 | D44: 2026-06-11_10-55-57 | E44: 3546.3342 | F44: =F34 -> 0 | G44: =Table1[[#This Row],[scalar]]-Table1[[#This Row],[adj]] -> 3546.3342 | H44: =Table1[[#This Row],[price_mkt_bid]]*Table1[[#This Row],[adj scalar]] -> 62805.579 | I44: =Table1[[#This Row],[price_mkt_ask]]*Table1[[#This Row],[adj scalar]] -> 62841.042
A45: BTC | B45: 27.77 | C45: 27.78 | D45: 2026-06-11_10-55-57 | E45: =2261.2393-0.03 -> 2261.2093 | F45: =F35 -> 0.2 | G45: =Table1[[#This Row],[scalar]]-Table1[[#This Row],[adj]] -> 2261.0093 | H45: =Table1[[#This Row],[price_mkt_bid]]*Table1[[#This Row],[adj scalar]] -> 62788.228 | I45: =Table1[[#This Row],[price_mkt_ask]]*Table1[[#This Row],[adj scalar]] -> 62810.838
A46: BTCW | B46: 66.38 | C46: 66.48 | D46: 2026-06-11_10-55-57 | E46: 946.0649 | F46: =F36 -> 0 | G46: =Table1[[#This Row],[scalar]]-Table1[[#This Row],[adj]] -> 946.0649 | H46: =Table1[[#This Row],[price_mkt_bid]]*Table1[[#This Row],[adj scalar]] -> 62799.788 | I46: =Table1[[#This Row],[price_mkt_ask]]*Table1[[#This Row],[adj scalar]] -> 62894.395
A47: EZBC | B47: 36.29 | C47: 36.31 | D47: 2026-06-11_10-55-57 | E47: 1730.0288 | F47: =F37 -> -0.2 | G47: =Table1[[#This Row],[scalar]]-Table1[[#This Row],[adj]] -> 1730.2288 | H47: =Table1[[#This Row],[price_mkt_bid]]*Table1[[#This Row],[adj scalar]] -> 62790.003 | I47: =Table1[[#This Row],[price_mkt_ask]]*Table1[[#This Row],[adj scalar]] -> 62824.608
A48: FBTC | B48: 54.67 | C48: 54.68 | D48: 2026-06-11_10-55-57 | E48: 1148.7663 | F48: =F38 -> 0.05 | G48: =Table1[[#This Row],[scalar]]-Table1[[#This Row],[adj]] -> 1148.7163 | H48: =Table1[[#This Row],[price_mkt_bid]]*Table1[[#This Row],[adj scalar]] -> 62800.32 | I48: =Table1[[#This Row],[price_mkt_ask]]*Table1[[#This Row],[adj scalar]] -> 62811.807
A49: GBTC | B49: 48.73 | C49: 48.74 | D49: 2026-06-11_10-55-57 | E49: 1288.4785 | F49: =F39 -> -0.05 | G49: =Table1[[#This Row],[scalar]]-Table1[[#This Row],[adj]] -> 1288.5285 | H49: =Table1[[#This Row],[price_mkt_bid]]*Table1[[#This Row],[adj scalar]] -> 62789.994 | I49: =Table1[[#This Row],[price_mkt_ask]]*Table1[[#This Row],[adj scalar]] -> 62802.879
A50: HODL | B50: 17.76 | C50: 17.77 | D50: 2026-06-11_10-55-57 | E50: 3535.8029 | F50: =F40 -> 0 | G50: =Table1[[#This Row],[scalar]]-Table1[[#This Row],[adj]] -> 3535.8029 | H50: =Table1[[#This Row],[price_mkt_bid]]*Table1[[#This Row],[adj scalar]] -> 62795.86 | I50: =Table1[[#This Row],[price_mkt_ask]]*Table1[[#This Row],[adj scalar]] -> 62831.218
A51: IBIT | B51: 35.58 | C51: 35.59 | D51: 2026-06-11_10-55-57 | E51: 1764.9262 | F51: =F41 -> 0 | G51: =Table1[[#This Row],[scalar]]-Table1[[#This Row],[adj]] -> 1764.9262 | H51: =Table1[[#This Row],[price_mkt_bid]]*Table1[[#This Row],[adj scalar]] -> 62796.074 | I51: =Table1[[#This Row],[price_mkt_ask]]*Table1[[#This Row],[adj scalar]] -> 62813.723
A52: ARKB | B52: 20.78 | C52: 20.79 | D52: 2026-06-11_11-10-57 | E52: 3014.7585 | F52: =F42 -> -0.1 | G52: =Table1[[#This Row],[scalar]]-Table1[[#This Row],[adj]] -> 3014.8585 | H52: =Table1[[#This Row],[price_mkt_bid]]*Table1[[#This Row],[adj scalar]] -> 62648.76 | I52: =Table1[[#This Row],[price_mkt_ask]]*Table1[[#This Row],[adj scalar]] -> 62678.908
A53: BITB | B53: 34.02 | C53: 34.03 | D53: 2026-06-11_11-10-57 | E53: =1841.9994-0.2393 -> 1841.7601 | F53: =F43 -> 0.1 | G53: =Table1[[#This Row],[scalar]]-Table1[[#This Row],[adj]] -> 1841.6601 | H53: =Table1[[#This Row],[price_mkt_bid]]*Table1[[#This Row],[adj scalar]] -> 62653.277 | I53: =Table1[[#This Row],[price_mkt_ask]]*Table1[[#This Row],[adj scalar]] -> 62671.693
A54: BRRR | B54: 17.66 | C54: 17.67 | D54: 2026-06-11_11-10-57 | E54: 3546.3342 | F54: =F44 -> 0 | G54: =Table1[[#This Row],[scalar]]-Table1[[#This Row],[adj]] -> 3546.3342 | H54: =Table1[[#This Row],[price_mkt_bid]]*Table1[[#This Row],[adj scalar]] -> 62628.262 | I54: =Table1[[#This Row],[price_mkt_ask]]*Table1[[#This Row],[adj scalar]] -> 62663.725
A55: BTC | B55: 27.71 | C55: 27.72 | D55: 2026-06-11_11-10-57 | E55: =2261.2393-0.03 -> 2261.2093 | F55: =F45 -> 0.2 | G55: =Table1[[#This Row],[scalar]]-Table1[[#This Row],[adj]] -> 2261.0093 | H55: =Table1[[#This Row],[price_mkt_bid]]*Table1[[#This Row],[adj scalar]] -> 62652.568 | I55: =Table1[[#This Row],[price_mkt_ask]]*Table1[[#This Row],[adj scalar]] -> 62675.178
A56: BTCW | B56: 66.21 | C56: 66.31 | D56: 2026-06-11_11-10-57 | E56: 946.0649 | F56: =F46 -> 0 | G56: =Table1[[#This Row],[scalar]]-Table1[[#This Row],[adj]] -> 946.0649 | H56: =Table1[[#This Row],[price_mkt_bid]]*Table1[[#This Row],[adj scalar]] -> 62638.957 | I56: =Table1[[#This Row],[price_mkt_ask]]*Table1[[#This Row],[adj scalar]] -> 62733.564
A57: EZBC | B57: 36.21 | C57: 36.22 | D57: 2026-06-11_11-10-57 | E57: 1730.0288 | F57: =F47 -> -0.2 | G57: =Table1[[#This Row],[scalar]]-Table1[[#This Row],[adj]] -> 1730.2288 | H57: =Table1[[#This Row],[price_mkt_bid]]*Table1[[#This Row],[adj scalar]] -> 62651.585 | I57: =Table1[[#This Row],[price_mkt_ask]]*Table1[[#This Row],[adj scalar]] -> 62668.887
A58: FBTC | B58: 54.55 | C58: 54.56 | D58: 2026-06-11_11-10-57 | E58: 1148.7663 | F58: =F48 -> 0.05 | G58: =Table1[[#This Row],[scalar]]-Table1[[#This Row],[adj]] -> 1148.7163 | H58: =Table1[[#This Row],[price_mkt_bid]]*Table1[[#This Row],[adj scalar]] -> 62662.474 | I58: =Table1[[#This Row],[price_mkt_ask]]*Table1[[#This Row],[adj scalar]] -> 62673.961
A59: GBTC | B59: 48.62 | C59: 48.63 | D59: 2026-06-11_11-10-57 | E59: 1288.4785 | F59: =F49 -> -0.05 | G59: =Table1[[#This Row],[scalar]]-Table1[[#This Row],[adj]] -> 1288.5285 | H59: =Table1[[#This Row],[price_mkt_bid]]*Table1[[#This Row],[adj scalar]] -> 62648.256 | I59: =Table1[[#This Row],[price_mkt_ask]]*Table1[[#This Row],[adj scalar]] -> 62661.141
A60: HODL | B60: 17.72 | C60: 17.73 | D60: 2026-06-11_11-10-57 | E60: 3535.8029 | F60: =F50 -> 0 | G60: =Table1[[#This Row],[scalar]]-Table1[[#This Row],[adj]] -> 3535.8029 | H60: =Table1[[#This Row],[price_mkt_bid]]*Table1[[#This Row],[adj scalar]] -> 62654.427 | I60: =Table1[[#This Row],[price_mkt_ask]]*Table1[[#This Row],[adj scalar]] -> 62689.785
A61: IBIT | B61: 35.5 | C61: 35.51 | D61: 2026-06-11_11-10-57 | E61: 1764.9262 | F61: =F51 -> 0 | G61: =Table1[[#This Row],[scalar]]-Table1[[#This Row],[adj]] -> 1764.9262 | H61: =Table1[[#This Row],[price_mkt_bid]]*Table1[[#This Row],[adj scalar]] -> 62654.88 | I61: =Table1[[#This Row],[price_mkt_ask]]*Table1[[#This Row],[adj scalar]] -> 62672.529
A62: ARKB | B62: 20.79 | C62: 20.8 | D62: 2026-06-11_11-25-57 | E62: 3014.7585 | F62: =F52 -> -0.1 | G62: =Table1[[#This Row],[scalar]]-Table1[[#This Row],[adj]] -> 3014.8585 | H62: =Table1[[#This Row],[price_mkt_bid]]*Table1[[#This Row],[adj scalar]] -> 62678.908 | I62: =Table1[[#This Row],[price_mkt_ask]]*Table1[[#This Row],[adj scalar]] -> 62709.057
A63: BITB | B63: 34.03 | C63: 34.04 | D63: 2026-06-11_11-25-57 | E63: =1841.9994-0.2393 -> 1841.7601 | F63: =F53 -> 0.1 | G63: =Table1[[#This Row],[scalar]]-Table1[[#This Row],[adj]] -> 1841.6601 | H63: =Table1[[#This Row],[price_mkt_bid]]*Table1[[#This Row],[adj scalar]] -> 62671.693 | I63: =Table1[[#This Row],[price_mkt_ask]]*Table1[[#This Row],[adj scalar]] -> 62690.11
A64: BRRR | B64: 17.67 | C64: 17.68 | D64: 2026-06-11_11-25-57 | E64: 3546.3342 | F64: =F54 -> 0 | G64: =Table1[[#This Row],[scalar]]-Table1[[#This Row],[adj]] -> 3546.3342 | H64: =Table1[[#This Row],[price_mkt_bid]]*Table1[[#This Row],[adj scalar]] -> 62663.725 | I64: =Table1[[#This Row],[price_mkt_ask]]*Table1[[#This Row],[adj scalar]] -> 62699.189
A65: BTC | B65: 27.72 | C65: 27.73 | D65: 2026-06-11_11-25-57 | E65: =2261.2393-0.03 -> 2261.2093 | F65: =F55 -> 0.2 | G65: =Table1[[#This Row],[scalar]]-Table1[[#This Row],[adj]] -> 2261.0093 | H65: =Table1[[#This Row],[price_mkt_bid]]*Table1[[#This Row],[adj scalar]] -> 62675.178 | I65: =Table1[[#This Row],[price_mkt_ask]]*Table1[[#This Row],[adj scalar]] -> 62697.788
A66: BTCW | B66: 66.24 | C66: 66.35 | D66: 2026-06-11_11-25-57 | E66: 946.0649 | F66: =F56 -> 0 | G66: =Table1[[#This Row],[scalar]]-Table1[[#This Row],[adj]] -> 946.0649 | H66: =Table1[[#This Row],[price_mkt_bid]]*Table1[[#This Row],[adj scalar]] -> 62667.339 | I66: =Table1[[#This Row],[price_mkt_ask]]*Table1[[#This Row],[adj scalar]] -> 62771.406
A67: EZBC | B67: 36.22 | C67: 36.24 | D67: 2026-06-11_11-25-57 | E67: 1730.0288 | F67: =F57 -> -0.2 | G67: =Table1[[#This Row],[scalar]]-Table1[[#This Row],[adj]] -> 1730.2288 | H67: =Table1[[#This Row],[price_mkt_bid]]*Table1[[#This Row],[adj scalar]] -> 62668.887 | I67: =Table1[[#This Row],[price_mkt_ask]]*Table1[[#This Row],[adj scalar]] -> 62703.492
A68: FBTC | B68: 54.57 | C68: 54.58 | D68: 2026-06-11_11-25-57 | E68: 1148.7663 | F68: =F58 -> 0.05 | G68: =Table1[[#This Row],[scalar]]-Table1[[#This Row],[adj]] -> 1148.7163 | H68: =Table1[[#This Row],[price_mkt_bid]]*Table1[[#This Row],[adj scalar]] -> 62685.448 | I68: =Table1[[#This Row],[price_mkt_ask]]*Table1[[#This Row],[adj scalar]] -> 62696.936
A69: GBTC | B69: 48.64 | C69: 48.66 | D69: 2026-06-11_11-25-57 | E69: 1288.4785 | F69: =F59 -> -0.05 | G69: =Table1[[#This Row],[scalar]]-Table1[[#This Row],[adj]] -> 1288.5285 | H69: =Table1[[#This Row],[price_mkt_bid]]*Table1[[#This Row],[adj scalar]] -> 62674.026 | I69: =Table1[[#This Row],[price_mkt_ask]]*Table1[[#This Row],[adj scalar]] -> 62699.797
A70: HODL | B70: 17.72 | C70: 17.73 | D70: 2026-06-11_11-25-57 | E70: 3535.8029 | F70: =F60 -> 0 | G70: =Table1[[#This Row],[scalar]]-Table1[[#This Row],[adj]] -> 3535.8029 | H70: =Table1[[#This Row],[price_mkt_bid]]*Table1[[#This Row],[adj scalar]] -> 62654.427 | I70: =Table1[[#This Row],[price_mkt_ask]]*Table1[[#This Row],[adj scalar]] -> 62689.785
A71: IBIT | B71: 35.51 | C71: 35.52 | D71: 2026-06-11_11-25-57 | E71: 1764.9262 | F71: =F61 -> 0 | G71: =Table1[[#This Row],[scalar]]-Table1[[#This Row],[adj]] -> 1764.9262 | H71: =Table1[[#This Row],[price_mkt_bid]]*Table1[[#This Row],[adj scalar]] -> 62672.529 | I71: =Table1[[#This Row],[price_mkt_ask]]*Table1[[#This Row],[adj scalar]] -> 62690.179
A72: ARKB | B72: 20.83 | C72: 20.84 | D72: 2026-06-11_11-40-57 | E72: 3014.7585 | F72: =F62 -> -0.1 | G72: =Table1[[#This Row],[scalar]]-Table1[[#This Row],[adj]] -> 3014.8585 | H72: =Table1[[#This Row],[price_mkt_bid]]*Table1[[#This Row],[adj scalar]] -> 62799.503 | I72: =Table1[[#This Row],[price_mkt_ask]]*Table1[[#This Row],[adj scalar]] -> 62829.651
A73: BITB | B73: 34.09 | C73: 34.1 | D73: 2026-06-11_11-40-57 | E73: =1841.9994-0.2393 -> 1841.7601 | F73: =F63 -> 0.1 | G73: =Table1[[#This Row],[scalar]]-Table1[[#This Row],[adj]] -> 1841.6601 | H73: =Table1[[#This Row],[price_mkt_bid]]*Table1[[#This Row],[adj scalar]] -> 62782.193 | I73: =Table1[[#This Row],[price_mkt_ask]]*Table1[[#This Row],[adj scalar]] -> 62800.609
A74: BRRR | B74: 17.7 | C74: 17.71 | D74: 2026-06-11_11-40-57 | E74: 3546.3342 | F74: =F64 -> 0 | G74: =Table1[[#This Row],[scalar]]-Table1[[#This Row],[adj]] -> 3546.3342 | H74: =Table1[[#This Row],[price_mkt_bid]]*Table1[[#This Row],[adj scalar]] -> 62770.115 | I74: =Table1[[#This Row],[price_mkt_ask]]*Table1[[#This Row],[adj scalar]] -> 62805.579
A75: BTC | B75: 27.77 | C75: 27.78 | D75: 2026-06-11_11-40-57 | E75: =2261.2393-0.03 -> 2261.2093 | F75: =F65 -> 0.2 | G75: =Table1[[#This Row],[scalar]]-Table1[[#This Row],[adj]] -> 2261.0093 | H75: =Table1[[#This Row],[price_mkt_bid]]*Table1[[#This Row],[adj scalar]] -> 62788.228 | I75: =Table1[[#This Row],[price_mkt_ask]]*Table1[[#This Row],[adj scalar]] -> 62810.838
A76: BTCW | B76: 66.35 | C76: 66.46 | D76: 2026-06-11_11-40-57 | E76: 946.0649 | F76: =F66 -> 0 | G76: =Table1[[#This Row],[scalar]]-Table1[[#This Row],[adj]] -> 946.0649 | H76: =Table1[[#This Row],[price_mkt_bid]]*Table1[[#This Row],[adj scalar]] -> 62771.406 | I76: =Table1[[#This Row],[price_mkt_ask]]*Table1[[#This Row],[adj scalar]] -> 62875.473
A77: EZBC | B77: 36.29 | C77: 36.3 | D77: 2026-06-11_11-40-57 | E77: 1730.0288 | F77: =F67 -> -0.2 | G77: =Table1[[#This Row],[scalar]]-Table1[[#This Row],[adj]] -> 1730.2288 | H77: =Table1[[#This Row],[price_mkt_bid]]*Table1[[#This Row],[adj scalar]] -> 62790.003 | I77: =Table1[[#This Row],[price_mkt_ask]]*Table1[[#This Row],[adj scalar]] -> 62807.305
A78: FBTC | B78: 54.65 | C78: 54.66 | D78: 2026-06-11_11-40-57 | E78: 1148.7663 | F78: =F68 -> 0.05 | G78: =Table1[[#This Row],[scalar]]-Table1[[#This Row],[adj]] -> 1148.7163 | H78: =Table1[[#This Row],[price_mkt_bid]]*Table1[[#This Row],[adj scalar]] -> 62777.346 | I78: =Table1[[#This Row],[price_mkt_ask]]*Table1[[#This Row],[adj scalar]] -> 62788.833
A79: GBTC | B79: 48.72 | C79: 48.73 | D79: 2026-06-11_11-40-57 | E79: 1288.4785 | F79: =F69 -> -0.05 | G79: =Table1[[#This Row],[scalar]]-Table1[[#This Row],[adj]] -> 1288.5285 | H79: =Table1[[#This Row],[price_mkt_bid]]*Table1[[#This Row],[adj scalar]] -> 62777.109 | I79: =Table1[[#This Row],[price_mkt_ask]]*Table1[[#This Row],[adj scalar]] -> 62789.994
A80: HODL | B80: 17.76 | C80: 17.77 | D80: 2026-06-11_11-40-57 | E80: 3535.8029 | F80: =F70 -> 0 | G80: =Table1[[#This Row],[scalar]]-Table1[[#This Row],[adj]] -> 3535.8029 | H80: =Table1[[#This Row],[price_mkt_bid]]*Table1[[#This Row],[adj scalar]] -> 62795.86 | I80: =Table1[[#This Row],[price_mkt_ask]]*Table1[[#This Row],[adj scalar]] -> 62831.218
A81: IBIT | B81: 35.57 | C81: 35.58 | D81: 2026-06-11_11-40-57 | E81: 1764.9262 | F81: =F71 -> 0 | G81: =Table1[[#This Row],[scalar]]-Table1[[#This Row],[adj]] -> 1764.9262 | H81: =Table1[[#This Row],[price_mkt_bid]]*Table1[[#This Row],[adj scalar]] -> 62778.425 | I81: =Table1[[#This Row],[price_mkt_ask]]*Table1[[#This Row],[adj scalar]] -> 62796.074
A82: ARKB | B82: 20.75 | C82: 20.76 | D82: 2026-06-11_11-55-57 | E82: 3014.7585 | F82: =F72 -> -0.1 | G82: =Table1[[#This Row],[scalar]]-Table1[[#This Row],[adj]] -> 3014.8585 | H82: =Table1[[#This Row],[price_mkt_bid]]*Table1[[#This Row],[adj scalar]] -> 62558.314 | I82: =Table1[[#This Row],[price_mkt_ask]]*Table1[[#This Row],[adj scalar]] -> 62588.462
A83: BITB | B83: 33.97 | C83: 33.98 | D83: 2026-06-11_11-55-57 | E83: =1841.9994-0.2393 -> 1841.7601 | F83: =F73 -> 0.1 | G83: =Table1[[#This Row],[scalar]]-Table1[[#This Row],[adj]] -> 1841.6601 | H83: =Table1[[#This Row],[price_mkt_bid]]*Table1[[#This Row],[adj scalar]] -> 62561.194 | I83: =Table1[[#This Row],[price_mkt_ask]]*Table1[[#This Row],[adj scalar]] -> 62579.61
A84: BRRR | B84: 17.64 | C84: 17.65 | D84: 2026-06-11_11-55-57 | E84: 3546.3342 | F84: =F74 -> 0 | G84: =Table1[[#This Row],[scalar]]-Table1[[#This Row],[adj]] -> 3546.3342 | H84: =Table1[[#This Row],[price_mkt_bid]]*Table1[[#This Row],[adj scalar]] -> 62557.335 | I84: =Table1[[#This Row],[price_mkt_ask]]*Table1[[#This Row],[adj scalar]] -> 62592.799
A85: BTC | B85: 27.67 | C85: 27.68 | D85: 2026-06-11_11-55-57 | E85: =2261.2393-0.03 -> 2261.2093 | F85: =F75 -> 0.2 | G85: =Table1[[#This Row],[scalar]]-Table1[[#This Row],[adj]] -> 2261.0093 | H85: =Table1[[#This Row],[price_mkt_bid]]*Table1[[#This Row],[adj scalar]] -> 62562.127 | I85: =Table1[[#This Row],[price_mkt_ask]]*Table1[[#This Row],[adj scalar]] -> 62584.737
A86: BTCW | B86: 66.1 | C86: 66.21 | D86: 2026-06-11_11-55-57 | E86: 946.0649 | F86: =F76 -> 0 | G86: =Table1[[#This Row],[scalar]]-Table1[[#This Row],[adj]] -> 946.0649 | H86: =Table1[[#This Row],[price_mkt_bid]]*Table1[[#This Row],[adj scalar]] -> 62534.89 | I86: =Table1[[#This Row],[price_mkt_ask]]*Table1[[#This Row],[adj scalar]] -> 62638.957
A87: EZBC | B87: 36.15 | C87: 36.17 | D87: 2026-06-11_11-55-57 | E87: 1730.0288 | F87: =F77 -> -0.2 | G87: =Table1[[#This Row],[scalar]]-Table1[[#This Row],[adj]] -> 1730.2288 | H87: =Table1[[#This Row],[price_mkt_bid]]*Table1[[#This Row],[adj scalar]] -> 62547.771 | I87: =Table1[[#This Row],[price_mkt_ask]]*Table1[[#This Row],[adj scalar]] -> 62582.376
A88: FBTC | B88: 54.47 | C88: 54.48 | D88: 2026-06-11_11-55-57 | E88: 1148.7663 | F88: =F78 -> 0.05 | G88: =Table1[[#This Row],[scalar]]-Table1[[#This Row],[adj]] -> 1148.7163 | H88: =Table1[[#This Row],[price_mkt_bid]]*Table1[[#This Row],[adj scalar]] -> 62570.577 | I88: =Table1[[#This Row],[price_mkt_ask]]*Table1[[#This Row],[adj scalar]] -> 62582.064
A89: GBTC | B89: 48.55 | C89: 48.56 | D89: 2026-06-11_11-55-57 | E89: 1288.4785 | F89: =F79 -> -0.05 | G89: =Table1[[#This Row],[scalar]]-Table1[[#This Row],[adj]] -> 1288.5285 | H89: =Table1[[#This Row],[price_mkt_bid]]*Table1[[#This Row],[adj scalar]] -> 62558.059 | I89: =Table1[[#This Row],[price_mkt_ask]]*Table1[[#This Row],[adj scalar]] -> 62570.944
A90: HODL | B90: 17.69 | C90: 17.7 | D90: 2026-06-11_11-55-57 | E90: 3535.8029 | F90: =F80 -> 0 | G90: =Table1[[#This Row],[scalar]]-Table1[[#This Row],[adj]] -> 3535.8029 | H90: =Table1[[#This Row],[price_mkt_bid]]*Table1[[#This Row],[adj scalar]] -> 62548.353 | I90: =Table1[[#This Row],[price_mkt_ask]]*Table1[[#This Row],[adj scalar]] -> 62583.711
A91: IBIT | B91: 35.44 | C91: 35.45 | D91: 2026-06-11_11-55-57 | E91: 1764.9262 | F91: =F81 -> 0 | G91: =Table1[[#This Row],[scalar]]-Table1[[#This Row],[adj]] -> 1764.9262 | H91: =Table1[[#This Row],[price_mkt_bid]]*Table1[[#This Row],[adj scalar]] -> 62548.985 | I91: =Table1[[#This Row],[price_mkt_ask]]*Table1[[#This Row],[adj scalar]] -> 62566.634
A92: ARKB | B92: 20.78 | C92: 20.79 | D92: 2026-06-11_12-10-57 | E92: 3014.7585 | F92: =F82 -> -0.1 | G92: =Table1[[#This Row],[scalar]]-Table1[[#This Row],[adj]] -> 3014.8585 | H92: =Table1[[#This Row],[price_mkt_bid]]*Table1[[#This Row],[adj scalar]] -> 62648.76 | I92: =Table1[[#This Row],[price_mkt_ask]]*Table1[[#This Row],[adj scalar]] -> 62678.908
A93: BITB | B93: 34.01 | C93: 34.02 | D93: 2026-06-11_12-10-57 | E93: =1841.9994-0.2393 -> 1841.7601 | F93: =F83 -> 0.1 | G93: =Table1[[#This Row],[scalar]]-Table1[[#This Row],[adj]] -> 1841.6601 | H93: =Table1[[#This Row],[price_mkt_bid]]*Table1[[#This Row],[adj scalar]] -> 62634.86 | I93: =Table1[[#This Row],[price_mkt_ask]]*Table1[[#This Row],[adj scalar]] -> 62653.277
A94: BRRR | B94: 17.66 | C94: 17.67 | D94: 2026-06-11_12-10-57 | E94: 3546.3342 | F94: =F84 -> 0 | G94: =Table1[[#This Row],[scalar]]-Table1[[#This Row],[adj]] -> 3546.3342 | H94: =Table1[[#This Row],[price_mkt_bid]]*Table1[[#This Row],[adj scalar]] -> 62628.262 | I94: =Table1[[#This Row],[price_mkt_ask]]*Table1[[#This Row],[adj scalar]] -> 62663.725
A95: BTC | B95: 27.71 | C95: 27.72 | D95: 2026-06-11_12-10-57 | E95: =2261.2393-0.03 -> 2261.2093 | F95: =F85 -> 0.2 | G95: =Table1[[#This Row],[scalar]]-Table1[[#This Row],[adj]] -> 2261.0093 | H95: =Table1[[#This Row],[price_mkt_bid]]*Table1[[#This Row],[adj scalar]] -> 62652.568 | I95: =Table1[[#This Row],[price_mkt_ask]]*Table1[[#This Row],[adj scalar]] -> 62675.178
A96: BTCW | B96: 66.22 | C96: 66.34 | D96: 2026-06-11_12-10-57 | E96: 946.0649 | F96: =F86 -> 0 | G96: =Table1[[#This Row],[scalar]]-Table1[[#This Row],[adj]] -> 946.0649 | H96: =Table1[[#This Row],[price_mkt_bid]]*Table1[[#This Row],[adj scalar]] -> 62648.418 | I96: =Table1[[#This Row],[price_mkt_ask]]*Table1[[#This Row],[adj scalar]] -> 62761.945
A97: EZBC | B97: 36.21 | C97: 36.22 | D97: 2026-06-11_12-10-57 | E97: 1730.0288 | F97: =F87 -> -0.2 | G97: =Table1[[#This Row],[scalar]]-Table1[[#This Row],[adj]] -> 1730.2288 | H97: =Table1[[#This Row],[price_mkt_bid]]*Table1[[#This Row],[adj scalar]] -> 62651.585 | I97: =Table1[[#This Row],[price_mkt_ask]]*Table1[[#This Row],[adj scalar]] -> 62668.887
A98: FBTC | B98: 54.54 | C98: 54.55 | D98: 2026-06-11_12-10-57 | E98: 1148.7663 | F98: =F88 -> 0.05 | G98: =Table1[[#This Row],[scalar]]-Table1[[#This Row],[adj]] -> 1148.7163 | H98: =Table1[[#This Row],[price_mkt_bid]]*Table1[[#This Row],[adj scalar]] -> 62650.987 | I98: =Table1[[#This Row],[price_mkt_ask]]*Table1[[#This Row],[adj scalar]] -> 62662.474
A99: GBTC | B99: 48.62 | C99: 48.63 | D99: 2026-06-11_12-10-57 | E99: 1288.4785 | F99: =F89 -> -0.05 | G99: =Table1[[#This Row],[scalar]]-Table1[[#This Row],[adj]] -> 1288.5285 | H99: =Table1[[#This Row],[price_mkt_bid]]*Table1[[#This Row],[adj scalar]] -> 62648.256 | I99: =Table1[[#This Row],[price_mkt_ask]]*Table1[[#This Row],[adj scalar]] -> 62661.141
A100: HODL | B100: 17.72 | C100: 17.73 | D100: 2026-06-11_12-10-57 | E100: 3535.8029 | F100: =F90 -> 0 | G100: =Table1[[#This Row],[scalar]]-Table1[[#This Row],[adj]] -> 3535.8029 | H100: =Table1[[#This Row],[price_mkt_bid]]*Table1[[#This Row],[adj scalar]] -> 62654.427 | I100: =Table1[[#This Row],[price_mkt_ask]]*Table1[[#This Row],[adj scalar]] -> 62689.785
...

Sheet Sheet1
A1: Row Labels | B1: Max of unit bid | C1: Min of unit ask | D1: net | E1: bid name | F1: ask name | Q1: running total
A2: 2026-06-11_09-32-32 | B2: 62607.348 | C2: 62584.283 | D2: =B2-C2 -> 23.064465 | E2: =_xlfn.XLOOKUP(B2,Table1[unit bid],Table1[my_fi_name]) -> BTC | F2: =_xlfn.XLOOKUP(C2,Table1[unit ask],Table1[my_fi_name]) -> IBIT | I2: hit bid | J2: lift ask | K2: net | L2: diff | M2: price | N2: $ diff | O2: % diff | Q2: =I2 -> hit bid | R2: =J2 -> lift ask | S2: =K2 -> net
A3: 2026-06-11_09-47-32 | B3: 62982.895 | C3: 62980.394 | D3: =B3-C3 -> 2.501327 | E3: =_xlfn.XLOOKUP(B3,Table1[unit bid],Table1[my_fi_name]) -> BRRR | F3: =_xlfn.XLOOKUP(C3,Table1[unit ask],Table1[my_fi_name]) -> ARKB | H3: ARKB | I3: =COUNTIF(E:E,H3) -> 2 | J3: =COUNTIF(F:F,H3) -> 2 | K3: =I3-J3 -> 0 | L3: =[2]Sheet1!L3 -> -0.1 | M3: ='ETF_2026-06-11'!C2 -> 20.77 | N3: =L3*M3 -> -2.077 | O3: =N3/C3 -> -3.2978517e-05 | Q3: =[1]Sheet1!Q3+I3 -> 3 | R3: =[1]Sheet1!R3+J3 -> 5 | S3: =Q3-R3 -> -2
A4: 2026-06-11_10-25-57 | B4: 62923.889 | C4: 62926.679 | D4: =B4-C4 -> -2.790095 | E4: =_xlfn.XLOOKUP(B4,Table1[unit bid],Table1[my_fi_name]) -> BTC | F4: =_xlfn.XLOOKUP(C4,Table1[unit ask],Table1[my_fi_name]) -> FBTC | H4: BITB | I4: =COUNTIF(E:E,H4) -> 1 | J4: =COUNTIF(F:F,H4) -> 7 | K4: =I4-J4 -> -6 | L4: =[2]Sheet1!L4 -> 0.1 | M4: ='ETF_2026-06-11'!C3 -> 33.99 | N4: =L4*M4 -> 3.399 | O4: =N4/C4 -> 5.4015245e-05 | Q4: =[1]Sheet1!Q4+I4 -> 11 | R4: =[1]Sheet1!R4+J4 -> 7 | S4: =Q4-R4 -> 4
A5: 2026-06-11_10-40-57 | B5: 62856.059 | C5: 62849.022 | D5: =B5-C5 -> 7.036558 | E5: =_xlfn.XLOOKUP(B5,Table1[unit bid],Table1[my_fi_name]) -> BTC | F5: =_xlfn.XLOOKUP(C5,Table1[unit ask],Table1[my_fi_name]) -> IBIT | H5: BRRR | I5: =COUNTIF(E:E,H5) -> 3 | J5: =COUNTIF(F:F,H5) -> 0 | K5: =I5-J5 -> 3 | L5: =[2]Sheet1!L5 -> 0 | M5: ='ETF_2026-06-11'!C4 -> 17.66 | N5: =L5*M5 -> 0 | O5: =N5/C5 -> 0 | Q5: =[1]Sheet1!Q5+I5 -> 3 | R5: =[1]Sheet1!R5+J5 -> 0 | S5: =Q5-R5 -> 3
A6: 2026-06-11_10-55-57 | B6: 62805.579 | C6: 62802.879 | D6: =B6-C6 -> 2.699592 | E6: =_xlfn.XLOOKUP(B6,Table1[unit bid],Table1[my_fi_name]) -> BRRR | F6: =_xlfn.XLOOKUP(C6,Table1[unit ask],Table1[my_fi_name]) -> GBTC | H6: BTC | I6: =COUNTIF(E:E,H6) -> 6 | J6: =COUNTIF(F:F,H6) -> 0 | K6: =I6-J6 -> 6 | L6: =[2]Sheet1!L6 -> 0.2 | M6: ='ETF_2026-06-11'!C5 -> 27.7 | N6: =L6*M6 -> 5.54 | O6: =N6/C6 -> 8.8212516e-05 | Q6: =[1]Sheet1!Q6+I6 -> 6 | R6: =[1]Sheet1!R6+J6 -> 2 | S6: =Q6-R6 -> 4
A7: 2026-06-11_11-10-57 | B7: 62662.474 | C7: 62661.141 | D7: =B7-C7 -> 1.33321 | E7: =_xlfn.XLOOKUP(B7,Table1[unit bid],Table1[my_fi_name]) -> FBTC | F7: =_xlfn.XLOOKUP(C7,Table1[unit ask],Table1[my_fi_name]) -> GBTC | H7: BTCW | I7: =COUNTIF(E:E,H7) -> 0 | J7: =COUNTIF(F:F,H7) -> 0 | K7: =I7-J7 -> 0 | L7: =[2]Sheet1!L7 -> 0 | M7: ='ETF_2026-06-11'!C6 -> 66.26 | N7: =L7*M7 -> 0 | O7: =N7/C7 -> 0 | Q7: =[1]Sheet1!Q7+I7 -> 2 | R7: =[1]Sheet1!R7+J7 -> 0 | S7: =Q7-R7 -> 2
A8: 2026-06-11_11-25-57 | B8: 62685.448 | C8: 62689.785 | D8: =B8-C8 -> -4.336926 | E8: =_xlfn.XLOOKUP(B8,Table1[unit bid],Table1[my_fi_name]) -> FBTC | F8: =_xlfn.XLOOKUP(C8,Table1[unit ask],Table1[my_fi_name]) -> HODL | H8: EZBC | I8: =COUNTIF(E:E,H8) -> 0 | J8: =COUNTIF(F:F,H8) -> 1 | K8: =I8-J8 -> -1 | L8: =[2]Sheet1!L8 -> -0.2 | M8: ='ETF_2026-06-11'!C7 -> 36.18 | N8: =L8*M8 -> -7.236 | O8: =N8/C8 -> -0.0001154255 | Q8: =[1]Sheet1!Q8+I8 -> 0 | R8: =[1]Sheet1!R8+J8 -> 1 | S8: =Q8-R8 -> -1
A9: 2026-06-11_11-40-57 | B9: 62799.503 | C9: 62788.833 | D9: =B9-C9 -> 10.669597 | E9: =_xlfn.XLOOKUP(B9,Table1[unit bid],Table1[my_fi_name]) -> ARKB | F9: =_xlfn.XLOOKUP(C9,Table1[unit ask],Table1[my_fi_name]) -> FBTC | H9: FBTC | I9: =COUNTIF(E:E,H9) -> 6 | J9: =COUNTIF(F:F,H9) -> 2 | K9: =I9-J9 -> 4 | L9: =[2]Sheet1!L9 -> 0.05 | M9: ='ETF_2026-06-11'!C8 -> 54.49 | N9: =L9*M9 -> 2.7245 | O9: =N9/C9 -> 4.3391474e-05 | Q9: =[1]Sheet1!Q9+I9 -> 9 | R9: =[1]Sheet1!R9+J9 -> 3 | S9: =Q9-R9 -> 6
A10: 2026-06-11_11-55-57 | B10: 62570.577 | C10: 62566.634 | D10: =B10-C10 -> 3.943071 | E10: =_xlfn.XLOOKUP(B10,Table1[unit bid],Table1[my_fi_name]) -> FBTC | F10: =_xlfn.XLOOKUP(C10,Table1[unit ask],Table1[my_fi_name]) -> IBIT | H10: GBTC | I10: =COUNTIF(E:E,H10) -> 2 | J10: =COUNTIF(F:F,H10) -> 5 | K10: =I10-J10 -> -3 | L10: =[2]Sheet1!L10 -> -0.05 | M10: ='ETF_2026-06-11'!C9 -> 48.59 | N10: =L10*M10 -> -2.4295 | O10: =N10/C10 -> -3.8830601e-05 | Q10: =[1]Sheet1!Q10+I10 -> 3 | R10: =[1]Sheet1!R10+J10 -> 9 | S10: =Q10-R10 -> -6
A11: 2026-06-11_12-10-57 | B11: 62654.427 | C11: 62653.277 | D11: =B11-C11 -> 1.150786 | E11: =_xlfn.XLOOKUP(B11,Table1[unit bid],Table1[my_fi_name]) -> HODL | F11: =_xlfn.XLOOKUP(C11,Table1[unit ask],Table1[my_fi_name]) -> BITB | H11: HODL | I11: =COUNTIF(E:E,H11) -> 5 | J11: =COUNTIF(F:F,H11) -> 1 | K11: =I11-J11 -> 4 | L11: =[2]Sheet1!L11 -> 0 | M11: ='ETF_2026-06-11'!C10 -> 17.71 | N11: =L11*M11 -> 0 | O11: =N11/C11 -> 0 | Q11: =[1]Sheet1!Q11+I11 -> 5 | R11: =[1]Sheet1!R11+J11 -> 6 | S11: =Q11-R11 -> -1
A12: 2026-06-11_12-25-57 | B12: 62486.409 | C12: 62487.527 | D12: =B12-C12 -> -1.118589 | E12: =_xlfn.XLOOKUP(B12,Table1[unit bid],Table1[my_fi_name]) -> BRRR | F12: =_xlfn.XLOOKUP(C12,Table1[unit ask],Table1[my_fi_name]) -> BITB | H12: IBIT | I12: =COUNTIF(E:E,H12) -> 0 | J12: =COUNTIF(F:F,H12) -> 7 | K12: =I12-J12 -> -7 | L12: =[2]Sheet1!L12 -> 0 | M12: ='ETF_2026-06-11'!C11 -> 35.46 | N12: =L12*M12 -> 0 | O12: =N12/C12 -> 0 | Q12: =[1]Sheet1!Q12+I12 -> 0 | R12: =[1]Sheet1!R12+J12 -> 9 | S12: =Q12-R12 -> -9
A13: 2026-06-11_12-40-57 | B13: 62618.611 | C13: 62616.443 | D13: =B13-C13 -> 2.167645 | E13: =_xlfn.XLOOKUP(B13,Table1[unit bid],Table1[my_fi_name]) -> ARKB | F13: =_xlfn.XLOOKUP(C13,Table1[unit ask],Table1[my_fi_name]) -> BITB | I13: =SUM(I3:I12) -> 25 | J13: =SUM(J3:J12) -> 25 | K13: =SUM(K3:K12) -> 0 | Q13: =SUM(Q3:Q12) -> 42 | R13: =SUM(R3:R12) -> 42 | S13: =SUM(S3:S12) -> 0
A14: 2026-06-11_12-55-57 | B14: 62506.518 | C14: 62496.037 | D14: =B14-C14 -> 10.480793 | E14: =_xlfn.XLOOKUP(B14,Table1[unit bid],Table1[my_fi_name]) -> GBTC | F14: =_xlfn.XLOOKUP(C14,Table1[unit ask],Table1[my_fi_name]) -> IBIT
A15: 2026-06-11_13-10-57 | B15: 62477.637 | C15: 62460.738 | D15: =B15-C15 -> 16.899025 | E15: =_xlfn.XLOOKUP(B15,Table1[unit bid],Table1[my_fi_name]) -> HODL | F15: =_xlfn.XLOOKUP(C15,Table1[unit ask],Table1[my_fi_name]) -> IBIT
A16: 2026-06-11_13-25-57 | B16: 62300.847 | C16: 62301.895 | D16: =B16-C16 -> -1.047762 | E16: =_xlfn.XLOOKUP(B16,Table1[unit bid],Table1[my_fi_name]) -> HODL | F16: =_xlfn.XLOOKUP(C16,Table1[unit ask],Table1[my_fi_name]) -> IBIT
A17: 2026-06-11_13-40-57 | B17: 63255.514 | C17: 63254.955 | D17: =B17-C17 -> 0.558873 | E17: =_xlfn.XLOOKUP(B17,Table1[unit bid],Table1[my_fi_name]) -> HODL | F17: =_xlfn.XLOOKUP(C17,Table1[unit ask],Table1[my_fi_name]) -> IBIT
A18: 2026-06-11_13-55-57 | B18: 63386.165 | C18: 63389.941 | D18: =B18-C18 -> -3.775208 | E18: =_xlfn.XLOOKUP(B18,Table1[unit bid],Table1[my_fi_name]) -> FBTC | F18: =_xlfn.XLOOKUP(C18,Table1[unit ask],Table1[my_fi_name]) -> BITB
A19: 2026-06-11_14-10-57 | B19: 63285.65 | C19: 63281.88 | D19: =B19-C19 -> 3.770392 | E19: =_xlfn.XLOOKUP(B19,Table1[unit bid],Table1[my_fi_name]) -> BTC | F19: =_xlfn.XLOOKUP(C19,Table1[unit ask],Table1[my_fi_name]) -> ARKB
A20: 2026-06-11_14-25-57 | B20: 63376.091 | C20: 63369.832 | D20: =B20-C20 -> 6.259049 | E20: =_xlfn.XLOOKUP(B20,Table1[unit bid],Table1[my_fi_name]) -> BTC | F20: =_xlfn.XLOOKUP(C20,Table1[unit ask],Table1[my_fi_name]) -> GBTC
A21: 2026-06-11_14-40-57 | B21: 63421.373 | C21: 63426.774 | D21: =B21-C21 -> -5.401074 | E21: =_xlfn.XLOOKUP(B21,Table1[unit bid],Table1[my_fi_name]) -> GBTC | F21: =_xlfn.XLOOKUP(C21,Table1[unit ask],Table1[my_fi_name]) -> BITB
A22: 2026-06-11_14-55-57 | B22: 63421.311 | C22: 63412.886 | D22: =B22-C22 -> 8.425345 | E22: =_xlfn.XLOOKUP(B22,Table1[unit bid],Table1[my_fi_name]) -> BTC | F22: =_xlfn.XLOOKUP(C22,Table1[unit ask],Table1[my_fi_name]) -> EZBC
A23: 2026-06-11_15-10-57 | B23: 63396.946 | C23: 63389.941 | D23: =B23-C23 -> 7.005355 | E23: =_xlfn.XLOOKUP(B23,Table1[unit bid],Table1[my_fi_name]) -> HODL | F23: =_xlfn.XLOOKUP(C23,Table1[unit ask],Table1[my_fi_name]) -> BITB
A24: 2026-06-11_15-25-57 | B24: 63592.934 | C24: 63601.767 | D24: =B24-C24 -> -8.832392 | E24: =_xlfn.XLOOKUP(B24,Table1[unit bid],Table1[my_fi_name]) -> FBTC | F24: =_xlfn.XLOOKUP(C24,Table1[unit ask],Table1[my_fi_name]) -> GBTC
A25: 2026-06-11_15-40-57 | B25: 63684.832 | C25: 63691.964 | D25: =B25-C25 -> -7.132083 | E25: =_xlfn.XLOOKUP(B25,Table1[unit bid],Table1[my_fi_name]) -> FBTC | F25: =_xlfn.XLOOKUP(C25,Table1[unit ask],Table1[my_fi_name]) -> GBTC
A26: 2026-06-11_15-55-57 | B26: 63610.94 | C26: 63610.94 | D26: =B26-C26 -> 0 | E26: =_xlfn.XLOOKUP(B26,Table1[unit bid],Table1[my_fi_name]) -> BITB | F26: =_xlfn.XLOOKUP(C26,Table1[unit ask],Table1[my_fi_name]) -> BITB
D27: =SUM(D2:D26) -> 73.530954
