Workbook

Sheet ETF_2026-06-12
A1: my_fi_name | B1: price_mkt_bid | C1: price_mkt_ask | D1: time | E1: scalar | F1: adj | G1: adj scalar | H1: unit bid | I1: unit ask
A2: ARKB | B2: 20.98 | C2: 20.99 | D2: 2026-06-12_09-38-50 | E2: 3014.8104 | F2: =Sheet1!L3 -> -0.1 | G2: =Table1[[#This Row],[scalar]]-Table1[[#This Row],[adj]] -> 3014.9104 | H2: =Table1[[#This Row],[price_mkt_bid]]*Table1[[#This Row],[adj scalar]] -> 63252.82 | I2: =Table1[[#This Row],[price_mkt_ask]]*Table1[[#This Row],[adj scalar]] -> 63282.969
A3: BITB | B3: 34.35 | C3: 34.36 | D3: 2026-06-12_09-38-50 | E3: 1842.0297 | F3: =Sheet1!L4 -> 0.1 | G3: =Table1[[#This Row],[scalar]]-Table1[[#This Row],[adj]] -> 1841.9297 | H3: =Table1[[#This Row],[price_mkt_bid]]*Table1[[#This Row],[adj scalar]] -> 63270.285 | I3: =Table1[[#This Row],[price_mkt_ask]]*Table1[[#This Row],[adj scalar]] -> 63288.704
A4: BRRR | B4: 17.84 | C4: 17.85 | D4: 2026-06-12_09-38-50 | E4: 3546.4071 | F4: =Sheet1!L5 -> 0 | G4: =Table1[[#This Row],[scalar]]-Table1[[#This Row],[adj]] -> 3546.4071 | H4: =Table1[[#This Row],[price_mkt_bid]]*Table1[[#This Row],[adj scalar]] -> 63267.903 | I4: =Table1[[#This Row],[price_mkt_ask]]*Table1[[#This Row],[adj scalar]] -> 63303.367
A5: BTC | B5: 27.98 | C5: 27.99 | D5: 2026-06-12_09-38-50 | E5: 2261.2672 | F5: =Sheet1!L6 -> 0.2 | G5: =Table1[[#This Row],[scalar]]-Table1[[#This Row],[adj]] -> 2261.0672 | H5: =Table1[[#This Row],[price_mkt_bid]]*Table1[[#This Row],[adj scalar]] -> 63264.66 | I5: =Table1[[#This Row],[price_mkt_ask]]*Table1[[#This Row],[adj scalar]] -> 63287.271
A6: BTCW | B6: 66.82 | C6: 66.96 | D6: 2026-06-12_09-38-50 | E6: 946.0844 | F6: =Sheet1!L7 -> 0 | G6: =Table1[[#This Row],[scalar]]-Table1[[#This Row],[adj]] -> 946.0844 | H6: =Table1[[#This Row],[price_mkt_bid]]*Table1[[#This Row],[adj scalar]] -> 63217.36 | I6: =Table1[[#This Row],[price_mkt_ask]]*Table1[[#This Row],[adj scalar]] -> 63349.811
A7: EZBC | B7: 36.56 | C7: 36.58 | D7: 2026-06-12_09-38-50 | E7: 1730.0558 | F7: =Sheet1!L8 -> -0.2 | G7: =Table1[[#This Row],[scalar]]-Table1[[#This Row],[adj]] -> 1730.2558 | H7: =Table1[[#This Row],[price_mkt_bid]]*Table1[[#This Row],[adj scalar]] -> 63258.152 | I7: =Table1[[#This Row],[price_mkt_ask]]*Table1[[#This Row],[adj scalar]] -> 63292.757
A8: FBTC | B8: 55.08 | C8: 55.09 | D8: 2026-06-12_09-38-50 | E8: 1148.79 | F8: =Sheet1!L9 -> 0.05 | G8: =Table1[[#This Row],[scalar]]-Table1[[#This Row],[adj]] -> 1148.74 | H8: =Table1[[#This Row],[price_mkt_bid]]*Table1[[#This Row],[adj scalar]] -> 63272.599 | I8: =Table1[[#This Row],[price_mkt_ask]]*Table1[[#This Row],[adj scalar]] -> 63284.087
A9: GBTC | B9: 49.1 | C9: 49.11 | D9: 2026-06-12_09-38-50 | E9: 1288.6375 | F9: =Sheet1!L10 -> -0.05 | G9: =Table1[[#This Row],[scalar]]-Table1[[#This Row],[adj]] -> 1288.6875 | H9: =Table1[[#This Row],[price_mkt_bid]]*Table1[[#This Row],[adj scalar]] -> 63274.556 | I9: =Table1[[#This Row],[price_mkt_ask]]*Table1[[#This Row],[adj scalar]] -> 63287.443
A10: HODL | B10: 17.89 | C10: 17.9 | D10: 2026-06-12_09-38-50 | E10: 3535.8029 | F10: =Sheet1!L11 -> 0 | G10: =Table1[[#This Row],[scalar]]-Table1[[#This Row],[adj]] -> 3535.8029 | H10: =Table1[[#This Row],[price_mkt_bid]]*Table1[[#This Row],[adj scalar]] -> 63255.514 | I10: =Table1[[#This Row],[price_mkt_ask]]*Table1[[#This Row],[adj scalar]] -> 63290.872
A11: IBIT | B11: 35.84 | C11: 35.85 | D11: 2026-06-12_09-38-50 | E11: 1764.9625 | F11: =Sheet1!L12 -> 0 | G11: =Table1[[#This Row],[scalar]]-Table1[[#This Row],[adj]] -> 1764.9625 | H11: =Table1[[#This Row],[price_mkt_bid]]*Table1[[#This Row],[adj scalar]] -> 63256.256 | I11: =Table1[[#This Row],[price_mkt_ask]]*Table1[[#This Row],[adj scalar]] -> 63273.906
A12: ARKB | B12: 20.95 | C12: 20.96 | D12: 2026-06-12_09-53-15 | E12: 3014.8104 | F12: =F2 -> -0.1 | G12: =Table1[[#This Row],[scalar]]-Table1[[#This Row],[adj]] -> 3014.9104 | H12: =Table1[[#This Row],[price_mkt_bid]]*Table1[[#This Row],[adj scalar]] -> 63162.373 | I12: =Table1[[#This Row],[price_mkt_ask]]*Table1[[#This Row],[adj scalar]] -> 63192.522
A13: BITB | B13: 34.3 | C13: 34.31 | D13: 2026-06-12_09-53-15 | E13: 1842.0297 | F13: =F3 -> 0.1 | G13: =Table1[[#This Row],[scalar]]-Table1[[#This Row],[adj]] -> 1841.9297 | H13: =Table1[[#This Row],[price_mkt_bid]]*Table1[[#This Row],[adj scalar]] -> 63178.189 | I13: =Table1[[#This Row],[price_mkt_ask]]*Table1[[#This Row],[adj scalar]] -> 63196.608
A14: BRRR | B14: 17.81 | C14: 17.82 | D14: 2026-06-12_09-53-15 | E14: 3546.4071 | F14: =F4 -> 0 | G14: =Table1[[#This Row],[scalar]]-Table1[[#This Row],[adj]] -> 3546.4071 | H14: =Table1[[#This Row],[price_mkt_bid]]*Table1[[#This Row],[adj scalar]] -> 63161.51 | I14: =Table1[[#This Row],[price_mkt_ask]]*Table1[[#This Row],[adj scalar]] -> 63196.975
A15: BTC | B15: 27.94 | C15: 27.95 | D15: 2026-06-12_09-53-15 | E15: 2261.2672 | F15: =F5 -> 0.2 | G15: =Table1[[#This Row],[scalar]]-Table1[[#This Row],[adj]] -> 2261.0672 | H15: =Table1[[#This Row],[price_mkt_bid]]*Table1[[#This Row],[adj scalar]] -> 63174.218 | I15: =Table1[[#This Row],[price_mkt_ask]]*Table1[[#This Row],[adj scalar]] -> 63196.828
A16: BTCW | B16: 66.74 | C16: 66.86 | D16: 2026-06-12_09-53-15 | E16: 946.0844 | F16: =F6 -> 0 | G16: =Table1[[#This Row],[scalar]]-Table1[[#This Row],[adj]] -> 946.0844 | H16: =Table1[[#This Row],[price_mkt_bid]]*Table1[[#This Row],[adj scalar]] -> 63141.673 | I16: =Table1[[#This Row],[price_mkt_ask]]*Table1[[#This Row],[adj scalar]] -> 63255.203
A17: EZBC | B17: 36.51 | C17: 36.52 | D17: 2026-06-12_09-53-15 | E17: 1730.0558 | F17: =F7 -> -0.2 | G17: =Table1[[#This Row],[scalar]]-Table1[[#This Row],[adj]] -> 1730.2558 | H17: =Table1[[#This Row],[price_mkt_bid]]*Table1[[#This Row],[adj scalar]] -> 63171.639 | I17: =Table1[[#This Row],[price_mkt_ask]]*Table1[[#This Row],[adj scalar]] -> 63188.942
A18: FBTC | B18: 55 | C18: 55.01 | D18: 2026-06-12_09-53-15 | E18: 1148.79 | F18: =F8 -> 0.05 | G18: =Table1[[#This Row],[scalar]]-Table1[[#This Row],[adj]] -> 1148.74 | H18: =Table1[[#This Row],[price_mkt_bid]]*Table1[[#This Row],[adj scalar]] -> 63180.7 | I18: =Table1[[#This Row],[price_mkt_ask]]*Table1[[#This Row],[adj scalar]] -> 63192.187
A19: GBTC | B19: 49.03 | C19: 49.04 | D19: 2026-06-12_09-53-15 | E19: 1288.6375 | F19: =F9 -> -0.05 | G19: =Table1[[#This Row],[scalar]]-Table1[[#This Row],[adj]] -> 1288.6875 | H19: =Table1[[#This Row],[price_mkt_bid]]*Table1[[#This Row],[adj scalar]] -> 63184.348 | I19: =Table1[[#This Row],[price_mkt_ask]]*Table1[[#This Row],[adj scalar]] -> 63197.235
A20: HODL | B20: 17.87 | C20: 17.88 | D20: 2026-06-12_09-53-15 | E20: 3535.8029 | F20: =F10 -> 0 | G20: =Table1[[#This Row],[scalar]]-Table1[[#This Row],[adj]] -> 3535.8029 | H20: =Table1[[#This Row],[price_mkt_bid]]*Table1[[#This Row],[adj scalar]] -> 63184.798 | I20: =Table1[[#This Row],[price_mkt_ask]]*Table1[[#This Row],[adj scalar]] -> 63220.156
A21: IBIT | B21: 35.79 | C21: 35.8 | D21: 2026-06-12_09-53-15 | E21: 1764.9625 | F21: =F11 -> 0 | G21: =Table1[[#This Row],[scalar]]-Table1[[#This Row],[adj]] -> 1764.9625 | H21: =Table1[[#This Row],[price_mkt_bid]]*Table1[[#This Row],[adj scalar]] -> 63168.008 | I21: =Table1[[#This Row],[price_mkt_ask]]*Table1[[#This Row],[adj scalar]] -> 63185.658
A22: ARKB | B22: 21 | C22: 21.01 | D22: 2026-06-12_10-13-43 | E22: 3014.8104 | F22: =F12 -> -0.1 | G22: =Table1[[#This Row],[scalar]]-Table1[[#This Row],[adj]] -> 3014.9104 | H22: =Table1[[#This Row],[price_mkt_bid]]*Table1[[#This Row],[adj scalar]] -> 63313.118 | I22: =Table1[[#This Row],[price_mkt_ask]]*Table1[[#This Row],[adj scalar]] -> 63343.268
A23: BITB | B23: 34.37 | C23: 34.38 | D23: 2026-06-12_10-13-43 | E23: 1842.0297 | F23: =F13 -> 0.1 | G23: =Table1[[#This Row],[scalar]]-Table1[[#This Row],[adj]] -> 1841.9297 | H23: =Table1[[#This Row],[price_mkt_bid]]*Table1[[#This Row],[adj scalar]] -> 63307.124 | I23: =Table1[[#This Row],[price_mkt_ask]]*Table1[[#This Row],[adj scalar]] -> 63325.543
... A211: IBIT | B211: 36.05 | C211: 36.06 | D211: 2026-06-12_15-45-28 | E211: 1764.9625 | F211: =F201 -> 0 | G211: =Table1[[#This Row],[scalar]]-Table1[[#This Row],[adj]] -> 1764.9625 | H211: =Table1[[#This Row],[price_mkt_bid]]*Table1[[#This Row],[adj scalar]] -> 63626.898 | I211: =Table1[[#This Row],[price_mkt_ask]]*Table1[[#This Row],[adj scalar]] -> 63644.548

Sheet Sheet1
A1: Row Labels | B1: Max of unit bid | C1: Min of unit ask | D1: net | E1: bid name | F1: ask name | Q1: running total
A2: 2026-06-12_09-38-50 | B2: 63274.556 | C2: 63273.906 | D2: =B2-C2 -> 0.650625 | E2: =_xlfn.XLOOKUP(B2,Table1[unit bid],Table1[my_fi_name]) -> GBTC | F2: =_xlfn.XLOOKUP(C2,Table1[unit ask],Table1[my_fi_name]) -> IBIT | I2: hit bid | J2: lift ask | K2: net | L2: diff | M2: price | N2: $ diff | Q2: =I2 -> hit bid | R2: =J2 -> lift ask | S2: =K2 -> net
A3: 2026-06-12_09-53-15 | B3: 63184.798 | C3: 63185.658 | D3: =B3-C3 -> -0.859677 | E3: =_xlfn.XLOOKUP(B3,Table1[unit bid],Table1[my_fi_name]) -> HODL | F3: =_xlfn.XLOOKUP(C3,Table1[unit ask],Table1[my_fi_name]) -> IBIT | H3: ARKB | I3: =COUNTIF(E:E,H3) -> 0 | J3: =COUNTIF(F:F,H3) -> 3 | K3: =I3-J3 -> -3 | L3: -0.1 | M3: ='ETF_2026-06-12'!C2 -> 20.99 | N3: =L3*M3 -> -2.099 | O3: =N3/C3 -> -3.3219564e-05 | Q3: =[1]Sheet1!Q3+I3 -> 3 | R3: =[1]Sheet1!R3+J3 -> 8 | S3: =Q3-R3 -> -5
A4: 2026-06-12_10-13-43 | B4: 63318.549 | C4: 63325.543 | D4: =B4-C4 -> -6.994286 | E4: =_xlfn.XLOOKUP(B4,Table1[unit bid],Table1[my_fi_name]) -> FBTC | F4: =_xlfn.XLOOKUP(C4,Table1[unit ask],Table1[my_fi_name]) -> BITB | H4: BITB | I4: =COUNTIF(E:E,H4) -> 1 | J4: =COUNTIF(F:F,H4) -> 4 | K4: =I4-J4 -> -3 | L4: 0.1 | M4: ='ETF_2026-06-12'!C3 -> 34.36 | N4: =L4*M4 -> 3.436 | O4: =N4/C4 -> 5.4259306e-05 | Q4: =[1]Sheet1!Q4+I4 -> 12 | R4: =[1]Sheet1!R4+J4 -> 11 | S4: =Q4-R4 -> 1
A5: 2026-06-12_11-42-48 | B5: 63815.805 | C5: 63812.507 | D5: =B5-C5 -> 3.298 | E5: =_xlfn.XLOOKUP(B5,Table1[unit bid],Table1[my_fi_name]) -> GBTC | F5: =_xlfn.XLOOKUP(C5,Table1[unit ask],Table1[my_fi_name]) -> FBTC | H5: BRRR | I5: =COUNTIF(E:E,H5) -> 2 | J5: =COUNTIF(F:F,H5) -> 1 | K5: =I5-J5 -> 1 | M5: ='ETF_2026-06-12'!C4 -> 17.85 | N5: =L5*M5 -> 0 | O5: =N5/C5 -> 0 | Q5: =[1]Sheet1!Q5+I5 -> 5 | R5: =[1]Sheet1!R5+J5 -> 1 | S5: =Q5-R5 -> 4
A6: 2026-06-12_11-45-28 | B6: 63880.239 | C6: 63878.122 | D6: =B6-C6 -> 2.117379 | E6: =_xlfn.XLOOKUP(B6,Table1[unit bid],Table1[my_fi_name]) -> GBTC | F6: =_xlfn.XLOOKUP(C6,Table1[unit ask],Table1[my_fi_name]) -> BITB | H6: BTC | I6: =COUNTIF(E:E,H6) -> 1 | J6: =COUNTIF(F:F,H6) -> 1 | K6: =I6-J6 -> 0 | L6: 0.2 | M6: ='ETF_2026-06-12'!C5 -> 27.99 | N6: =L6*M6 -> 5.598 | O6: =N6/C6 -> 8.7635638e-05 | Q6: =[1]Sheet1!Q6+I6 -> 7 | R6: =[1]Sheet1!R6+J6 -> 3 | S6: =Q6-R6 -> 4
A7: 2026-06-12_12-00-28 | B7: 63601.833 | C7: 63603.82 | D7: =B7-C7 -> -1.987795 | E7: =_xlfn.XLOOKUP(B7,Table1[unit bid],Table1[my_fi_name]) -> BITB | F7: =_xlfn.XLOOKUP(C7,Table1[unit ask],Table1[my_fi_name]) -> BTC | H7: BTCW | I7: =COUNTIF(E:E,H7) -> 0 | J7: =COUNTIF(F:F,H7) -> 0 | K7: =I7-J7 -> 0 | M7: ='ETF_2026-06-12'!C6 -> 66.96 | N7: =L7*M7 -> 0 | O7: =N7/C7 -> 0 | Q7: =[1]Sheet1!Q7+I7 -> 2 | R7: =[1]Sheet1!R7+J7 -> 0 | S7: =Q7-R7 -> 2
A8: 2026-06-12_12-15-28 | B8: 63880.239 | C8: 63881.431 | D8: =B8-C8 -> -1.192025 | E8: =_xlfn.XLOOKUP(B8,Table1[unit bid],Table1[my_fi_name]) -> GBTC | F8: =_xlfn.XLOOKUP(C8,Table1[unit ask],Table1[my_fi_name]) -> FBTC | H8: EZBC | I8: =COUNTIF(E:E,H8) -> 0 | J8: =COUNTIF(F:F,H8) -> 0 | K8: =I8-J8 -> 0 | L8: -0.2 | M8: ='ETF_2026-06-12'!C7 -> 36.58 | N8: =L8*M8 -> -7.316 | O8: =N8/C8 -> -0.00011452467 | Q8: =[1]Sheet1!Q8+I8 -> 0 | R8: =[1]Sheet1!R8+J8 -> 1 | S8: =Q8-R8 -> -1
A9: 2026-06-12_12-30-28 | B9: 63856.343 | C9: 63855.802 | D9: =B9-C9 -> 0.540978 | E9: =_xlfn.XLOOKUP(B9,Table1[unit bid],Table1[my_fi_name]) -> IBIT | F9: =_xlfn.XLOOKUP(C9,Table1[unit ask],Table1[my_fi_name]) -> ARKB | H9: FBTC | I9: =COUNTIF(E:E,H9) -> 1 | J9: =COUNTIF(F:F,H9) -> 9 | K9: =I9-J9 -> -8 | L9: 0.05 | M9: ='ETF_2026-06-12'!C8 -> 55.09 | N9: =L9*M9 -> 2.7545 | O9: =N9/C9 -> 4.3136252e-05 | Q9: =[1]Sheet1!Q9+I9 -> 10 | R9: =[1]Sheet1!R9+J9 -> 12 | S9: =Q9-R9 -> -2
A10: 2026-06-12_12-45-28 | B10: 63821.044 | C10: 63821.242 | D10: =B10-C10 -> -0.198345 | E10: =_xlfn.XLOOKUP(B10,Table1[unit bid],Table1[my_fi_name]) -> IBIT | F10: =_xlfn.XLOOKUP(C10,Table1[unit ask],Table1[my_fi_name]) -> HODL | H10: GBTC | I10: =COUNTIF(E:E,H10) -> 8 | J10: =COUNTIF(F:F,H10) -> 0 | K10: =I10-J10 -> 8 | L10: -0.05 | M10: ='ETF_2026-06-12'!C9 -> 49.11 | N10: =L10*M10 -> -2.4555 | O10: =N10/C10 -> -3.8474651e-05 | Q10: =[1]Sheet1!Q10+I10 -> 11 | R10: =[1]Sheet1!R10+J10 -> 9 | S10: =Q10-R10 -> 2
A11: 2026-06-12_13-00-28 | B11: 63944.591 | C11: 63941.72 | D11: =B11-C11 -> 2.871362 | E11: =_xlfn.XLOOKUP(B11,Table1[unit bid],Table1[my_fi_name]) -> IBIT | F11: =_xlfn.XLOOKUP(C11,Table1[unit ask],Table1[my_fi_name]) -> BRRR | H11: HODL | I11: =COUNTIF(E:E,H11) -> 1 | J11: =COUNTIF(F:F,H11) -> 1 | K11: =I11-J11 -> 0 | M11: ='ETF_2026-06-12'!C10 -> 17.9 | N11: =L11*M11 -> 0 | O11: =N11/C11 -> 0 | Q11: =[1]Sheet1!Q11+I11 -> 6 | R11: =[1]Sheet1!R11+J11 -> 7 | S11: =Q11-R11 -> -1
A12: 2026-06-12_13-15-28 | B12: 63856.343 | C12: 63855.802 | D12: =B12-C12 -> 0.540978 | E12: =_xlfn.XLOOKUP(B12,Table1[unit bid],Table1[my_fi_name]) -> IBIT | F12: =_xlfn.XLOOKUP(C12,Table1[unit ask],Table1[my_fi_name]) -> ARKB | H12: IBIT | I12: =COUNTIF(E:E,H12) -> 7 | J12: =COUNTIF(F:F,H12) -> 2 | K12: =I12-J12 -> 5 | M12: ='ETF_2026-06-12'!C11 -> 35.85 | N12: =L12*M12 -> 0 | O12: =N12/C12 -> 0 | Q12: =[1]Sheet1!Q12+I12 -> 7 | R12: =[1]Sheet1!R12+J12 -> 11 | S12: =Q12-R12 -> -4
A13: 2026-06-12_13-30-28 | B13: 63803.394 | C13: 63801.02 | D13: =B13-C13 -> 2.374775 | E13: =_xlfn.XLOOKUP(B13,Table1[unit bid],Table1[my_fi_name]) -> IBIT | F13: =_xlfn.XLOOKUP(C13,Table1[unit ask],Table1[my_fi_name]) -> FBTC | I13: =SUM(I3:I12) -> 21 | J13: =SUM(J3:J12) -> 21 | K13: =SUM(K3:K12) -> 0 | Q13: =SUM(Q3:Q12) -> 63 | R13: =SUM(R3:R12) -> 63 | S13: =SUM(S3:S12) -> 0
A14: 2026-06-12_13-45-28 | B14: 63815.805 | C14: 63812.507 | D14: =B14-C14 -> 3.298 | E14: =_xlfn.XLOOKUP(B14,Table1[unit bid],Table1[my_fi_name]) -> GBTC | F14: =_xlfn.XLOOKUP(C14,Table1[unit ask],Table1[my_fi_name]) -> FBTC
A15: 2026-06-12_14-00-28 | B15: 63838.694 | C15: 63835.482 | D15: =B15-C15 -> 3.211825 | E15: =_xlfn.XLOOKUP(B15,Table1[unit bid],Table1[my_fi_name]) -> IBIT | F15: =_xlfn.XLOOKUP(C15,Table1[unit ask],Table1[my_fi_name]) -> FBTC
A16: 2026-06-12_14-15-28 | B16: 63799.864 | C16: 63789.532 | D16: =B16-C16 -> 10.331529 | E16: =_xlfn.XLOOKUP(B16,Table1[unit bid],Table1[my_fi_name]) -> BRRR | F16: =_xlfn.XLOOKUP(C16,Table1[unit ask],Table1[my_fi_name]) -> FBTC
A17: 2026-06-12_14-30-28 | B17: 63738.484 | C17: 63732.095 | D17: =B17-C17 -> 6.38855 | E17: =_xlfn.XLOOKUP(B17,Table1[unit bid],Table1[my_fi_name]) -> GBTC | F17: =_xlfn.XLOOKUP(C17,Table1[unit ask],Table1[my_fi_name]) -> FBTC
A18: 2026-06-12_14-45-28 | B18: 63838.694 | C18: 63822.864 | D18: =B18-C18 -> 15.82952 | E18: =_xlfn.XLOOKUP(B18,Table1[unit bid],Table1[my_fi_name]) -> IBIT | F18: =_xlfn.XLOOKUP(C18,Table1[unit ask],Table1[my_fi_name]) -> BITB
A19: 2026-06-12_15-00-28 | B19: 63658.007 | C19: 63644.759 | D19: =B19-C19 -> 13.248901 | E19: =_xlfn.XLOOKUP(B19,Table1[unit bid],Table1[my_fi_name]) -> BRRR | F19: =_xlfn.XLOOKUP(C19,Table1[unit ask],Table1[my_fi_name]) -> ARKB
A20: 2026-06-12_15-15-28 | B20: 63674.049 | C20: 63674.658 | D20: =B20-C20 -> -0.608825 | E20: =_xlfn.XLOOKUP(B20,Table1[unit bid],Table1[my_fi_name]) -> GBTC | F20: =_xlfn.XLOOKUP(C20,Table1[unit ask],Table1[my_fi_name]) -> FBTC
A21: 2026-06-12_15-30-28 | B21: 63694.263 | C21: 63686.146 | D21: =B21-C21 -> 8.117424 | E21: =_xlfn.XLOOKUP(B21,Table1[unit bid],Table1[my_fi_name]) -> BTC | F21: =_xlfn.XLOOKUP(C21,Table1[unit ask],Table1[my_fi_name]) -> FBTC
A22: 2026-06-12_15-45-28 | B22: 63635.389 | C22: 63638.671 | D22: =B22-C22 -> -3.282385 | E22: =_xlfn.XLOOKUP(B22,Table1[unit bid],Table1[my_fi_name]) -> GBTC | F22: =_xlfn.XLOOKUP(C22,Table1[unit ask],Table1[my_fi_name]) -> BITB
D23: =SUM(D2:D22) -> 57.696508
