Workbook

Sheet ETF_2026-06-17
A1: my_fi_name | B1: price_screen_bid | C1: price_screen_ask | D1: time | E1: scalar | F1: adj | G1: adj scalar | H1: unit bid | I1: unit ask
A2: ARKB | B2: 21.77 | C2: 21.78 | D2: 2026-06-17_11-54-44 | E2: 3014.8623 | F2: =Sheet1!L3 -> 0 | G2: =E2+F2 -> 3014.8623 | H2: =B2*G2 -> 65633.552 | I2: =C2*G2 -> 65663.701
A3: BITB | B3: 35.63 | C3: 35.64 | D3: 2026-06-17_11-54-44 | E3: 1842.07 | F3: =Sheet1!L4 -> 0 | G3: =E3+F3 -> 1842.07 | H3: =B3*G3 -> 65632.954 | I3: =C3*G3 -> 65651.375
A4: BRRR | B4: 18.51 | C4: 18.52 | D4: 2026-06-17_11-54-44 | E4: 3546.465 | F4: =Sheet1!L5 -> 0 | G4: =E4+F4 -> 3546.465 | H4: =B4*G4 -> 65645.067 | I4: =C4*G4 -> 65680.532
A5: BTC | B5: 29.03 | C5: 29.04 | D5: 2026-06-17_11-54-44 | E5: 2261.2951 | F5: =Sheet1!L6 -> -0.1 | G5: =E5+F5 -> 2261.1951 | H5: =B5*G5 -> 65642.494 | I5: =C5*G5 -> 65665.106
A6: BTCW | B6: 69.38 | C6: 69.49 | D6: 2026-06-17_11-54-44 | E6: 946.1039 | F6: =Sheet1!L7 -> 0 | G6: =E6+F6 -> 946.1039 | H6: =B6*G6 -> 65640.689 | I6: =C6*G6 -> 65744.76
A7: EZBC | B7: 37.92 | C7: 37.95 | D7: 2026-06-17_11-54-44 | E7: 1730.1828 | F7: =Sheet1!L8 -> 0 | G7: =E7+F7 -> 1730.1828 | H7: =B7*G7 -> 65608.532 | I7: =C7*G7 -> 65660.437
A8: FBTC | B8: 57.13 | C8: 57.14 | D8: 2026-06-17_11-54-44 | E8: 1148.8137 | F8: =Sheet1!L9 -> 0 | G8: =E8+F8 -> 1148.8137 | H8: =B8*G8 -> 65631.727 | I8: =C8*G8 -> 65643.215
A9: GBTC | B9: 50.93 | C9: 50.95 | D9: 2026-06-17_11-54-44 | E9: 1288.7965 | F9: =Sheet1!L10 -> 0.05 | G9: =E9+F9 -> 1288.8465 | H9: =B9*G9 -> 65640.952 | I9: =C9*G9 -> 65666.729
A10: HODL | B10: 18.56 | C10: 18.57 | D10: 2026-06-17_11-54-44 | E10: 3535.8029 | F10: =Sheet1!L11 -> 0 | G10: =E10+F10 -> 3535.8029 | H10: =B10*G10 -> 65624.502 | I10: =C10*G10 -> 65659.86
A11: IBIT | B11: 37.18 | C11: 37.19 | D11: 2026-06-17_11-54-44 | E11: 1764.9988 | F11: =Sheet1!L12 -> 0 | G11: =E11+F11 -> 1764.9988 | H11: =B11*G11 -> 65622.655 | I11: =C11*G11 -> 65640.305
A12: ARKB | B12: 21.81 | C12: 21.82 | D12: 2026-06-17_12-09-44 | E12: =E2 -> 3014.8623 | F12: =F2 -> 0 | G12: =E12+F12 -> 3014.8623 | H12: =B12*G12 -> 65754.147 | I12: =C12*G12 -> 65784.295
A13: BITB | B13: 35.7 | C13: 35.71 | D13: 2026-06-17_12-09-44 | E13: =E3 -> 1842.07 | F13: =F3 -> 0 | G13: =E13+F13 -> 1842.07 | H13: =B13*G13 -> 65761.899 | I13: =C13*G13 -> 65780.32
A14: BRRR | B14: 18.54 | C14: 18.55 | D14: 2026-06-17_12-09-44 | E14: =E4 -> 3546.465 | F14: =F4 -> 0 | G14: =E14+F14 -> 3546.465 | H14: =B14*G14 -> 65751.461 | I14: =C14*G14 -> 65786.926
A15: BTC | B15: 29.08 | C15: 29.09 | D15: 2026-06-17_12-09-44 | E15: =E5 -> 2261.2951 | F15: =F5 -> -0.1 | G15: =E15+F15 -> 2261.1951 | H15: =B15*G15 -> 65755.554 | I15: =C15*G15 -> 65778.165
A16: BTCW | B16: 69.51 | C16: 69.59 | D16: 2026-06-17_12-09-44 | E16: =E6 -> 946.1039 | F16: =F6 -> 0 | G16: =E16+F16 -> 946.1039 | H16: =B16*G16 -> 65763.682 | I16: =C16*G16 -> 65839.37
A17: EZBC | B17: 38 | C17: 38.02 | D17: 2026-06-17_12-09-44 | E17: =E7 -> 1730.1828 | F17: =F7 -> 0 | G17: =E17+F17 -> 1730.1828 | H17: =B17*G17 -> 65746.946 | I17: =C17*G17 -> 65781.55
A18: FBTC | B18: 57.24 | C18: 57.25 | D18: 2026-06-17_12-09-44 | E18: =E8 -> 1148.8137 | F18: =F8 -> 0 | G18: =E18+F18 -> 1148.8137 | H18: =B18*G18 -> 65758.096 | I18: =C18*G18 -> 65769.584
A19: GBTC | B19: 51.03 | C19: 51.04 | D19: 2026-06-17_12-09-44 | E19: =E9 -> 1288.7965 | F19: =F9 -> 0.05 | G19: =E19+F19 -> 1288.8465 | H19: =B19*G19 -> 65769.837 | I19: =C19*G19 -> 65782.725
A20: HODL | B20: 18.59 | C20: 18.6 | D20: 2026-06-17_12-09-44 | E20: =E10 -> 3535.8029 | F20: =F10 -> 0 | G20: =E20+F20 -> 3535.8029 | H20: =B20*G20 -> 65730.576 | I20: =C20*G20 -> 65765.934
A21: IBIT | B21: 37.25 | C21: 37.26 | D21: 2026-06-17_12-09-44 | E21: =E11 -> 1764.9988 | F21: =F11 -> 0 | G21: =E21+F21 -> 1764.9988 | H21: =B21*G21 -> 65746.205 | I21: =C21*G21 -> 65763.855
A22: ARKB | B22: 21.79 | C22: 21.8 | D22: 2026-06-17_12-12-30 | E22: =E12 -> 3014.8623 | F22: =F12 -> 0 | G22: =E22+F22 -> 3014.8623 | H22: =B22*G22 -> 65693.85 | I22: =C22*G22 -> 65723.998
A23: BITB | B23: 35.67 | C23: 35.68 | D23: 2026-06-17_12-12-30 | E23: =E13 -> 1842.07 | F23: =F13 -> 0 | G23: =E23+F23 -> 1842.07 | H23: =B23*G23 -> 65706.637 | I23: =C23*G23 -> 65725.058
... A201: IBIT | B201: 36.46 | C201: 36.47 | D201: 2026-06-17_16-27-26 | E201: =E191 -> 1764.9988 | F201: =F191 -> 0 | G201: =E201+F201 -> 1764.9988 | H201: =B201*G201 -> 64351.856 | I201: =C201*G201 -> 64369.506

Sheet Sheet1
A1: Row Labels | B1: Max of unit bid | C1: Min of unit ask | D1: net | E1: bid name | F1: ask name
A2: 2026-06-17_11-54-44 | B2: 65645.067 | C2: 65640.305 | D2: =B2-C2 -> 4.761778 | E2: =_xlfn.XLOOKUP(B2,Table1[unit bid],Table1[my_fi_name]) -> BRRR | F2: =_xlfn.XLOOKUP(C2,Table1[unit ask],Table1[my_fi_name]) -> IBIT | I2: hit bid | J2: lift ask | K2: net | L2: diff | M2: price | N2: $ diff
A3: 2026-06-17_12-09-44 | B3: 65769.837 | C3: 65763.855 | D3: =B3-C3 -> 5.981607 | E3: =_xlfn.XLOOKUP(B3,Table1[unit bid],Table1[my_fi_name]) -> GBTC | F3: =_xlfn.XLOOKUP(C3,Table1[unit ask],Table1[my_fi_name]) -> IBIT | H3: ARKB | I3: =COUNTIF(E:E,H3) -> 2 | J3: =COUNTIF(F:F,H3) -> 0 | K3: =I3-J3 -> 2 | M3: ='[1]ETF_2026-06-16'!C2 -> 21.94 | N3: =L3*M3 -> 0 | O3: =N3/C3 -> 0
A4: 2026-06-17_12-12-30 | B4: 65715.996 | C4: 65710.905 | D4: =B4-C4 -> 5.091126 | E4: =_xlfn.XLOOKUP(B4,Table1[unit bid],Table1[my_fi_name]) -> BRRR | F4: =_xlfn.XLOOKUP(C4,Table1[unit ask],Table1[my_fi_name]) -> IBIT | H4: BITB | I4: =COUNTIF(E:E,H4) -> 0 | J4: =COUNTIF(F:F,H4) -> 1 | K4: =I4-J4 -> -1 | M4: ='[1]ETF_2026-06-16'!C3 -> 35.91 | N4: =L4*M4 -> 0 | O4: =N4/C4 -> 0
A5: 2026-06-17_12-27-30 | B5: 66130.714 | C5: 66130.313 | D5: =B5-C5 -> 0.400915 | E5: =_xlfn.XLOOKUP(B5,Table1[unit bid],Table1[my_fi_name]) -> GBTC | F5: =_xlfn.XLOOKUP(C5,Table1[unit ask],Table1[my_fi_name]) -> BITB | H5: BRRR | I5: =COUNTIF(E:E,H5) -> 2 | J5: =COUNTIF(F:F,H5) -> 0 | K5: =I5-J5 -> 2 | M5: ='[1]ETF_2026-06-16'!C4 -> 18.66 | N5: =L5*M5 -> 0 | O5: =N5/C5 -> 0
A6: 2026-06-17_12-42-30 | B6: 65936.449 | C6: 65940.355 | D6: =B6-C6 -> -3.906052 | E6: =_xlfn.XLOOKUP(B6,Table1[unit bid],Table1[my_fi_name]) -> BTC | F6: =_xlfn.XLOOKUP(C6,Table1[unit ask],Table1[my_fi_name]) -> IBIT | H6: BTC | I6: =COUNTIF(E:E,H6) -> 5 | J6: =COUNTIF(F:F,H6) -> 0 | K6: =I6-J6 -> 5 | L6: -0.1 | M6: ='[1]ETF_2026-06-16'!C5 -> 29.26 | N6: =L6*M6 -> -2.926 | O6: =N6/C6 -> -4.4373434e-05
A7: 2026-06-17_12-57-30 | B7: 65847.168 | C7: 65834.455 | D7: =B7-C7 -> 12.712445 | E7: =_xlfn.XLOOKUP(B7,Table1[unit bid],Table1[my_fi_name]) -> GBTC | F7: =_xlfn.XLOOKUP(C7,Table1[unit ask],Table1[my_fi_name]) -> IBIT | H7: BTCW | I7: =COUNTIF(E:E,H7) -> 1 | J7: =COUNTIF(F:F,H7) -> 0 | K7: =I7-J7 -> 1 | M7: ='[1]ETF_2026-06-16'!C6 -> 69.95 | N7: =L7*M7 -> 0 | O7: =N7/C7 -> 0
A8: 2026-06-17_13-12-30 | B8: 65874.741 | C8: 65869.755 | D8: =B8-C8 -> 4.986039 | E8: =_xlfn.XLOOKUP(B8,Table1[unit bid],Table1[my_fi_name]) -> ARKB | F8: =_xlfn.XLOOKUP(C8,Table1[unit ask],Table1[my_fi_name]) -> IBIT | H8: EZBC | I8: =COUNTIF(E:E,H8) -> 0 | J8: =COUNTIF(F:F,H8) -> 0 | K8: =I8-J8 -> 0 | M8: ='[1]ETF_2026-06-16'!C7 -> 38.23 | N8: =L8*M8 -> 0 | O8: =N8/C8 -> 0
A9: 2026-06-17_13-27-30 | B9: 65895.954 | C9: 65887.405 | D9: =B9-C9 -> 8.548628 | E9: =_xlfn.XLOOKUP(B9,Table1[unit bid],Table1[my_fi_name]) -> FBTC | F9: =_xlfn.XLOOKUP(C9,Table1[unit ask],Table1[my_fi_name]) -> IBIT | H9: FBTC | I9: =COUNTIF(E:E,H9) -> 3 | J9: =COUNTIF(F:F,H9) -> 1 | K9: =I9-J9 -> 2 | M9: ='[1]ETF_2026-06-16'!C8 -> 57.58 | N9: =L9*M9 -> 0 | O9: =N9/C9 -> 0
A10: 2026-06-17_13-42-30 | B10: 65808.502 | C10: 65799.155 | D10: =B10-C10 -> 9.347026 | E10: =_xlfn.XLOOKUP(B10,Table1[unit bid],Table1[my_fi_name]) -> GBTC | F10: =_xlfn.XLOOKUP(C10,Table1[unit ask],Table1[my_fi_name]) -> IBIT | H10: GBTC | I10: =COUNTIF(E:E,H10) -> 6 | J10: =COUNTIF(F:F,H10) -> 0 | K10: =I10-J10 -> 6 | L10: 0.05 | M10: ='[1]ETF_2026-06-16'!C9 -> 51.32 | N10: =L10*M10 -> 2.566 | O10: =N10/C10 -> 3.8997461e-05
A11: 2026-06-17_13-57-30 | B11: 66004.285 | C11: 65993.305 | D11: =B11-C11 -> 10.979837 | E11: =_xlfn.XLOOKUP(B11,Table1[unit bid],Table1[my_fi_name]) -> BTC | F11: =_xlfn.XLOOKUP(C11,Table1[unit ask],Table1[my_fi_name]) -> IBIT | H11: HODL | I11: =COUNTIF(E:E,H11) -> 1 | J11: =COUNTIF(F:F,H11) -> 0 | K11: =I11-J11 -> 1 | M11: ='[1]ETF_2026-06-16'!C10 -> 18.71 | N11: =L11*M11 -> 0 | O11: =N11/C11 -> 0
A12: 2026-06-17_14-12-30 | B12: 65325.926 | C12: 65322.606 | D12: =B12-C12 -> 3.320851 | E12: =_xlfn.XLOOKUP(B12,Table1[unit bid],Table1[my_fi_name]) -> BTC | F12: =_xlfn.XLOOKUP(C12,Table1[unit ask],Table1[my_fi_name]) -> IBIT | H12: IBIT | I12: =COUNTIF(E:E,H12) -> 0 | J12: =COUNTIF(F:F,H12) -> 18 | K12: =I12-J12 -> -18 | M12: ='[1]ETF_2026-06-16'!C11 -> 37.48 | N12: =L12*M12 -> 0 | O12: =N12/C12 -> 0
A13: 2026-06-17_14-27-30 | B13: 65303.314 | C13: 65298.571 | D13: =B13-C13 -> 4.74378 | E13: =_xlfn.XLOOKUP(B13,Table1[unit bid],Table1[my_fi_name]) -> BTC | F13: =_xlfn.XLOOKUP(C13,Table1[unit ask],Table1[my_fi_name]) -> FBTC | I13: =SUM(I3:I12) -> 20 | J13: =SUM(J3:J12) -> 20 | K13: =SUM(K3:K12) -> 0
A14: 2026-06-17_14-42-30 | B14: 65620.239 | C14: 65622.655 | D14: =B14-C14 -> -2.41684 | E14: =_xlfn.XLOOKUP(B14,Table1[unit bid],Table1[my_fi_name]) -> FBTC | F14: =_xlfn.XLOOKUP(C14,Table1[unit ask],Table1[my_fi_name]) -> IBIT
A15: 2026-06-17_14-57-25 | B15: 65602.287 | C15: 65587.355 | D15: =B15-C15 -> 14.931442 | E15: =_xlfn.XLOOKUP(B15,Table1[unit bid],Table1[my_fi_name]) -> GBTC | F15: =_xlfn.XLOOKUP(C15,Table1[unit ask],Table1[my_fi_name]) -> IBIT
A16: 2026-06-17_15-12-25 | B16: 65057.32 | C16: 65040.206 | D16: =B16-C16 -> 17.114051 | E16: =_xlfn.XLOOKUP(B16,Table1[unit bid],Table1[my_fi_name]) -> FBTC | F16: =_xlfn.XLOOKUP(C16,Table1[unit ask],Table1[my_fi_name]) -> IBIT
A17: 2026-06-17_15-27-26 | B17: 64775.909 | C17: 64775.456 | D17: =B17-C17 -> 0.453168 | E17: =_xlfn.XLOOKUP(B17,Table1[unit bid],Table1[my_fi_name]) -> HODL | F17: =_xlfn.XLOOKUP(C17,Table1[unit ask],Table1[my_fi_name]) -> IBIT
A18: 2026-06-17_15-42-26 | B18: 64150.105 | C18: 64140.056 | D18: =B18-C18 -> 10.048595 | E18: =_xlfn.XLOOKUP(B18,Table1[unit bid],Table1[my_fi_name]) -> BTC | F18: =_xlfn.XLOOKUP(C18,Table1[unit ask],Table1[my_fi_name]) -> IBIT
A19: 2026-06-17_15-57-26 | B19: 64136.383 | C19: 64104.756 | D19: =B19-C19 -> 31.626965 | E19: =_xlfn.XLOOKUP(B19,Table1[unit bid],Table1[my_fi_name]) -> BTCW | F19: =_xlfn.XLOOKUP(C19,Table1[unit ask],Table1[my_fi_name]) -> IBIT
A20: 2026-06-17_16-12-26 | B20: 64274.775 | C20: 64245.956 | D20: =B20-C20 -> 28.818635 | E20: =_xlfn.XLOOKUP(B20,Table1[unit bid],Table1[my_fi_name]) -> GBTC | F20: =_xlfn.XLOOKUP(C20,Table1[unit ask],Table1[my_fi_name]) -> IBIT
A21: 2026-06-17_16-27-26 | B21: 64367.31 | C21: 64369.506 | D21: =B21-C21 -> -2.196131 | E21: =_xlfn.XLOOKUP(B21,Table1[unit bid],Table1[my_fi_name]) -> ARKB | F21: =_xlfn.XLOOKUP(C21,Table1[unit ask],Table1[my_fi_name]) -> IBIT
D22: =SUM(D2:D21) -> 165.34786
