Workbook

Sheet ETF_2026-06-10
A1: my_fi_name | B1: price_mkt_bid | C1: price_mkt_ask | D1: time | E1: scalar | F1: adj | G1: adj scalar | H1: unit bid | I1: unit ask
A2: ARKB | B2: 20.73 | C2: 20.74 | D2: 2026-06-10_11-53-43 | E2: 3014.7412 | F2: =Sheet1!L3 -> -0.1 | G2: =Table1[[#This Row],[scalar]]-Table1[[#This Row],[adj]] -> 3014.8412 | H2: =Table1[[#This Row],[price_mkt_bid]]*Table1[[#This Row],[adj scalar]] -> 62497.658 | I2: =Table1[[#This Row],[price_mkt_ask]]*Table1[[#This Row],[adj scalar]] -> 62527.806
A3: BITB | B3: 33.93 | C3: 33.94 | D3: 2026-06-10_11-53-43 | E3: 1841.9893 | F3: =Sheet1!L4 -> 0.1 | G3: =Table1[[#This Row],[scalar]]-Table1[[#This Row],[adj]] -> 1841.8893 | H3: =Table1[[#This Row],[price_mkt_bid]]*Table1[[#This Row],[adj scalar]] -> 62495.304 | I3: =Table1[[#This Row],[price_mkt_ask]]*Table1[[#This Row],[adj scalar]] -> 62513.723
A4: BRRR | B4: 17.62 | C4: 17.63 | D4: 2026-06-10_11-53-43 | E4: 3546.3099 | F4: =Sheet1!L5 -> 0 | G4: =Table1[[#This Row],[scalar]]-Table1[[#This Row],[adj]] -> 3546.3099 | H4: =Table1[[#This Row],[price_mkt_bid]]*Table1[[#This Row],[adj scalar]] -> 62485.98 | I4: =Table1[[#This Row],[price_mkt_ask]]*Table1[[#This Row],[adj scalar]] -> 62521.444
A5: BTC | B5: 27.64 | C5: 27.65 | D5: 2026-06-10_11-53-43 | E5: 2261.23 | F5: =Sheet1!L6 -> 0.2 | G5: =Table1[[#This Row],[scalar]]-Table1[[#This Row],[adj]] -> 2261.03 | H5: =Table1[[#This Row],[price_mkt_bid]]*Table1[[#This Row],[adj scalar]] -> 62494.869 | I5: =Table1[[#This Row],[price_mkt_ask]]*Table1[[#This Row],[adj scalar]] -> 62517.48
A6: BTCW | B6: 66.06 | C6: 66.17 | D6: 2026-06-10_11-53-43 | E6: 946.0584 | F6: =Sheet1!L7 -> 0 | G6: =Table1[[#This Row],[scalar]]-Table1[[#This Row],[adj]] -> 946.0584 | H6: =Table1[[#This Row],[price_mkt_bid]]*Table1[[#This Row],[adj scalar]] -> 62496.618 | I6: =Table1[[#This Row],[price_mkt_ask]]*Table1[[#This Row],[adj scalar]] -> 62600.684
A7: EZBC | B7: 36.12 | C7: 36.14 | D7: 2026-06-10_11-53-43 | E7: 1730.0198 | F7: =Sheet1!L8 -> -0.2 | G7: =Table1[[#This Row],[scalar]]-Table1[[#This Row],[adj]] -> 1730.2198 | H7: =Table1[[#This Row],[price_mkt_bid]]*Table1[[#This Row],[adj scalar]] -> 62495.539 | I7: =Table1[[#This Row],[price_mkt_ask]]*Table1[[#This Row],[adj scalar]] -> 62530.144
A8: FBTC | B8: 54.41 | C8: 54.42 | D8: 2026-06-10_11-53-43 | E8: 1148.7584 | F8: =Sheet1!L9 -> 0.05 | G8: =Table1[[#This Row],[scalar]]-Table1[[#This Row],[adj]] -> 1148.7084 | H8: =Table1[[#This Row],[price_mkt_bid]]*Table1[[#This Row],[adj scalar]] -> 62501.224 | I8: =Table1[[#This Row],[price_mkt_ask]]*Table1[[#This Row],[adj scalar]] -> 62512.711
A9: GBTC | B9: 48.51 | C9: 48.52 | D9: 2026-06-10_11-53-43 | E9: 1288.4256 | F9: =Sheet1!L10 -> -0.05 | G9: =Table1[[#This Row],[scalar]]-Table1[[#This Row],[adj]] -> 1288.4756 | H9: =Table1[[#This Row],[price_mkt_bid]]*Table1[[#This Row],[adj scalar]] -> 62503.951 | I9: =Table1[[#This Row],[price_mkt_ask]]*Table1[[#This Row],[adj scalar]] -> 62516.836
A10: HODL | B10: 17.67 | C10: 17.68 | D10: 2026-06-10_11-53-43 | E10: 3535.8029 | F10: =Sheet1!L11 -> 0 | G10: =Table1[[#This Row],[scalar]]-Table1[[#This Row],[adj]] -> 3535.8029 | H10: =Table1[[#This Row],[price_mkt_bid]]*Table1[[#This Row],[adj scalar]] -> 62477.637 | I10: =Table1[[#This Row],[price_mkt_ask]]*Table1[[#This Row],[adj scalar]] -> 62512.995
A11: IBIT | B11: 35.41 | C11: 35.42 | D11: 2026-06-10_11-53-43 | E11: 1764.9141 | F11: =Sheet1!L12 -> 0 | G11: =Table1[[#This Row],[scalar]]-Table1[[#This Row],[adj]] -> 1764.9141 | H11: =Table1[[#This Row],[price_mkt_bid]]*Table1[[#This Row],[adj scalar]] -> 62495.608 | I11: =Table1[[#This Row],[price_mkt_ask]]*Table1[[#This Row],[adj scalar]] -> 62513.257
A12: ARKB | B12: 20.68 | C12: 20.69 | D12: 2026-06-10_12-08-43 | E12: 3014.7412 | F12: =F2 -> -0.1 | G12: =Table1[[#This Row],[scalar]]-Table1[[#This Row],[adj]] -> 3014.8412 | H12: =Table1[[#This Row],[price_mkt_bid]]*Table1[[#This Row],[adj scalar]] -> 62346.916 | I12: =Table1[[#This Row],[price_mkt_ask]]*Table1[[#This Row],[adj scalar]] -> 62377.064
A13: BITB | B13: 33.86 | C13: 33.87 | D13: 2026-06-10_12-08-43 | E13: 1841.9893 | F13: =F3 -> 0.1 | G13: =Table1[[#This Row],[scalar]]-Table1[[#This Row],[adj]] -> 1841.8893 | H13: =Table1[[#This Row],[price_mkt_bid]]*Table1[[#This Row],[adj scalar]] -> 62366.372 | I13: =Table1[[#This Row],[price_mkt_ask]]*Table1[[#This Row],[adj scalar]] -> 62384.791
A14: BRRR | B14: 17.58 | C14: 17.59 | D14: 2026-06-10_12-08-43 | E14: 3546.3099 | F14: =F4 -> 0 | G14: =Table1[[#This Row],[scalar]]-Table1[[#This Row],[adj]] -> 3546.3099 | H14: =Table1[[#This Row],[price_mkt_bid]]*Table1[[#This Row],[adj scalar]] -> 62344.128 | I14: =Table1[[#This Row],[price_mkt_ask]]*Table1[[#This Row],[adj scalar]] -> 62379.591
A15: BTC | B15: 27.58 | C15: 27.59 | D15: 2026-06-10_12-08-43 | E15: 2261.23 | F15: =F5 -> 0.2 | G15: =Table1[[#This Row],[scalar]]-Table1[[#This Row],[adj]] -> 2261.03 | H15: =Table1[[#This Row],[price_mkt_bid]]*Table1[[#This Row],[adj scalar]] -> 62359.207 | I15: =Table1[[#This Row],[price_mkt_ask]]*Table1[[#This Row],[adj scalar]] -> 62381.818
A16: BTCW | B16: 65.92 | C16: 66.03 | D16: 2026-06-10_12-08-43 | E16: 946.0584 | F16: =F6 -> 0 | G16: =Table1[[#This Row],[scalar]]-Table1[[#This Row],[adj]] -> 946.0584 | H16: =Table1[[#This Row],[price_mkt_bid]]*Table1[[#This Row],[adj scalar]] -> 62364.17 | I16: =Table1[[#This Row],[price_mkt_ask]]*Table1[[#This Row],[adj scalar]] -> 62468.236
A17: EZBC | B17: 36.03 | C17: 36.05 | D17: 2026-06-10_12-08-43 | E17: 1730.0198 | F17: =F7 -> -0.2 | G17: =Table1[[#This Row],[scalar]]-Table1[[#This Row],[adj]] -> 1730.2198 | H17: =Table1[[#This Row],[price_mkt_bid]]*Table1[[#This Row],[adj scalar]] -> 62339.819 | I17: =Table1[[#This Row],[price_mkt_ask]]*Table1[[#This Row],[adj scalar]] -> 62374.424
A18: FBTC | B18: 54.29 | C18: 54.3 | D18: 2026-06-10_12-08-43 | E18: 1148.7584 | F18: =F8 -> 0.05 | G18: =Table1[[#This Row],[scalar]]-Table1[[#This Row],[adj]] -> 1148.7084 | H18: =Table1[[#This Row],[price_mkt_bid]]*Table1[[#This Row],[adj scalar]] -> 62363.379 | I18: =Table1[[#This Row],[price_mkt_ask]]*Table1[[#This Row],[adj scalar]] -> 62374.866
A19: GBTC | B19: 48.4 | C19: 48.41 | D19: 2026-06-10_12-08-43 | E19: 1288.4256 | F19: =F9 -> -0.05 | G19: =Table1[[#This Row],[scalar]]-Table1[[#This Row],[adj]] -> 1288.4756 | H19: =Table1[[#This Row],[price_mkt_bid]]*Table1[[#This Row],[adj scalar]] -> 62362.219 | I19: =Table1[[#This Row],[price_mkt_ask]]*Table1[[#This Row],[adj scalar]] -> 62375.104
A20: HODL | B20: 17.63 | C20: 17.64 | D20: 2026-06-10_12-08-43 | E20: 3535.8029 | F20: =F10 -> 0 | G20: =Table1[[#This Row],[scalar]]-Table1[[#This Row],[adj]] -> 3535.8029 | H20: =Table1[[#This Row],[price_mkt_bid]]*Table1[[#This Row],[adj scalar]] -> 62336.205 | I20: =Table1[[#This Row],[price_mkt_ask]]*Table1[[#This Row],[adj scalar]] -> 62371.563
A21: IBIT | B21: 35.33 | C21: 35.34 | D21: 2026-06-10_12-08-43 | E21: 1764.9141 | F21: =F11 -> 0 | G21: =Table1[[#This Row],[scalar]]-Table1[[#This Row],[adj]] -> 1764.9141 | H21: =Table1[[#This Row],[price_mkt_bid]]*Table1[[#This Row],[adj scalar]] -> 62354.415 | I21: =Table1[[#This Row],[price_mkt_ask]]*Table1[[#This Row],[adj scalar]] -> 62372.064
A22: ARKB | B22: 20.64 | C22: 20.65 | D22: 2026-06-10_12-23-43 | E22: 3014.7412 | F22: =F12 -> -0.1 | G22: =Table1[[#This Row],[scalar]]-Table1[[#This Row],[adj]] -> 3014.8412 | H22: =Table1[[#This Row],[price_mkt_bid]]*Table1[[#This Row],[adj scalar]] -> 62226.322 | I22: =Table1[[#This Row],[price_mkt_ask]]*Table1[[#This Row],[adj scalar]] -> 62256.471
A23: BITB | B23: 33.79 | C23: 33.8 | D23: 2026-06-10_12-23-43 | E23: 1841.9893 | F23: =F13 -> 0.1 | G23: =Table1[[#This Row],[scalar]]-Table1[[#This Row],[adj]] -> 1841.8893 | H23: =Table1[[#This Row],[price_mkt_bid]]*Table1[[#This Row],[adj scalar]] -> 62237.439 | I23: =Table1[[#This Row],[price_mkt_ask]]*Table1[[#This Row],[adj scalar]] -> 62255.858
... A171: IBIT | B171: 35.09 | C171: 35.1 | D171: 2026-06-10_15-53-43 | E171: 1764.9141 | F171: =F161 -> 0 | G171: =Table1[[#This Row],[scalar]]-Table1[[#This Row],[adj]] -> 1764.9141 | H171: =Table1[[#This Row],[price_mkt_bid]]*Table1[[#This Row],[adj scalar]] -> 61930.836 | I171: =Table1[[#This Row],[price_mkt_ask]]*Table1[[#This Row],[adj scalar]] -> 61948.485

Sheet Sheet1
A1: Row Labels | B1: Max of unit bid | C1: Min of unit ask | D1: net | E1: bid name | F1: ask name | Q1: running total
A2: 2026-06-10_11-53-43 | B2: 62503.951 | C2: 62512.711 | D2: =C2-B2 -> 8.759772 | E2: =_xlfn.XLOOKUP(B2,'ETF_2026-06-10'!H$1:H$171,'ETF_2026-06-10'!A$1:A$171) -> GBTC | F2: =_xlfn.XLOOKUP(C2,'ETF_2026-06-10'!I$1:I$171,'ETF_2026-06-10'!A$1:A$171) -> FBTC | I2: hit bid | J2: lift ask | K2: net | L2: diff | M2: price | N2: $ diff | O2: % diff | Q2: =I2 -> hit bid | R2: =J2 -> lift ask | S2: =K2 -> net
A3: 2026-06-10_12-08-43 | B3: 62366.372 | C3: 62371.563 | D3: =C3-B3 -> 5.191458 | E3: =_xlfn.XLOOKUP(B3,'ETF_2026-06-10'!H$1:H$171,'ETF_2026-06-10'!A$1:A$171) -> BITB | F3: =_xlfn.XLOOKUP(C3,'ETF_2026-06-10'!I$1:I$171,'ETF_2026-06-10'!A$1:A$171) -> HODL | H3: ARKB | I3: =COUNTIF(E:E,H3) -> 1 | J3: =COUNTIF(F:F,H3) -> 3 | K3: =I3-J3 -> -2 | L3: =[1]Sheet1!L3 -> -0.1 | M3: ='ETF_2026-06-10'!C2 -> 20.74 | N3: =L3*M3 -> -2.074 | O3: =N3/C3 -> -3.3252333e-05 | Q3: =I3 -> 1 | R3: =J3 -> 3 | S3: =Q3-R3 -> -2
A4: 2026-06-10_12-23-43 | B4: 62237.439 | C4: 62230.871 | D4: =C4-B4 -> -6.568281 | E4: =_xlfn.XLOOKUP(B4,'ETF_2026-06-10'!H$1:H$171,'ETF_2026-06-10'!A$1:A$171) -> BITB | F4: =_xlfn.XLOOKUP(C4,'ETF_2026-06-10'!I$1:I$171,'ETF_2026-06-10'!A$1:A$171) -> IBIT | H4: BITB | I4: =COUNTIF(E:E,H4) -> 10 | J4: =COUNTIF(F:F,H4) -> 0 | K4: =I4-J4 -> 10 | L4: =[1]Sheet1!L4 -> 0.1 | M4: ='ETF_2026-06-10'!C3 -> 33.94 | N4: =L4*M4 -> 3.394 | O4: =N4/C4 -> 5.4538848e-05 | Q4: =I4 -> 10 | R4: =J4 -> 0 | S4: =Q4-R4 -> 10
A5: 2026-06-10_12-38-43 | B5: 62286.619 | C5: 62283.819 | D5: =C5-B5 -> -2.800603 | E5: =_xlfn.XLOOKUP(B5,'ETF_2026-06-10'!H$1:H$171,'ETF_2026-06-10'!A$1:A$171) -> ARKB | F5: =_xlfn.XLOOKUP(C5,'ETF_2026-06-10'!I$1:I$171,'ETF_2026-06-10'!A$1:A$171) -> IBIT | H5: BRRR | I5: =COUNTIF(E:E,H5) -> 0 | J5: =COUNTIF(F:F,H5) -> 0 | K5: =I5-J5 -> 0 | L5: =[1]Sheet1!L5 -> 0 | M5: ='ETF_2026-06-10'!C4 -> 17.63 | N5: =L5*M5 -> 0 | O5: =N5/C5 -> 0 | Q5: =I5 -> 0 | R5: =J5 -> 0 | S5: =Q5-R5 -> 0
A6: 2026-06-10_12-53-43 | B6: 62080.352 | C6: 62078.754 | D6: =C6-B6 -> -1.5978 | E6: =_xlfn.XLOOKUP(B6,'ETF_2026-06-10'!H$1:H$171,'ETF_2026-06-10'!A$1:A$171) -> BTCW | F6: =_xlfn.XLOOKUP(C6,'ETF_2026-06-10'!I$1:I$171,'ETF_2026-06-10'!A$1:A$171) -> GBTC | H6: BTC | I6: =COUNTIF(E:E,H6) -> 0 | J6: =COUNTIF(F:F,H6) -> 2 | K6: =I6-J6 -> -2 | L6: =[1]Sheet1!L6 -> 0.2 | M6: ='ETF_2026-06-10'!C5 -> 27.65 | N6: =L6*M6 -> 5.53 | O6: =N6/C6 -> 8.9080396e-05 | Q6: =I6 -> 0 | R6: =J6 -> 2 | S6: =Q6-R6 -> -2
A7: 2026-06-10_13-08-43 | B7: 62110.663 | C7: 62105.729 | D7: =C7-B7 -> -4.934468 | E7: =_xlfn.XLOOKUP(B7,'ETF_2026-06-10'!H$1:H$171,'ETF_2026-06-10'!A$1:A$171) -> FBTC | F7: =_xlfn.XLOOKUP(C7,'ETF_2026-06-10'!I$1:I$171,'ETF_2026-06-10'!A$1:A$171) -> ARKB | H7: BTCW | I7: =COUNTIF(E:E,H7) -> 2 | J7: =COUNTIF(F:F,H7) -> 0 | K7: =I7-J7 -> 2 | L7: =[1]Sheet1!L7 -> 0 | M7: ='ETF_2026-06-10'!C6 -> 66.17 | N7: =L7*M7 -> 0 | O7: =N7/C7 -> 0 | Q7: =I7 -> 2 | R7: =J7 -> 0 | S7: =Q7-R7 -> 2
A8: 2026-06-10_13-23-43 | B8: 62016.413 | C8: 62001.446 | D8: =C8-B8 -> -14.966859 | E8: =_xlfn.XLOOKUP(B8,'ETF_2026-06-10'!H$1:H$171,'ETF_2026-06-10'!A$1:A$171) -> BITB | F8: =_xlfn.XLOOKUP(C8,'ETF_2026-06-10'!I$1:I$171,'ETF_2026-06-10'!A$1:A$171) -> GBTC | H8: EZBC | I8: =COUNTIF(E:E,H8) -> 0 | J8: =COUNTIF(F:F,H8) -> 0 | K8: =I8-J8 -> 0 | L8: =[1]Sheet1!L8 -> -0.2 | M8: ='ETF_2026-06-10'!C7 -> 36.14 | N8: =L8*M8 -> -7.228 | O8: =N8/C8 -> -0.00011657793 | Q8: =I8 -> 0 | R8: =J8 -> 0 | S8: =Q8-R8 -> 0
A9: 2026-06-10_13-38-43 | B9: 61666.454 | C9: 61664.403 | D9: =C9-B9 -> -2.051188 | E9: =_xlfn.XLOOKUP(B9,'ETF_2026-06-10'!H$1:H$171,'ETF_2026-06-10'!A$1:A$171) -> BITB | F9: =_xlfn.XLOOKUP(C9,'ETF_2026-06-10'!I$1:I$171,'ETF_2026-06-10'!A$1:A$171) -> HODL | H9: FBTC | I9: =COUNTIF(E:E,H9) -> 3 | J9: =COUNTIF(F:F,H9) -> 1 | K9: =I9-J9 -> 2 | L9: =[1]Sheet1!L9 -> 0.05 | M9: ='ETF_2026-06-10'!C8 -> 54.42 | N9: =L9*M9 -> 2.721 | O9: =N9/C9 -> 4.4125944e-05 | Q9: =I9 -> 3 | R9: =J9 -> 1 | S9: =Q9-R9 -> 2
A10: 2026-06-10_13-53-43 | B10: 61777.538 | C10: 61770.477 | D10: =C10-B10 -> -7.061089 | E10: =_xlfn.XLOOKUP(B10,'ETF_2026-06-10'!H$1:H$171,'ETF_2026-06-10'!A$1:A$171) -> FBTC | F10: =_xlfn.XLOOKUP(C10,'ETF_2026-06-10'!I$1:I$171,'ETF_2026-06-10'!A$1:A$171) -> HODL | H10: GBTC | I10: =COUNTIF(E:E,H10) -> 1 | J10: =COUNTIF(F:F,H10) -> 4 | K10: =I10-J10 -> -3 | L10: =[1]Sheet1!L10 -> -0.05 | M10: ='ETF_2026-06-10'!C9 -> 48.52 | N10: =L10*M10 -> -2.426 | O10: =N10/C10 -> -3.9274426e-05 | Q10: =I10 -> 1 | R10: =J10 -> 4 | S10: =Q10-R10 -> -3
A11: 2026-06-10_14-08-43 | B11: 61979.575 | C11: 61975.676 | D11: =C11-B11 -> -3.898585 | E11: =_xlfn.XLOOKUP(B11,'ETF_2026-06-10'!H$1:H$171,'ETF_2026-06-10'!A$1:A$171) -> BITB | F11: =_xlfn.XLOOKUP(C11,'ETF_2026-06-10'!I$1:I$171,'ETF_2026-06-10'!A$1:A$171) -> GBTC | H11: HODL | I11: =COUNTIF(E:E,H11) -> 0 | J11: =COUNTIF(F:F,H11) -> 5 | K11: =I11-J11 -> -5 | L11: =[1]Sheet1!L11 -> 0 | M11: ='ETF_2026-06-10'!C10 -> 17.68 | N11: =L11*M11 -> 0 | O11: =N11/C11 -> 0 | Q11: =I11 -> 0 | R11: =J11 -> 5 | S11: =Q11-R11 -> -5
A12: 2026-06-10_14-23-43 | B12: 61869.434 | C12: 61864.541 | D12: =C12-B12 -> -4.893 | E12: =_xlfn.XLOOKUP(B12,'ETF_2026-06-10'!H$1:H$171,'ETF_2026-06-10'!A$1:A$171) -> FBTC | F12: =_xlfn.XLOOKUP(C12,'ETF_2026-06-10'!I$1:I$171,'ETF_2026-06-10'!A$1:A$171) -> ARKB | H12: IBIT | I12: =COUNTIF(E:E,H12) -> 0 | J12: =COUNTIF(F:F,H12) -> 2 | K12: =I12-J12 -> -2 | L12: =[1]Sheet1!L12 -> 0 | M12: ='ETF_2026-06-10'!C11 -> 35.42 | N12: =L12*M12 -> 0 | O12: =N12/C12 -> 0 | Q12: =I12 -> 0 | R12: =J12 -> 2 | S12: =Q12-R12 -> -2
A13: 2026-06-10_14-38-43 | B13: 61740.129 | C13: 61726.119 | D13: =C13-B13 -> -14.010336 | E13: =_xlfn.XLOOKUP(B13,'ETF_2026-06-10'!H$1:H$171,'ETF_2026-06-10'!A$1:A$171) -> BITB | F13: =_xlfn.XLOOKUP(C13,'ETF_2026-06-10'!I$1:I$171,'ETF_2026-06-10'!A$1:A$171) -> BTC | I13: =SUM(I3:I12) -> 17 | J13: =SUM(J3:J12) -> 17 | K13: =SUM(K3:K12) -> 0 | Q13: =SUM(Q3:Q12) -> 17 | R13: =SUM(R3:R12) -> 17 | S13: =SUM(S3:S12) -> 0
A14: 2026-06-10_14-53-43 | B14: 61721.71 | C14: 61726.119 | D14: =C14-B14 -> 4.408557 | E14: =_xlfn.XLOOKUP(B14,'ETF_2026-06-10'!H$1:H$171,'ETF_2026-06-10'!A$1:A$171) -> BITB | F14: =_xlfn.XLOOKUP(C14,'ETF_2026-06-10'!I$1:I$171,'ETF_2026-06-10'!A$1:A$171) -> BTC
A15: 2026-06-10_15-08-43 | B15: 61850.643 | C15: 61841.193 | D15: =C15-B15 -> -9.449973 | E15: =_xlfn.XLOOKUP(B15,'ETF_2026-06-10'!H$1:H$171,'ETF_2026-06-10'!A$1:A$171) -> BITB | F15: =_xlfn.XLOOKUP(C15,'ETF_2026-06-10'!I$1:I$171,'ETF_2026-06-10'!A$1:A$171) -> HODL
A16: 2026-06-10_15-23-43 | B16: 61629.616 | C16: 61623.354 | D16: =C16-B16 -> -6.26185 | E16: =_xlfn.XLOOKUP(B16,'ETF_2026-06-10'!H$1:H$171,'ETF_2026-06-10'!A$1:A$171) -> BITB | F16: =_xlfn.XLOOKUP(C16,'ETF_2026-06-10'!I$1:I$171,'ETF_2026-06-10'!A$1:A$171) -> ARKB
A17: 2026-06-10_15-38-43 | B17: 61928.983 | C17: 61911.909 | D17: =C17-B17 -> -17.074085 | E17: =_xlfn.XLOOKUP(B17,'ETF_2026-06-10'!H$1:H$171,'ETF_2026-06-10'!A$1:A$171) -> BTCW | F17: =_xlfn.XLOOKUP(C17,'ETF_2026-06-10'!I$1:I$171,'ETF_2026-06-10'!A$1:A$171) -> HODL
A18: 2026-06-10_15-53-43 | B18: 61942.737 | C18: 61937.022 | D18: =C18-B18 -> -5.715067 | E18: =_xlfn.XLOOKUP(B18,'ETF_2026-06-10'!H$1:H$171,'ETF_2026-06-10'!A$1:A$171) -> BITB | F18: =_xlfn.XLOOKUP(C18,'ETF_2026-06-10'!I$1:I$171,'ETF_2026-06-10'!A$1:A$171) -> GBTC
D19: =SUM(D2:D18) -> -82.923397
