Workbook

Sheet ETF_2026-06-23
A1: my_fi_name | B1: price_screen_bid | C1: price_screen_ask | D1: time | E1: scalar | F1: adj | G1: adj scalar | H1: unit bid | I1: unit ask
A2: ARKB | B2: 20.68 | C2: 20.69 | D2: 2026-06-23_09-50-20 | E2: 3014.9661 | F2: =Sheet1!L3 -> 0 | G2: =E2+F2 -> 3014.9661 | H2: =B2*G2 -> 62349.499 | I2: =C2*G2 -> 62379.649
A3: BITB | B3: 33.85 | C3: 33.86 | D3: 2026-06-23_09-50-20 | E3: 1842.1306 | F3: =Sheet1!L4 -> 0 | G3: =E3+F3 -> 1842.1306 | H3: =B3*G3 -> 62356.121 | I3: =C3*G3 -> 62374.542
A4: BRRR | B4: 17.58 | C4: 17.59 | D4: 2026-06-23_09-50-20 | E4: 3546.6108 | F4: =Sheet1!L5 -> 0 | G4: =E4+F4 -> 3546.6108 | H4: =B4*G4 -> 62349.418 | I4: =C4*G4 -> 62384.884
A5: BTC | B5: 27.58 | C5: 27.58 | D5: 2026-06-23_09-50-20 | E5: 2261.3509 | F5: =Sheet1!L6 -> -0.1 | G5: =E5+F5 -> 2261.2509 | H5: =B5*G5 -> 62365.3 | I5: =C5*G5 -> 62365.3
A6: BTCW | B6: 65.83 | C6: 65.95 | D6: 2026-06-23_09-50-20 | E6: 946.1429 | F6: =Sheet1!L7 -> 0 | G6: =E6+F6 -> 946.1429 | H6: =B6*G6 -> 62284.587 | I6: =C6*G6 -> 62398.124
A7: EZBC | B7: 36.03 | C7: 36.04 | D7: 2026-06-23_09-50-20 | E7: 1730.2368 | F7: =Sheet1!L8 -> 0 | G7: =E7+F7 -> 1730.2368 | H7: =B7*G7 -> 62340.432 | I7: =C7*G7 -> 62357.734
A8: FBTC | B8: 54.27 | C8: 54.28 | D8: 2026-06-23_09-50-20 | E8: 1148.8611 | F8: =Sheet1!L9 -> 0 | G8: =E8+F8 -> 1148.8611 | H8: =B8*G8 -> 62348.692 | I8: =C8*G8 -> 62360.181
A9: GBTC | B9: 48.37 | C9: 48.38 | D9: 2026-06-23_09-50-20 | E9: 1289.1145 | F9: =Sheet1!L10 -> 0.05 | G9: =E9+F9 -> 1289.1645 | H9: =B9*G9 -> 62356.887 | I9: =C9*G9 -> 62369.779
A10: HODL | B10: 17.63 | C10: 17.64 | D10: 2026-06-23_09-50-20 | E10: 3535.8029 | F10: =Sheet1!L11 -> 0 | G10: =E10+F10 -> 3535.8029 | H10: =B10*G10 -> 62336.205 | I10: =C10*G10 -> 62371.563
A11: IBIT | B11: 35.31 | C11: 35.32 | D11: 2026-06-23_09-50-20 | E11: 1765.0714 | F11: =Sheet1!L12 -> 0 | G11: =E11+F11 -> 1765.0714 | H11: =B11*G11 -> 62324.671 | I11: =C11*G11 -> 62342.322
A12: ARKB | B12: 20.7 | C12: 20.71 | D12: 2026-06-23_10-05-20 | E12: =E2 -> 3014.9661 | F12: =F2 -> 0 | G12: =E12+F12 -> 3014.9661 | H12: =B12*G12 -> 62409.798 | I12: =C12*G12 -> 62439.948
A13: BITB | B13: 33.89 | C13: 33.9 | D13: 2026-06-23_10-05-20 | E13: =E3 -> 1842.1306 | F13: =F3 -> 0 | G13: =E13+F13 -> 1842.1306 | H13: =B13*G13 -> 62429.806 | I13: =C13*G13 -> 62448.227
A14: BRRR | B14: 17.6 | C14: 17.61 | D14: 2026-06-23_10-05-20 | E14: =E4 -> 3546.6108 | F14: =F4 -> 0 | G14: =E14+F14 -> 3546.6108 | H14: =B14*G14 -> 62420.35 | I14: =C14*G14 -> 62455.816
A15: BTC | B15: 27.61 | C15: 27.62 | D15: 2026-06-23_10-05-20 | E15: =E5 -> 2261.3509 | F15: =F5 -> -0.1 | G15: =E15+F15 -> 2261.2509 | H15: =B15*G15 -> 62433.137 | I15: =C15*G15 -> 62455.75
A16: BTCW | B16: 65.95 | C16: 66.06 | D16: 2026-06-23_10-05-20 | E16: =E6 -> 946.1429 | F16: =F6 -> 0 | G16: =E16+F16 -> 946.1429 | H16: =B16*G16 -> 62398.124 | I16: =C16*G16 -> 62502.2
A17: EZBC | B17: 36.06 | C17: 36.09 | D17: 2026-06-23_10-05-20 | E17: =E7 -> 1730.2368 | F17: =F7 -> 0 | G17: =E17+F17 -> 1730.2368 | H17: =B17*G17 -> 62392.339 | I17: =C17*G17 -> 62444.246
A18: FBTC | B18: 54.33 | C18: 54.34 | D18: 2026-06-23_10-05-20 | E18: =E8 -> 1148.8611 | F18: =F8 -> 0 | G18: =E18+F18 -> 1148.8611 | H18: =B18*G18 -> 62417.624 | I18: =C18*G18 -> 62429.112
A19: GBTC | B19: 48.43 | C19: 48.44 | D19: 2026-06-23_10-05-20 | E19: =E9 -> 1289.1145 | F19: =F9 -> 0.05 | G19: =E19+F19 -> 1289.1645 | H19: =B19*G19 -> 62434.237 | I19: =C19*G19 -> 62447.128
A20: HODL | B20: 17.65 | C20: 17.66 | D20: 2026-06-23_10-05-20 | E20: =E10 -> 3535.8029 | F20: =F10 -> 0 | G20: =E20+F20 -> 3535.8029 | H20: =B20*G20 -> 62406.921 | I20: =C20*G20 -> 62442.279
A21: IBIT | B21: 35.36 | C21: 35.37 | D21: 2026-06-23_10-05-20 | E21: =E11 -> 1765.0714 | F21: =F11 -> 0 | G21: =E21+F21 -> 1765.0714 | H21: =B21*G21 -> 62412.925 | I21: =C21*G21 -> 62430.575
A22: ARKB | B22: 20.73 | C22: 20.74 | D22: 2026-06-23_10-22-51 | E22: =E12 -> 3014.9661 | F22: =F12 -> 0 | G22: =E22+F22 -> 3014.9661 | H22: =B22*G22 -> 62500.247 | I22: =C22*G22 -> 62530.397
A23: BITB | B23: 33.94 | C23: 33.95 | D23: 2026-06-23_10-22-51 | E23: =E13 -> 1842.1306 | F23: =F13 -> 0 | G23: =E23+F23 -> 1842.1306 | H23: =B23*G23 -> 62521.913 | I23: =C23*G23 -> 62540.334
... A251: IBIT | B251: 35.24 | C251: 35.25 | D251: 2026-06-23_15-52-51 | E251: =E241 -> 1765.0714 | F251: =F241 -> 0 | G251: =E251+F251 -> 1765.0714 | H251: =B251*G251 -> 62201.116 | I251: =C251*G251 -> 62218.767

Sheet Sheet1
A1: Row Labels | B1: Max of unit bid | C1: Min of unit ask | D1: net | E1: bid name | F1: ask name
A2: 2026-06-23_09-50-20 | B2: 62365.3 | C2: 62342.322 | D2: =B2-C2 -> 22.977974 | E2: =_xlfn.XLOOKUP(B2,Table1[unit bid],Table1[my_fi_name]) -> BTC | F2: =_xlfn.XLOOKUP(C2,Table1[unit ask],Table1[my_fi_name]) -> IBIT | I2: hit bid | J2: lift ask | K2: net | L2: diff | M2: price | N2: $ diff
A3: 2026-06-23_10-05-20 | B3: 62434.237 | C3: 62429.112 | D3: =B3-C3 -> 5.124561 | E3: =_xlfn.XLOOKUP(B3,Table1[unit bid],Table1[my_fi_name]) -> GBTC | F3: =_xlfn.XLOOKUP(C3,Table1[unit ask],Table1[my_fi_name]) -> FBTC | H3: ARKB | I3: =COUNTIF(E:E,H3) -> 0 | J3: =COUNTIF(F:F,H3) -> 0 | K3: =I3-J3 -> 0 | M3: ='ETF_2026-06-23'!C2 -> 20.69 | N3: =L3*M3 -> 0 | O3: =N3/C3 -> 0
A4: 2026-06-23_10-22-51 | B4: 62526.748 | C4: 62518.829 | D4: =B4-C4 -> 7.919416 | E4: =_xlfn.XLOOKUP(B4,Table1[unit bid],Table1[my_fi_name]) -> BRRR | F4: =_xlfn.XLOOKUP(C4,Table1[unit ask],Table1[my_fi_name]) -> IBIT | H4: BITB | I4: =COUNTIF(E:E,H4) -> 4 | J4: =COUNTIF(F:F,H4) -> 0 | K4: =I4-J4 -> 4 | M4: ='ETF_2026-06-23'!C3 -> 33.86 | N4: =L4*M4 -> 0 | O4: =N4/C4 -> 0
A5: 2026-06-23_10-37-51 | B5: 62666.286 | C5: 62642.384 | D5: =B5-C5 -> 23.902359 | E5: =_xlfn.XLOOKUP(B5,Table1[unit bid],Table1[my_fi_name]) -> GBTC | F5: =_xlfn.XLOOKUP(C5,Table1[unit ask],Table1[my_fi_name]) -> IBIT | H5: BRRR | I5: =COUNTIF(E:E,H5) -> 2 | J5: =COUNTIF(F:F,H5) -> 0 | K5: =I5-J5 -> 2 | M5: ='ETF_2026-06-23'!C4 -> 17.59 | N5: =L5*M5 -> 0 | O5: =N5/C5 -> 0
A6: 2026-06-23_10-52-51 | B6: 62472.912 | C6: 62463.578 | D6: =B6-C6 -> 9.333663 | E6: =_xlfn.XLOOKUP(B6,Table1[unit bid],Table1[my_fi_name]) -> GBTC | F6: =_xlfn.XLOOKUP(C6,Table1[unit ask],Table1[my_fi_name]) -> FBTC | H6: BTC | I6: =COUNTIF(E:E,H6) -> 1 | J6: =COUNTIF(F:F,H6) -> 0 | K6: =I6-J6 -> 1 | L6: -0.1 | M6: ='ETF_2026-06-23'!C5 -> 27.58 | N6: =L6*M6 -> -2.758 | O6: =N6/C6 -> -4.4153731e-05
A7: 2026-06-23_11-07-51 | B7: 62337.7 | C7: 62324.671 | D7: =B7-C7 -> 13.02837 | E7: =_xlfn.XLOOKUP(B7,Table1[unit bid],Table1[my_fi_name]) -> BITB | F7: =_xlfn.XLOOKUP(C7,Table1[unit ask],Table1[my_fi_name]) -> IBIT | H7: BTCW | I7: =COUNTIF(E:E,H7) -> 0 | J7: =COUNTIF(F:F,H7) -> 0 | K7: =I7-J7 -> 0 | M7: ='ETF_2026-06-23'!C6 -> 65.95 | N7: =L7*M7 -> 0 | O7: =N7/C7 -> 0
A8: 2026-06-23_11-22-51 | B8: 62190.329 | C8: 62183.465 | D8: =B8-C8 -> 6.863634 | E8: =_xlfn.XLOOKUP(B8,Table1[unit bid],Table1[my_fi_name]) -> BITB | F8: =_xlfn.XLOOKUP(C8,Table1[unit ask],Table1[my_fi_name]) -> IBIT | H8: EZBC | I8: =COUNTIF(E:E,H8) -> 0 | J8: =COUNTIF(F:F,H8) -> 0 | K8: =I8-J8 -> 0 | M8: ='ETF_2026-06-23'!C7 -> 36.04 | N8: =L8*M8 -> 0 | O8: =N8/C8 -> 0
A9: 2026-06-23_11-37-51 | B9: 62305.32 | C9: 62289.37 | D9: =B9-C9 -> 15.950579 | E9: =_xlfn.XLOOKUP(B9,Table1[unit bid],Table1[my_fi_name]) -> GBTC | F9: =_xlfn.XLOOKUP(C9,Table1[unit ask],Table1[my_fi_name]) -> IBIT | H9: FBTC | I9: =COUNTIF(E:E,H9) -> 0 | J9: =COUNTIF(F:F,H9) -> 4 | K9: =I9-J9 -> -4 | M9: ='ETF_2026-06-23'!C8 -> 54.28 | N9: =L9*M9 -> 0 | O9: =N9/C9 -> 0
A10: 2026-06-23_11-52-51 | B10: 62245.593 | C10: 62233.806 | D10: =B10-C10 -> 11.787187 | E10: =_xlfn.XLOOKUP(B10,Table1[unit bid],Table1[my_fi_name]) -> BITB | F10: =_xlfn.XLOOKUP(C10,Table1[unit ask],Table1[my_fi_name]) -> FBTC | H10: GBTC | I10: =COUNTIF(E:E,H10) -> 18 | J10: =COUNTIF(F:F,H10) -> 0 | K10: =I10-J10 -> 18 | L10: 0.05 | M10: ='ETF_2026-06-23'!C9 -> 48.38 | N10: =L10*M10 -> 2.419 | O10: =N10/C10 -> 3.886955e-05
A11: 2026-06-23_12-07-51 | B11: 62633.147 | C11: 62607.083 | D11: =B11-C11 -> 26.06417 | E11: =_xlfn.XLOOKUP(B11,Table1[unit bid],Table1[my_fi_name]) -> BRRR | F11: =_xlfn.XLOOKUP(C11,Table1[unit ask],Table1[my_fi_name]) -> IBIT | H11: HODL | I11: =COUNTIF(E:E,H11) -> 0 | J11: =COUNTIF(F:F,H11) -> 0 | K11: =I11-J11 -> 0 | M11: ='ETF_2026-06-23'!C10 -> 17.64 | N11: =L11*M11 -> 0 | O11: =N11/C11 -> 0
A12: 2026-06-23_12-22-51 | B12: 62511.587 | C12: 62483.528 | D12: =B12-C12 -> 28.059045 | E12: =_xlfn.XLOOKUP(B12,Table1[unit bid],Table1[my_fi_name]) -> GBTC | F12: =_xlfn.XLOOKUP(C12,Table1[unit ask],Table1[my_fi_name]) -> IBIT | H12: IBIT | I12: =COUNTIF(E:E,H12) -> 0 | J12: =COUNTIF(F:F,H12) -> 21 | K12: =I12-J12 -> -21 | M12: ='ETF_2026-06-23'!C11 -> 35.32 | N12: =L12*M12 -> 0 | O12: =N12/C12 -> 0
A13: 2026-06-23_12-37-51 | B13: 62524.478 | C13: 62501.178 | D13: =B13-C13 -> 23.299976 | E13: =_xlfn.XLOOKUP(B13,Table1[unit bid],Table1[my_fi_name]) -> GBTC | F13: =_xlfn.XLOOKUP(C13,Table1[unit ask],Table1[my_fi_name]) -> IBIT | I13: =SUM(I3:I12) -> 25 | J13: =SUM(J3:J12) -> 25 | K13: =SUM(K3:K12) -> 0
A14: 2026-06-23_12-52-51 | B14: 62448.227 | C14: 62430.575 | D14: =B14-C14 -> 17.651922 | E14: =_xlfn.XLOOKUP(B14,Table1[unit bid],Table1[my_fi_name]) -> BITB | F14: =_xlfn.XLOOKUP(C14,Table1[unit ask],Table1[my_fi_name]) -> IBIT
A15: 2026-06-23_13-07-51 | B15: 62369.779 | C15: 62359.973 | D15: =B15-C15 -> 9.805948 | E15: =_xlfn.XLOOKUP(B15,Table1[unit bid],Table1[my_fi_name]) -> GBTC | F15: =_xlfn.XLOOKUP(C15,Table1[unit ask],Table1[my_fi_name]) -> IBIT
A16: 2026-06-23_13-22-51 | B16: 62511.587 | C16: 62501.178 | D16: =B16-C16 -> 10.408331 | E16: =_xlfn.XLOOKUP(B16,Table1[unit bid],Table1[my_fi_name]) -> GBTC | F16: =_xlfn.XLOOKUP(C16,Table1[unit ask],Table1[my_fi_name]) -> IBIT
A17: 2026-06-23_13-37-51 | B17: 62588.936 | C17: 62554.13 | D17: =B17-C17 -> 34.806059 | E17: =_xlfn.XLOOKUP(B17,Table1[unit bid],Table1[my_fi_name]) -> GBTC | F17: =_xlfn.XLOOKUP(C17,Table1[unit ask],Table1[my_fi_name]) -> IBIT
A18: 2026-06-23_13-52-51 | B18: 62408.453 | C18: 62394.646 | D18: =B18-C18 -> 13.807104 | E18: =_xlfn.XLOOKUP(B18,Table1[unit bid],Table1[my_fi_name]) -> GBTC | F18: =_xlfn.XLOOKUP(C18,Table1[unit ask],Table1[my_fi_name]) -> FBTC
A19: 2026-06-23_14-07-51 | B19: 62215.079 | C19: 62183.465 | D19: =B19-C19 -> 31.613348 | E19: =_xlfn.XLOOKUP(B19,Table1[unit bid],Table1[my_fi_name]) -> GBTC | F19: =_xlfn.XLOOKUP(C19,Table1[unit ask],Table1[my_fi_name]) -> IBIT
A20: 2026-06-23_14-22-51 | B20: 62305.32 | C20: 62271.719 | D20: =B20-C20 -> 33.601293 | E20: =_xlfn.XLOOKUP(B20,Table1[unit bid],Table1[my_fi_name]) -> GBTC | F20: =_xlfn.XLOOKUP(C20,Table1[unit ask],Table1[my_fi_name]) -> IBIT
A21: 2026-06-23_14-37-51 | B21: 62240.862 | C21: 62218.767 | D21: =B21-C21 -> 22.09521 | E21: =_xlfn.XLOOKUP(B21,Table1[unit bid],Table1[my_fi_name]) -> GBTC | F21: =_xlfn.XLOOKUP(C21,Table1[unit ask],Table1[my_fi_name]) -> IBIT
A22: 2026-06-23_14-52-51 | B22: 62240.862 | C22: 62218.767 | D22: =B22-C22 -> 22.09521 | E22: =_xlfn.XLOOKUP(B22,Table1[unit bid],Table1[my_fi_name]) -> GBTC | F22: =_xlfn.XLOOKUP(C22,Table1[unit ask],Table1[my_fi_name]) -> IBIT
A23: 2026-06-23_15-07-51 | B23: 62240.862 | C23: 62218.767 | D23: =B23-C23 -> 22.09521 | E23: =_xlfn.XLOOKUP(B23,Table1[unit bid],Table1[my_fi_name]) -> GBTC | F23: =_xlfn.XLOOKUP(C23,Table1[unit ask],Table1[my_fi_name]) -> IBIT
A24: 2026-06-23_15-22-51 | B24: 62240.862 | C24: 62218.767 | D24: =B24-C24 -> 22.09521 | E24: =_xlfn.XLOOKUP(B24,Table1[unit bid],Table1[my_fi_name]) -> GBTC | F24: =_xlfn.XLOOKUP(C24,Table1[unit ask],Table1[my_fi_name]) -> IBIT
A25: 2026-06-23_15-37-51 | B25: 62240.862 | C25: 62218.767 | D25: =B25-C25 -> 22.09521 | E25: =_xlfn.XLOOKUP(B25,Table1[unit bid],Table1[my_fi_name]) -> GBTC | F25: =_xlfn.XLOOKUP(C25,Table1[unit ask],Table1[my_fi_name]) -> IBIT
A26: 2026-06-23_15-52-51 | B26: 62240.862 | C26: 62218.767 | D26: =B26-C26 -> 22.09521 | E26: =_xlfn.XLOOKUP(B26,Table1[unit bid],Table1[my_fi_name]) -> GBTC | F26: =_xlfn.XLOOKUP(C26,Table1[unit ask],Table1[my_fi_name]) -> IBIT
D27: =B27-C27 -> 0 | E27: =_xlfn.XLOOKUP(B27,Table1[unit bid],Table1[my_fi_name]) -> #N/A | F27: =_xlfn.XLOOKUP(C27,Table1[unit ask],Table1[my_fi_name]) -> #N/A
D28: =B28-C28 -> 0 | E28: =_xlfn.XLOOKUP(B28,Table1[unit bid],Table1[my_fi_name]) -> #N/A | F28: =_xlfn.XLOOKUP(C28,Table1[unit ask],Table1[my_fi_name]) -> #N/A
D29: =SUM(D2:D28) -> 478.5762
